Time of Day,Temperature,Humidity,CO2_InfraredSensor,CO2_ElectroChemicalSensor,MetalOxideSensor_Unit1,MetalOxideSensor_Unit2,MetalOxideSensor_Unit3,MetalOxideSensor_Unit4,CO_GasSensor,Session ID,HVAC Operation Mode,Ambient Light Level,Activity Level
1,19.6,53.8,125.5,571.1,478.6,735.9,654.6,565.1,2.0,7241,5,1.0,1
1,29.28,53.7,126.3,575.8,492.0,740.3,655.7,557.1,1.0,7241,6,4.0,1
1,19.6,54.2,126.6,585.5,505.6,737.1,650.0,558.1,1.0,7241,2,4.0,1
1,20.1,50.5,113.5,597.4,515.1,744.0,676.2,600.2,1.0,7241,2,5.0,3
1,19.9,48.4,92.8,613.7,535.7,770.3,720.3,625.7,1.0,7241,3,3.0,1
2,19.8,47.7,79.5,616.3,557.9,779.3,738.9,664.9,1.0,7241,6,5.0,1
4,20.0,48.4,118.3,582.6,474.8,736.9,694.9,628.9,1.0,6431,3,4.0,1
4,19.3,52.7,136.3,574.1,474.9,721.4,680.5,622.3,1.0,7963,4,4.0,2
2,29.260000000000005,47.9,74.1,624.6,564.7,798.3,753.5,674.3,0.0,7241,4,5.0,1
2,19.2,49.5,78.8,619.2,579.9,781.6,752.1,676.7,0.0,7241,1,4.0,2
2,19.7,48.7,80.2,616.0,575.5,780.1,732.3,667.9,0.0,7241,2,4.0,2
1,17.8,51.2,116.6,590.7,456.4,733.1571428571427,691.3,609.6,1.0,3418,6,4.0,2
2,19.5,49.9,85.3,612.4,544.5,766.1,717.7,636.1,0.0,7241,2,5.0,2
2,19.7,50.0,81.2,613.3,548.4,769.6,709.2,629.2,0.0,7241,5,2.0,2
2,19.3,51.6,86.1,618.6,538.6,770.2,709.5,622.5,0.0,7241,1,2.0,2
2,19.7,50.6,91.7,619.3,527.9,761.4,703.7,618.4,0.0,7241,3,4.0,3
1,18.7,52.3,113.2,573.4,433.4,708.9,667.3,592.1,3.0,5172,3,4.0,1
2,19.6,51.2,91.2,611.6,537.7,751.7,709.8,621.5,1.0,7241,4,5.0,2
2,19.6,51.6,89.7,614.7,544.9,762.2,696.2,611.7,1.0,7241,1,2.0,1
2,20.0,51.0,86.2,618.5,524.7,751.8,694.9,609.1,1.0,7241,2,3.0,1
2,19.6,51.9,88.9,617.5,538.8,752.7,705.4,616.0,1.0,7241,2,4.0,2
2,29.260000000000005,52.0,84.6,617.3,534.9,767.2,717.8,617.5,1.0,7241,2,5.0,2
4,18.3,50.8,125.7,580.6,480.8,752.3,706.6,642.2,1.0,6431,3,3.0,1
1,29.22,50.1,79.6,614.2,517.4,762.8,549.3,667.0,0.0,3856,6,5.0,2
2,29.5,51.3,115.2,571.4,499.9,714.342857142857,802.6,575.4,2.0,4761,6,5.0,1
2,17.9,44.6,88.6,599.8,531.0,738.9,683.9,604.8,0.0,3418,4,4.0,3
1,18.0,54.8,103.5,598.5,517.8,757.4,728.8,663.5,1.0,9658,5,5.0,2
4,20.7,47.5,113.8,577.9,452.1,725.8,689.1,616.1,2.0,6431,5,5.0,3
1,19.6,56.2,137.5,556.5,431.3,692.2,649.0,572.4,2.0,6528,1,2.0,3
2,19.8,50.4,82.0,620.5,430.6,767.1,716.5,651.7,1.0,7241,5,3.0,3
3,24.0,48.4,128.7,539.6,386.8,625.9142857142857,543.9,477.9,4.0,7058,4,4.0,1
2,20.5,49.3,72.2,622.3,383.9,761.7,718.5,635.7,1.0,7241,2,5.0,2
2,20.1,49.1,78.4,629.9,365.9,769.8,722.7,632.2,2.0,7241,4,5.0,2
2,20.5,48.7,86.7,621.5,365.9,757.1,719.1,642.8,1.0,7241,1,4.0,3
2,20.2,49.8,82.7,614.7,344.9,758.4,706.4,620.2,1.0,7241,1,3.0,2
2,29.380000000000003,49.1,74.4,620.2,399.0,753.9,705.8,624.9,1.0,7241,2,4.0,3
2,29.510000000000005,47.2,78.7,565.7,520.5,761.7,713.6,661.2,0.0,4703,3,3.0,2
2,20.4,50.1,83.2,619.5,386.9,757.2,711.7,631.0,1.0,7241,1,2.0,3
2,20.6,49.8,80.4,617.5,411.6,756.0,701.6,617.5,1.0,7241,5,5.0,3
3,24.2,50.8,142.1,555.8,426.2,659.5,584.7,511.8,3.0,1903,3,4.0,1
2,20.2,51.2,93.5,605.9,359.6,746.0,694.9,616.7,1.0,7241,5,5.0,1
3,22.5,55.3,133.2,561.2,404.1,687.9,621.5,553.3,2.0,4761,4,2.0,1
2,23.0,51.1,116.8,532.7,402.2,691.2285714285714,615.6,534.4,4.0,4703,1,4.0,1
2,20.1,51.8,91.1,622.1,400.6,747.9,705.7,627.3,1.0,7241,5,1.0,1
4,20.5,52.8,104.6,550.0,488.9,735.8,674.2,606.5,1.0,4703,3,4.0,1
4,21.9,49.8,15.7,602.4,445.0,715.7,675.3,593.2,1.0,9127,1,4.0,2
1,33.0,51.7,105.6,596.5,486.4,747.0,712.4,628.5,1.0,8374,1,3.0,3
2,19.7,52.8,90.3,615.9,402.7,755.0,693.8,626.5,1.0,7241,4,2.0,2
2,19.7,53.0,88.6,618.0,393.8,752.9,692.0,616.0,1.0,7241,1,4.0,2
1,17.1,43.9,97.6,595.8,390.7,762.3,713.8,606.3,1.0,3418,6,3.0,2
2,19.2,54.2,85.5,614.9,397.6,743.0,704.3,630.2,1.0,7241,2,1.0,3
2,19.2,54.3,82.7,617.7,431.6,753.5,704.7,638.3,1.0,7241,3,5.0,2
2,20.2,52.4,92.2,611.8,470.9,744.3714285714286,696.0,625.6,1.0,7241,3,4.0,1
2,20.9,51.1,87.7,613.6,466.7,739.9,691.8,631.1,1.0,7241,3,2.0,1
2,21.6,50.3,85.4,617.1,470.0,747.2,557.8,603.9,1.0,7241,3,5.0,1
3,19.9,50.5,113.2,581.3,432.1,709.4,669.5,595.5,2.0,6431,4,4.0,1
2,21.1,52.7,96.6,610.2,487.6,742.8,699.0,604.7,1.0,7241,6,2.0,2
2,21.6,51.8,97.8,614.0,478.0,745.2,699.8,621.3,1.0,7241,6,5.0,2
2,21.8,51.6,95.4,610.4,477.1,746.5,689.9,610.5,1.0,7241,3,4.0,2
3,20.0,52.6,100.3,581.9,462.3,725.2,690.5,625.5,1.0,6528,2,4.0,2
4,20.6,53.6,112.1,594.2,455.6,731.8,697.4,592.7,1.0,5693,2,2.0,1
1,17.9,43.8,72.3,621.4,542.3,792.7,759.7,696.5,0.0,2105,4,3.0,1
3,22.2,51.9,96.8,603.2,473.5,737.9,684.8,608.7,1.0,7241,1,3.0,3
2,18.7,52.6,122.8,592.6,459.4,748.5,698.5,627.1,1.0,4129,1,4.0,2
3,8.5,51.8,104.2,609.7,473.9,734.2428571428571,676.3,608.4,1.0,7241,3,4.0,1
1,19.8,58.7,210.9,550.0,497.9,694.8714285714286,600.8,541.4,2.0,8936,3,4.0,1
3,22.7,51.4,101.3,606.7,482.0,738.4,682.6,607.4,1.0,7241,3,4.0,1
4,19.4,52.7,123.3,591.8,442.0,742.5,840.9,612.5,1.0,6847,1,5.0,2
3,22.9,51.2,104.3,604.9,467.7,728.7,678.7,604.9,1.0,7241,1,3.0,1
3,23.1,51.0,103.6,605.8,475.1,738.1,682.3,603.8,1.0,7241,3,3.0,3
1,19.4,47.7,75.0,628.9,522.4,780.1,736.0,678.6,1.0,3856,1,4.0,2
3,23.7,49.7,108.2,613.0,454.8,732.6714285714286,690.5,615.6,1.0,7241,4,5.0,2
4,12.2,47.3,111.8,577.6,444.2,723.0,696.6,611.2,2.0,6431,3,5.0,1
3,29.700000000000003,49.9,107.1,600.8,433.6,742.4,677.3,613.4,1.0,7241,5,3.0,3
2,18.7,52.9,77.6,619.4,528.5,778.2,735.9,667.5,1.0,3856,2,4.0,2
4,19.9,52.6,112.7,557.0,481.9,716.9,678.5,589.6,1.0,2847,1,5.0,1
3,24.2,49.1,103.7,604.3,464.3,733.9,683.2,604.2,1.0,7241,4,5.0,2
3,24.1,49.2,102.8,602.4,464.5,733.8,682.0,615.1,1.0,7241,5,3.0,1
3,24.1,49.1,104.2,604.6,467.3,728.3,683.1,595.0,2.0,7241,6,2.0,1
1,19.4,57.4,116.6,598.1,474.2,734.2285714285715,680.2,612.0,2.0,7241,3,5.0,1
3,24.5,47.6,103.9,602.0,477.6,729.0,678.9,614.4,1.0,7241,4,3.0,2
1,15.5,42.2,205.5,605.2,582.4,787.2,754.1,704.6,1.0,8052,1,3.0,1
3,24.8,46.9,104.0,597.9,473.6,737.5,673.5,598.4,1.0,7241,6,4.0,2
2,19.4,53.2,88.9,572.1,501.4,742.0,457.8,633.4,1.0,9385,1,5.0,1
3,24.9,46.6,107.4,600.0,447.3,728.4,516.2,590.0,2.0,7241,1,4.0,3
3,29.730000000000004,48.3,110.6,605.1,437.1,727.9,671.7,602.4,2.0,7241,2,4.0,2
3,23.9,49.0,127.4,589.9,440.9,723.6142857142856,674.3,602.4,2.0,7241,4,4.0,1
3,29.79,48.5,120.2,599.2,407.0,719.7,655.3,570.9,2.0,7241,6,1.0,1
3,29.630000000000003,52.1,138.5,593.4,461.1,732.6,682.2,594.0,2.0,7241,2,5.0,1
2,16.3,48.3,72.7,605.7,577.6,775.8,742.2,689.6,1.0,6431,6,5.0,1
3,24.9,48.2,116.5,595.1,428.1,720.5,662.7,578.5,2.0,7241,4,2.0,1
3,24.9,48.0,118.1,601.1,417.8,717.5999999999998,661.1,588.6,2.0,7241,4,4.0,1
4,21.0,57.8,120.2,546.4,478.8,713.2,670.9,597.2,1.0,5214,3,4.0,1
3,24.9,48.3,130.2,594.8,365.1,706.2,870.0,570.5,3.0,7241,4,4.0,1
2,18.4,53.4,103.1,566.4,480.6,709.7,632.4,565.4,1.0,7058,4,5.0,1
3,24.6,48.6,123.5,601.1,407.9,709.4,662.9,576.8,3.0,7241,4,4.0,1
3,29.760000000000005,49.2,118.7,595.1,402.2,713.9,667.3,579.5,3.0,7241,6,2.0,1
3,24.0,50.5,142.7,546.7,435.3,697.2,645.9,594.2,1.0,9385,5,3.0,1
1,17.4,42.6,89.4,595.4,518.2,763.8,726.0,668.4,1.0,8052,4,3.0,2
3,29.680000000000003,50.6,117.8,601.5,430.2,717.4,658.7,562.1,3.0,7241,1,2.0,1
3,29.62,51.9,113.9,596.7,397.6,718.6,487.3,576.6,2.0,7241,5,4.0,1
4,17.8,52.6,123.4,596.5,493.6,752.4,830.9,648.7,0.0,5820,1,5.0,2
3,23.1,52.2,110.3,560.6,447.6,654.2,560.9,503.6,3.0,1903,4,4.0,1
3,22.4,53.0,116.5,599.1,410.2,722.4,867.0,589.7,3.0,7241,2,3.0,1
3,22.4,53.2,119.1,593.9,415.9,719.3,665.4,585.1,3.0,7241,2,4.0,1
3,30.1,52.7,118.2,599.7,421.3,711.9,652.7,591.1,3.0,7241,2,5.0,1
3,19.7,50.0,123.3,593.0,483.4,706.8,658.9,554.7,1.0,6847,5,5.0,2
3,22.2,53.2,123.4,593.9,429.4,720.3,659.3,601.8,3.0,7241,2,4.0,1
4,12.6,52.8,115.6,550.9,471.9,697.0,636.7,571.4,1.0,6817,5,4.0,1
3,21.8,54.4,118.7,594.3,436.9,726.2,668.1,596.0,3.0,7241,6,3.0,1
3,21.8,54.6,108.5,595.1,433.8,720.9,676.1,583.7,3.0,7241,1,3.0,1
3,21.4,55.6,108.0,601.3,420.7,724.3,661.9,597.2,3.0,7241,2,5.0,1
3,21.3,55.6,109.9,597.0,442.1,730.2,867.3,599.0,3.0,7241,3,5.0,1
3,22.7,44.0,128.8,573.5,481.3,711.7,679.0,583.1,2.0,2679,2,3.0,1
3,21.2,55.8,107.4,602.5,436.8,724.1285714285714,668.5,601.1,3.0,7241,3,4.0,1
2,23.6,46.4,113.9,582.4,445.8,721.8000000000001,668.2,613.5,1.0,4507,3,4.0,3
1,18.6,53.7,120.5,592.7,453.4,747.8000000000001,698.5,636.8,1.0,6847,1,1.0,1
2,19.4,57.7,105.6,559.7,535.4,728.6,664.7,601.3,1.0,8936,1,5.0,1
4,19.9,49.2,116.3,597.4,443.8,741.7,693.7,614.9,1.0,2105,3,4.0,2
4,20.9,56.0,107.4,604.7,422.9,721.7,673.3,604.4,3.0,7241,3,4.0,1
4,20.8,55.9,105.5,606.6,439.8,727.0,667.4,614.2,3.0,7241,6,4.0,1
4,20.9,55.7,112.7,606.5,437.1,735.2,688.5,600.0,3.0,7241,5,5.0,1
4,20.9,55.5,112.7,598.9,426.9,726.2,677.0,601.7,3.0,7241,6,2.0,1
4,20.7,56.0,103.4,597.5,424.4,717.5,675.1,609.1,3.0,7241,3,4.0,1
3,22.7,50.6,123.7,557.0,457.0,705.3571428571428,645.8,573.9,2.0,7058,1,5.0,1
1,18.7,49.7,128.9,575.8,475.4,716.6,667.5,589.1,2.0,9184,6,5.0,1
4,21.4,52.4,121.6,571.9,380.2,684.7,645.8,549.1,2.0,7395,1,3.0,1
3,25.2,46.8,116.7,566.7,410.7,702.7,654.7,565.5,2.0,7395,6,5.0,1
4,20.6,56.2,111.2,598.7,438.4,732.1,675.0,598.6,3.0,7241,2,3.0,1
4,20.5,56.5,108.7,601.5,433.3,722.1,662.1,600.0,3.0,7241,5,4.0,1
4,20.4,56.6,111.0,600.1,434.7,731.3,674.7,598.3,3.0,7241,3,3.0,1
4,20.4,56.5,105.6,596.3,423.5,733.3,667.5,601.6,3.0,7241,2,1.0,1
4,20.7,58.2,119.1,546.6,472.5,715.4,675.0,601.0,1.0,8936,5,4.0,1
4,20.4,56.3,113.3,597.4,445.8,727.7,674.7,603.6,2.0,7241,5,5.0,1
2,20.7,50.7,105.9,582.9,458.7,738.1,691.3,628.7,1.0,4507,3,5.0,2
3,24.3,49.7,141.9,561.2,391.3,684.0,633.6,542.2,2.0,5172,3,4.0,1
1,17.7,44.9,99.2,603.3,446.5,758.0,723.6,660.0,0.0,3418,3,1.0,1
2,22.0,49.6,123.0,578.5,462.7,714.4,666.4,601.5,2.0,9184,2,4.0,1
3,22.1,43.0,100.0,589.9,503.5,736.1,694.5,610.2,1.0,8052,1,5.0,2
4,20.3,55.7,141.1,555.0,397.3,710.9,665.6,579.4,2.0,8649,1,4.0,1
4,29.35,56.4,111.1,595.0,441.9,723.3857142857144,667.8,600.4,3.0,7241,4,2.0,1
4,20.2,56.7,112.7,598.0,445.0,720.1,674.9,596.6,3.0,7241,3,1.0,1
4,20.1,57.0,198.6,590.3,448.6,719.4,479.7,585.5,1.0,7241,3,4.0,1
4,20.2,56.8,115.1,595.4,449.1,730.7,673.6,597.2,3.0,7241,6,5.0,1
3,22.6,44.8,128.4,578.0,484.1,709.2,673.5,603.2,2.0,2679,4,4.0,1
4,19.4,48.8,116.6,587.0,457.5,731.6,695.1,636.9,1.0,6431,2,5.0,3
4,20.2,56.7,107.0,597.0,445.3,727.4714285714286,675.8,590.1,3.0,7241,2,2.0,1
4,20.2,56.7,111.3,600.0,443.2,716.2,668.4,598.9,3.0,7241,5,5.0,2
4,20.1,56.7,106.2,597.5,453.1,724.7,686.4,601.8,3.0,7241,4,5.0,1
4,20.0,56.9,111.9,602.3,446.8,729.7,675.3,585.4,3.0,7241,3,4.0,1
4,20.1,56.7,109.9,600.0,440.9,725.8,678.0,601.0,3.0,7241,3,4.0,3
1,19.0,57.3,139.4,560.3,410.4,724.5,681.1,597.4,1.0,8649,2,4.0,3
4,20.1,56.6,109.3,598.1,441.4,723.5,505.0,603.8,3.0,7241,5,4.0,1
4,20.0,56.8,115.1,595.7,449.9,722.0,679.4,605.1,3.0,7241,1,1.0,3
4,20.1,56.6,234.4,598.2,453.6,731.3714285714285,677.4,609.5,3.0,7241,4,5.0,1
1,15.2,42.9,71.1,593.4,568.2,793.3,752.2,703.2,1.0,8052,5,4.0,2
4,19.8,56.9,116.3,599.2,427.5,726.3,674.8,595.0,3.0,7241,5,4.0,3
4,19.8,57.0,111.5,595.0,448.2,731.7,679.5,623.8,2.0,7241,2,5.0,1
3,23.1,51.8,128.3,564.6,415.0,681.0,517.0,532.4,2.0,3074,1,4.0,3
4,10.2,56.9,111.7,591.3,458.7,728.7,859.1,612.3,3.0,7241,3,4.0,1
4,19.9,56.9,110.5,598.6,462.1,729.6,683.9,611.8,3.0,7241,5,3.0,2
1,16.7,49.8,110.0,575.6,508.5,749.5,704.8,648.2,2.0,8052,5,4.0,2
1,19.8,51.4,80.9,616.1,484.7,758.8,710.3,651.1,1.0,3856,6,3.0,1
4,19.8,57.1,111.7,599.0,469.6,732.1,679.0,611.9,2.0,7241,5,5.0,3
2,19.6,46.9,84.6,592.7,443.0,725.3,675.2,604.3,1.0,6431,6,5.0,1
4,19.8,57.1,108.5,600.1,454.3,726.7,676.5,607.7,2.0,7241,6,4.0,2
4,19.9,56.8,116.8,598.8,460.0,730.2714285714286,680.7,613.3,2.0,7241,3,4.0,1
4,19.8,57.0,14.1,601.1,466.1,726.5,687.4,620.3,2.0,7241,3,5.0,2
4,19.8,57.1,119.5,596.4,449.8,728.4714285714286,688.1,601.1,2.0,7241,2,5.0,1
3,23.3,50.8,111.5,548.3,469.4,730.7,685.3,628.8,1.0,9241,3,5.0,2
4,19.7,57.2,114.5,598.1,447.3,724.3,678.4,598.9,2.0,7241,5,4.0,3
2,23.6,49.1,112.3,540.0,470.5,724.2,631.0,577.6,3.0,4703,6,3.0,1
4,19.7,57.2,116.8,598.2,464.0,728.7142857142857,691.5,595.3,2.0,7241,6,4.0,3
4,19.7,57.3,113.0,597.2,457.3,725.4,675.4,602.0,2.0,7241,2,4.0,2
4,20.0,52.8,9.2,588.7,416.1,727.6,676.6,598.5,1.0,6847,5,4.0,2
4,18.7,53.6,131.9,586.3,482.6,729.9,479.1,615.7,1.0,7963,2,5.0,1
4,17.8,52.7,121.6,588.7,490.1,747.6,717.9,660.8,0.0,5820,6,3.0,3
4,19.6,57.3,113.4,597.5,451.3,731.5,686.7,609.0,2.0,7241,1,5.0,3
4,19.6,57.3,120.2,596.1,461.8,731.2,676.6,619.8,2.0,7241,6,5.0,3
3,24.2,46.5,215.6,574.3,448.8,723.8,687.6,614.4,1.0,7395,1,4.0,3
2,24.0,53.4,115.9,549.9,482.2,691.0,648.3,584.8,1.0,8936,3,4.0,1
1,19.6,57.1,118.0,600.5,463.1,733.1,681.9,611.4,2.0,7241,2,4.0,3
1,19.6,57.0,112.8,595.5,454.8,733.0,684.5,607.3,2.0,7241,3,3.0,1
1,19.7,56.9,111.1,601.5,451.0,739.7,684.8,610.7,2.0,7241,3,3.0,2
2,23.4,51.4,111.0,549.1,480.8,707.3,671.5,592.5,1.0,7058,2,5.0,1
3,24.1,44.0,105.3,598.4,496.3,735.4,703.3,629.3,1.0,8374,5,3.0,2
1,27.5,56.6,119.1,593.1,458.3,738.4,481.8,626.8,2.0,7241,6,3.0,2
1,19.5,56.9,113.3,595.3,468.9,729.0,688.6,622.0,2.0,7241,3,3.0,2
4,20.2,55.4,141.2,575.1,443.1,707.6,660.1,596.4,1.0,4507,3,3.0,1
1,19.4,57.3,108.1,602.0,474.4,739.5,683.7,618.4,1.0,7241,1,5.0,2
3,23.2,50.0,102.2,570.9,449.7,707.5,659.8,596.2,2.0,6528,5,5.0,1
1,19.4,57.3,113.9,597.5,472.0,736.4285714285714,675.4,619.6,2.0,7241,1,4.0,1
1,19.5,56.8,119.5,598.5,480.0,734.5,680.4,626.0,1.0,7241,2,3.0,2
2,28.92,45.9,65.5,615.3,545.2,786.5,742.4,698.3,0.0,5820,2,2.0,2
1,19.4,57.0,113.5,605.9,460.3,734.9,688.6,612.0,2.0,7241,3,4.0,3
3,24.1,48.5,120.2,575.8,455.0,717.4,665.9,602.9,2.0,7395,2,3.0,3
1,19.4,56.9,112.5,600.1,472.7,744.4,694.6,618.8,2.0,7241,5,4.0,3
1,18.2,45.8,76.1,565.5,546.1,777.8,897.5,682.5,1.0,9241,1,4.0,2
3,23.5,43.2,88.7,603.7,496.3,747.5,702.3,630.5,1.0,5693,3,4.0,2
1,29.230000000000004,48.6,88.9,608.4,506.2,772.1,716.4,663.3,2.0,7241,3,4.0,2
1,19.0,48.2,93.7,612.1,515.1,768.0142857142857,732.9,670.9,2.0,7241,6,5.0,1
1,18.9,48.3,90.2,611.4,515.2,767.0428571428572,731.9,668.6,2.0,7241,6,5.0,2
1,9.7,48.1,81.9,613.0,546.0,768.8,745.7,664.9,2.0,3856,6,5.0,2
2,19.9,50.7,99.6,560.7,462.4,743.9,701.0,646.6,1.0,2847,1,3.0,1
4,29.28,57.4,116.1,592.9,461.1,725.2571428571428,673.0,597.7,2.0,7241,2,4.0,2
2,18.4,52.9,115.8,593.2,422.9,729.0,689.3,598.4,1.0,2105,4,4.0,1
1,18.5,48.5,76.1,619.0,551.2,791.8,745.1,688.0,2.0,3856,2,3.0,1
1,18.5,48.8,76.1,621.2,532.8,791.9,752.7,701.8,0.0,3856,6,5.0,2
4,18.5,53.8,132.4,580.7,484.8,745.7,458.4,616.3,1.0,7963,4,2.0,3
1,18.4,49.2,69.3,623.8,558.6,782.8,741.1,713.2,1.0,3856,5,5.0,1
1,18.3,49.2,78.9,621.0,557.1,784.2571428571428,745.8,705.0,1.0,3856,2,4.0,1
4,20.8,54.8,149.2,566.1,438.0,709.6,641.8,579.3,2.0,9184,3,3.0,1
2,19.0,51.5,100.8,565.9,491.4,748.3,715.5,655.0,1.0,2847,2,3.0,3
2,19.0,53.3,101.4,577.2,466.7,738.6,882.2,635.7,1.0,3074,6,3.0,2
1,16.5,50.5,102.1,596.1,495.8,708.2857142857141,635.1,565.4,0.0,5820,1,5.0,1
1,28.2,48.2,75.3,625.2,561.9,787.2,764.0,696.7,1.0,3856,6,2.0,1
1,18.0,48.2,65.1,630.1,567.8,786.6,765.7,713.1,1.0,3856,3,4.0,1
1,29.1,48.5,69.9,628.9,553.4,782.8,760.7,706.9,1.0,3856,4,5.0,2
1,18.0,48.2,72.7,624.8,537.5,782.0142857142857,749.0,687.3,1.0,3856,1,3.0,2
1,19.1,47.2,72.2,628.7,538.5,781.2,747.6,687.7,1.0,3856,5,3.0,1
1,19.4,47.7,75.0,628.9,522.4,780.1,736.0,678.6,1.0,3856,1,5.0,2
4,20.9,57.1,128.2,556.3,437.3,706.8,487.9,577.5,1.0,4761,1,4.0,1
1,19.2,48.9,81.1,616.9,530.4,776.0,734.2,679.0,1.0,3856,5,5.0,2
1,19.4,48.8,81.8,614.6,521.9,770.5,727.8,671.0,1.0,3856,6,4.0,2
1,19.3,55.0,77.2,585.7,539.6,748.8,711.7,622.3,1.0,6528,3,2.0,1
1,19.9,49.0,88.0,614.9,508.4,757.5,720.3,664.6,1.0,3856,2,5.0,1
3,23.3,45.3,127.3,578.2,440.5,722.0,671.7,613.5,2.0,6431,4,1.0,1
4,19.8,52.8,127.3,585.8,433.8,724.2,680.5,599.0,1.0,6847,3,4.0,2
1,19.9,49.8,93.2,613.7,501.8,759.6428571428572,719.6,657.4,1.0,3856,3,5.0,2
3,22.5,47.5,122.5,589.4,406.5,708.0,671.6,567.4,1.0,6847,4,5.0,1
2,21.2,47.0,109.2,581.6,439.3,712.4,669.7,608.2,2.0,6431,2,2.0,1
1,19.2,52.0,95.7,612.4,508.5,755.8,706.3,645.1,1.0,3856,6,4.0,1
1,20.3,49.8,218.6,609.2,508.9,746.4714285714286,711.5,643.1,1.0,3856,3,5.0,3
1,18.7,43.3,70.1,583.0,580.4,785.4,748.6,698.1,0.0,2847,6,5.0,2
1,19.8,51.3,85.5,618.1,487.7,757.5,705.1,657.0,1.0,3856,2,4.0,2
3,20.5,51.2,41.8,579.2,444.4,717.3,670.7,589.6,1.0,7963,3,1.0,1
1,20.0,51.3,91.1,608.9,497.1,751.6,709.6,638.5,1.0,3856,5,4.0,2
1,19.7,52.2,89.8,611.0,496.4,753.5,714.4,638.4,1.0,3856,5,4.0,2
3,21.8,46.6,138.7,569.7,450.8,713.9,667.1,586.9,2.0,2679,6,3.0,1
2,19.4,53.3,87.4,610.3,476.3,755.0,702.1,627.4,2.0,3856,5,5.0,1
2,29.310000000000002,52.2,90.3,612.1,488.5,746.7,709.5,637.3,2.0,3856,5,2.0,2
2,19.7,52.5,86.1,604.4,495.9,751.3,509.6,641.5,2.0,3856,6,4.0,3
2,29.24,53.3,93.0,614.9,520.1,754.4,718.2,646.6,0.0,3856,5,4.0,1
3,23.8,49.8,119.7,542.8,446.0,728.6,671.3,617.8,1.0,4703,1,1.0,1
2,18.8,53.2,30.4,621.9,539.5,757.3,733.3,656.7,1.0,3856,6,5.0,2
2,18.7,53.7,75.6,617.1,540.8,758.0,728.9,657.5,1.0,3856,1,5.0,2
2,19.0,53.3,79.0,614.8,503.0,761.4,717.7,624.5,1.0,3856,4,2.0,1
2,19.0,53.4,90.8,612.8,495.5,754.9,709.6,635.7,1.0,3856,5,3.0,1
2,18.8,54.3,94.7,608.4,460.2,745.8,700.8,634.1,2.0,3856,3,4.0,2
2,18.9,53.3,84.6,613.4,488.9,764.2,731.2,654.5,1.0,3856,3,5.0,1
2,18.8,52.9,70.4,614.9,506.7,761.5,724.8,680.3,1.0,3856,4,4.0,1
1,19.7,59.1,131.3,548.9,474.2,703.0,637.3,563.6,2.0,8936,3,4.0,1
2,18.7,52.6,72.9,627.3,548.9,775.7,730.5,687.5,1.0,3856,6,4.0,1
2,18.8,52.0,60.8,617.7,551.5,775.7,738.8,686.9,1.0,3856,2,4.0,2
2,18.7,52.2,71.3,627.9,566.7,778.8,737.8,686.6,1.0,3856,6,1.0,2
2,19.3,46.4,82.9,600.8,527.7,751.8,486.7,664.3,0.0,6431,1,4.0,1
4,21.2,53.6,123.9,536.1,457.3,652.3,581.8,522.1,4.0,7058,5,4.0,1
4,21.4,53.7,124.5,561.2,423.8,698.8,664.6,591.1,2.0,9385,1,4.0,1
1,16.0,45.3,70.1,617.2,607.7,796.1,766.4,718.2,0.0,1374,3,5.0,1
3,23.4,49.6,134.5,543.6,394.3,627.0571428571428,547.6,474.2,4.0,7058,6,4.0,1
2,20.6,50.9,82.0,609.4,528.0,761.3,717.9,651.5,1.0,3856,6,5.0,1
2,20.0,52.6,86.7,614.7,505.3,750.9,715.2,652.8,1.0,3856,3,3.0,1
3,23.9,51.1,167.2,547.1,423.2,704.6428571428571,658.9,590.1,1.0,9385,1,5.0,1
2,20.2,52.3,83.1,610.0,502.1,749.3,707.9,657.0,1.0,3856,4,5.0,2
2,20.7,51.4,85.5,611.3,512.6,761.7,710.2,658.3,1.0,3856,3,4.0,3
2,20.3,52.2,85.0,612.1,515.2,758.2,701.0,650.1,1.0,3856,4,4.0,2
2,20.6,55.0,128.0,552.3,433.8,689.4,623.4,565.8,2.0,7058,1,5.0,1
2,29.330000000000002,52.7,91.1,608.2,493.3,747.1,710.6,625.6,1.0,3856,2,3.0,3
2,20.4,52.5,94.8,599.9,505.9,744.0571428571428,704.0,640.6,1.0,3856,4,5.0,2
2,29.28,54.4,90.0,607.9,501.7,749.4,525.8,631.0,1.0,3856,3,3.0,1
2,18.0,52.7,101.7,594.1,474.6,741.4,700.2,644.1,1.0,9658,3,4.0,1
2,20.1,53.6,96.4,605.8,496.2,748.0142857142857,705.2,638.4,1.0,3856,1,4.0,3
2,20.0,53.7,99.7,608.1,495.0,740.7,711.2,637.7,1.0,3856,3,3.0,3
2,29.17,45.7,103.8,595.9,487.8,742.4,697.1,647.0,2.0,2679,2,3.0,2
2,18.9,42.8,63.8,618.4,521.5,783.9,742.9,682.0,0.0,2105,2,4.0,2
1,18.8,48.1,76.9,574.1,555.4,763.9,732.6,678.7,1.0,2847,1,3.0,2
2,19.2,52.0,76.9,615.6,534.8,762.1857142857142,726.5,656.4,1.0,3856,1,5.0,3
2,19.6,49.7,71.5,619.7,554.6,769.6,732.9,690.0,1.0,3856,1,2.0,2
4,20.0,45.5,115.0,586.1,446.7,716.3,664.9,607.0,3.0,8052,3,4.0,1
2,18.9,52.2,71.6,622.1,533.8,759.1428571428571,718.2,657.9,1.0,3856,1,5.0,1
2,18.7,53.0,76.2,620.5,531.2,756.8,712.2,654.7,1.0,3856,1,4.0,2
2,18.8,53.0,78.3,618.7,513.2,755.1,714.5,650.5,1.0,3856,3,3.0,2
2,18.9,53.2,76.6,617.6,519.6,764.2,715.2,648.0,1.0,3856,3,4.0,2
4,19.8,49.1,18.5,592.0,448.8,743.1,708.4,643.1,1.0,5820,1,4.0,2
2,21.0,49.4,83.2,614.3,506.8,750.5,711.4,640.2,1.0,3856,1,5.0,2
2,21.3,48.9,86.5,614.4,494.7,753.1,703.2,634.2,1.0,3856,1,1.0,1
2,18.3,53.6,79.4,595.9,533.0,755.4,719.3,658.8,1.0,5172,2,3.0,2
2,21.8,48.8,89.7,611.1,503.1,747.4,693.4,636.6,1.0,3856,1,4.0,3
2,29.53,48.3,216.4,606.8,496.0,742.5,705.7,623.7,1.0,3856,3,5.0,3
1,16.5,44.8,75.0,610.8,438.9,776.1,736.1,649.1,1.0,3418,6,5.0,1
2,22.4,48.6,91.0,607.6,501.4,744.9285714285714,689.7,628.2,1.0,3856,2,3.0,1
3,22.5,48.6,83.6,606.6,511.1,737.6,694.9,617.7,1.0,3856,1,5.0,3
3,22.7,48.6,90.5,606.5,490.2,741.1714285714287,690.5,629.2,1.0,3856,3,3.0,1
1,15.7,43.2,78.6,603.3,564.6,778.2,890.4,690.2,1.0,8052,6,3.0,2
3,24.5,49.2,110.9,594.6,450.7,701.6,670.6,579.0,1.0,9127,2,3.0,1
4,17.8,48.8,114.4,585.7,476.9,730.3,681.6,616.3,3.0,8052,6,5.0,3
4,20.6,47.8,108.7,591.5,372.4,701.5,631.8,536.8,2.0,3418,6,5.0,1
1,18.9,50.2,89.6,592.2,501.5,748.0428571428572,521.6,649.9,1.0,7395,5,4.0,2
4,21.3,57.5,117.5,543.3,459.5,713.6,668.8,612.6,1.0,5214,3,5.0,1
2,23.3,54.1,116.9,551.7,474.1,704.0,645.3,585.7,1.0,8936,2,4.0,1
3,23.9,47.2,93.6,604.3,495.2,741.5,684.9,611.6,1.0,3856,2,5.0,1
3,24.3,46.6,95.7,606.7,492.8,735.3,679.3,614.4,1.0,3856,1,4.0,3
3,24.3,46.8,28.0,597.7,493.8,730.2,688.2,609.1,1.0,3856,5,3.0,1
3,24.5,46.3,98.4,600.8,494.8,735.142857142857,681.4,606.4,1.0,3856,6,5.0,3
3,24.4,46.8,99.4,602.4,486.6,739.9,681.1,615.3,1.0,3856,3,3.0,2
3,24.6,46.4,87.2,607.1,489.1,740.0714285714286,689.1,610.4,1.0,3856,1,5.0,1
3,24.4,47.0,104.6,603.5,492.7,728.5,672.5,615.4,1.0,3856,5,5.0,2
3,24.3,47.1,106.7,601.4,488.5,733.3571428571429,680.9,613.3,1.0,3856,4,4.0,1
4,19.0,51.6,116.7,591.7,476.3,747.5,713.3,646.3,1.0,9658,6,5.0,1
3,24.1,47.8,101.1,599.8,491.8,735.4,682.7,615.1,1.0,3856,1,5.0,2
3,29.74,47.5,95.8,601.4,479.3,730.3,678.7,609.4,1.0,3856,1,5.0,3
1,19.5,59.5,123.4,549.0,489.0,719.5,666.3,603.1,2.0,8936,1,4.0,1
3,24.2,47.9,99.0,603.0,483.3,725.2,691.6,595.6,1.0,3856,3,5.0,2
3,23.0,46.6,205.6,600.1,472.2,740.3,693.1,620.1,3.0,8374,1,5.0,2
4,19.4,50.4,13.6,592.9,441.7,734.6,687.4,632.1,1.0,2105,2,4.0,1
4,21.8,52.2,215.7,549.7,466.3,720.9,646.2,579.8,1.0,4703,6,5.0,1
3,24.7,47.6,107.7,593.5,487.3,727.2,678.1,613.1,1.0,3856,5,3.0,2
1,17.6,45.2,65.0,629.1,605.8,799.0,762.5,705.6,0.0,5693,4,4.0,1
3,25.5,46.3,114.2,602.4,345.9,719.4714285714286,655.0,574.0,2.0,3856,2,4.0,1
1,20.0,56.7,128.7,560.4,418.5,704.0285714285714,650.8,598.3,2.0,9385,2,5.0,1
1,18.9,49.0,78.5,598.5,502.9,745.0,719.1,639.8,1.0,7395,3,2.0,2
3,25.5,45.3,31.9,593.6,374.8,713.0,672.4,599.8,2.0,3856,4,4.0,1
3,23.8,44.0,109.0,586.3,482.0,731.5,671.3,602.2,1.0,3418,1,5.0,2
3,10.4,45.8,106.7,601.1,332.3,713.9,665.6,591.7,2.0,3856,2,4.0,3
3,25.3,46.5,113.1,572.4,444.4,718.9,668.9,610.0,1.0,4507,2,3.0,1
3,25.0,46.9,100.4,599.1,376.9,724.5571428571428,673.5,598.5,2.0,3856,4,4.0,1
3,11.8,47.2,111.3,599.7,367.8,719.2,657.2,597.4,2.0,3856,2,5.0,1
3,20.2,45.6,97.2,598.4,516.6,741.1,701.8,635.2,1.0,8052,4,4.0,3
1,17.2,52.7,84.3,607.2,532.2,762.2,502.0,647.7,1.0,9658,4,5.0,2
2,22.3,46.7,82.1,560.7,481.2,749.0,701.5,652.7,0.0,4703,1,4.0,2
3,23.6,47.0,169.0,572.8,444.4,687.3,661.2,561.7,1.0,6847,2,4.0,2
2,31.1,52.8,118.3,552.7,462.8,681.3,600.2,544.8,2.0,7058,3,4.0,1
4,17.8,52.7,121.6,588.7,490.1,747.6,717.9,660.8,0.0,5820,6,3.0,3
3,25.4,45.6,105.3,597.7,393.8,718.2,542.0,587.5,2.0,3856,1,4.0,1
3,25.6,45.1,108.5,601.2,411.0,686.1857142857143,596.1,523.3,2.0,3856,2,2.0,3
3,25.1,45.9,113.9,602.3,385.1,663.8,558.5,481.9,2.0,3856,1,2.0,1
4,20.5,57.0,117.6,548.8,460.6,719.2,680.3,603.7,1.0,3592,4,2.0,1
4,18.1,54.4,178.3,588.0,506.4,741.6285714285715,698.9,617.0,1.0,9658,1,3.0,1
3,24.2,47.9,113.5,598.8,389.1,667.6,575.8,494.3,2.0,3856,3,5.0,1
2,18.4,48.8,98.5,599.3,478.5,752.4,712.8,641.9,0.0,3418,1,4.0,1
1,17.3,53.1,130.6,577.0,481.8,723.5,673.4,608.6,2.0,9184,1,4.0,2
2,18.5,53.5,79.1,589.6,475.1,741.4,709.6,623.1,0.0,5172,5,4.0,1
3,22.3,51.9,124.9,537.8,405.6,631.3,570.3,496.4,4.0,7058,3,4.0,1
3,22.4,46.7,199.7,586.6,436.8,722.6,673.9,623.0,2.0,1374,2,1.0,1
3,23.5,49.3,105.2,598.2,407.6,688.5,603.2,533.4,1.0,3856,4,4.0,1
3,23.1,50.0,104.5,595.4,412.4,687.6857142857143,604.9,528.4,1.0,3856,5,1.0,1
4,23.0,49.5,113.7,573.7,419.5,720.9,673.7,611.1,2.0,1826,1,3.0,1
1,18.9,52.2,79.8,585.1,527.9,753.1,718.4,652.2,1.0,3074,3,5.0,2
3,22.3,51.7,104.3,601.6,421.7,687.8857142857142,608.4,525.2,2.0,3856,3,4.0,1
3,22.3,51.8,103.0,596.5,406.0,693.8,607.7,528.7,2.0,3856,1,2.0,1
1,16.9,51.0,115.5,585.1,492.0,740.2,702.0,645.4,1.0,2679,5,5.0,3
3,22.1,49.1,107.7,567.8,442.0,733.0,697.0,644.5,1.0,2847,5,5.0,1
3,22.0,52.9,102.2,600.5,404.1,687.0,602.1,527.3,2.0,3856,1,5.0,1
3,21.6,53.5,99.9,601.5,418.3,691.3,614.7,536.9,2.0,3856,5,4.0,1
3,21.8,53.1,100.4,607.2,420.3,688.4,614.7,537.4,2.0,3856,3,5.0,1
3,21.6,53.4,103.9,601.0,403.4,687.1,621.0,536.1,2.0,3856,4,4.0,1
3,21.6,53.6,104.8,602.2,410.1,691.2,619.6,537.7,2.0,3856,4,3.0,1
3,21.4,44.9,116.8,590.7,465.1,722.5,679.4,622.1,1.0,8052,1,5.0,3
4,19.8,56.6,133.6,561.5,388.9,697.1,874.3,560.2,2.0,6528,5,3.0,1
2,22.7,52.0,115.5,552.3,487.8,713.9,663.7,598.4,1.0,7058,3,1.0,1
4,21.1,54.4,107.8,598.6,405.9,702.7,620.4,542.5,2.0,3856,6,5.0,1
4,21.1,54.2,106.3,600.1,413.0,694.8571428571428,615.9,545.3,2.0,3856,2,5.0,1
4,21.2,54.0,100.9,604.6,418.7,701.2,626.7,554.1,2.0,3856,1,3.0,1
1,29.27,53.0,109.1,576.2,404.5,702.0,626.4,566.4,2.0,6528,6,4.0,1
4,20.7,55.4,101.9,604.9,417.1,693.1,613.8,548.9,2.0,3856,5,4.0,1
4,22.9,50.4,119.5,578.7,428.2,700.6,660.7,570.3,1.0,4507,4,3.0,1
4,20.7,55.4,111.0,600.5,418.3,695.4,626.5,546.8,2.0,3856,4,2.0,1
4,20.7,55.3,102.7,597.5,420.9,699.7714285714286,621.0,550.5,2.0,3856,5,4.0,2
4,20.6,55.6,105.1,602.3,418.7,700.7857142857143,620.4,556.7,2.0,3856,2,4.0,1
4,20.7,54.8,102.8,594.8,414.0,702.3,632.5,554.2,2.0,3856,3,4.0,1
4,20.6,54.9,103.2,596.6,427.2,706.2,630.6,550.0,2.0,3856,5,4.0,1
4,20.6,55.1,105.8,599.5,438.5,704.8,636.5,567.4,2.0,3856,5,5.0,2
4,20.5,55.0,107.6,595.8,431.4,707.7857142857143,646.4,561.3,2.0,3856,5,3.0,1
4,20.5,55.3,108.0,602.1,437.2,704.2,636.6,551.1,2.0,3856,2,4.0,1
2,24.1,53.4,119.8,553.6,479.1,699.9,652.3,583.4,1.0,8936,5,5.0,1
3,24.3,47.5,110.8,579.4,463.8,721.3857142857142,669.9,610.6,1.0,4507,4,4.0,3
4,20.2,56.1,106.4,596.2,441.3,712.9,640.6,555.7,2.0,3856,2,5.0,1
2,20.4,52.2,93.9,608.1,508.8,745.3999999999999,700.0,639.1,1.0,3856,3,3.0,1
4,20.1,56.2,24.7,603.6,433.9,707.8,643.4,559.3,2.0,3856,5,5.0,1
4,20.0,56.3,109.4,598.5,425.9,709.8,632.2,557.8,2.0,3856,5,2.0,2
4,29.32,56.3,108.1,599.9,443.3,706.2,632.2,562.5,2.0,3856,4,5.0,1
4,20.2,55.8,45.2,600.1,440.5,716.1,648.0,573.1,2.0,3856,1,5.0,1
3,24.6,51.1,117.4,542.2,472.9,671.1285714285714,589.2,525.3,2.0,6817,3,2.0,1
2,18.4,45.5,61.3,633.1,603.2,792.6,766.0,703.4,0.0,1482,4,5.0,2
4,29.380000000000003,44.9,113.7,586.2,446.3,707.0,662.7,586.7,2.0,8052,6,5.0,1
1,29.230000000000004,54.7,119.9,580.9,494.7,744.2,706.6,640.3,1.0,1826,4,4.0,1
2,22.2,47.0,95.6,597.5,489.6,737.1,687.9,626.8,1.0,9658,2,1.0,1
1,19.7,59.2,128.9,549.9,484.8,733.1,696.9,628.8,1.0,8936,6,5.0,3
4,20.0,55.7,114.7,600.8,453.8,719.9,655.9,580.5,1.0,3856,1,2.0,1
4,20.1,55.3,109.5,598.2,455.3,715.9,658.7,572.2,1.0,3856,6,4.0,2
4,20.4,53.4,95.0,607.5,444.8,725.1,677.4,592.6,1.0,9127,3,4.0,2
4,22.1,52.9,123.7,546.7,434.3,690.4285714285714,645.9,562.7,3.0,9385,6,3.0,1
4,19.9,55.6,105.4,601.9,458.9,716.7,657.1,564.2,1.0,3856,4,4.0,2
4,19.8,55.9,181.1,600.0,453.0,719.5,660.1,573.7,2.0,3856,4,4.0,1
4,19.7,56.2,110.9,600.9,451.7,715.8,649.9,567.7,1.0,3856,2,5.0,3
4,19.6,56.2,220.7,596.2,450.1,722.3,649.3,575.4,1.0,3856,1,5.0,1
4,19.6,56.2,109.6,602.8,443.5,714.0428571428572,652.3,577.1,1.0,3856,3,4.0,2
4,19.6,56.4,108.6,604.7,462.2,713.5,651.8,575.8,1.0,3856,2,5.0,2
4,19.6,56.2,106.3,598.3,462.1,727.0,653.2,587.3,1.0,3856,2,2.0,3
4,19.5,56.3,109.8,604.6,461.9,718.6,652.2,581.6,1.0,3856,4,5.0,3
4,19.6,55.9,111.6,600.3,469.4,721.5,663.2,589.3,1.0,3856,6,4.0,1
3,29.74,45.2,117.6,593.4,394.9,710.1,659.1,583.8,2.0,9658,5,4.0,1
4,19.5,56.0,108.8,597.6,458.6,718.4714285714286,654.5,577.0,1.0,3856,2,5.0,1
4,29.25,56.5,105.8,598.8,456.7,720.8,659.7,591.2,1.0,3856,6,5.0,2
4,19.4,56.4,115.9,602.0,463.9,733.1,672.7,592.9,1.0,3856,3,5.0,2
4,19.0,53.4,122.1,586.8,449.5,739.0,689.8,619.7,1.0,6847,6,4.0,2
3,24.5,47.4,112.4,583.1,463.9,722.8,684.5,625.5,1.0,4507,6,5.0,2
4,19.3,56.5,111.3,601.9,476.5,726.9,659.5,587.5,1.0,3856,2,4.0,3
1,29.34,55.8,127.0,563.8,472.9,716.0,670.0,595.6,1.0,1903,2,4.0,1
1,16.9,49.5,114.7,586.0,498.6,744.5,715.3,648.9,2.0,8052,1,5.0,2
1,19.2,56.4,111.8,595.6,478.6,727.3571428571428,664.2,597.1,1.0,3856,1,5.0,3
1,16.2,48.7,61.2,613.6,621.1,786.2,755.1,713.4,0.0,7963,5,5.0,2
1,29.230000000000004,56.6,101.6,598.7,481.2,725.8,664.4,583.7,1.0,3856,1,5.0,1
1,19.1,56.8,116.0,595.8,478.3,725.6,665.7,596.5,1.0,3856,6,4.0,3
1,19.1,56.8,112.0,596.4,479.2,728.5,669.0,594.1,1.0,3856,3,4.0,1
4,20.5,57.1,127.9,549.5,457.0,703.7,668.6,595.9,1.0,3592,3,3.0,1
2,22.9,48.6,110.8,581.4,457.3,723.9,674.3,605.9,1.0,4507,6,2.0,2
1,19.0,55.1,97.7,577.5,504.7,743.0714285714286,707.5,643.2,1.0,6528,2,4.0,2
1,19.0,57.0,113.0,605.0,480.5,729.2,672.0,596.0,1.0,3856,1,3.0,3
1,19.0,56.8,107.8,599.9,485.2,730.2,678.8,592.2,1.0,3856,5,4.0,1
1,18.9,57.0,106.7,602.1,469.3,731.9,665.5,591.4,1.0,3856,1,5.0,2
1,18.9,56.9,110.5,600.7,493.2,736.4,669.4,606.6,1.0,3856,6,5.0,1
1,19.0,56.7,110.7,603.5,485.4,730.5,668.1,598.1,1.0,3856,3,4.0,3
1,19.0,56.8,108.9,602.6,507.2,736.8,672.1,614.3,1.0,3856,2,3.0,3
1,19.0,56.7,109.4,600.4,498.1,732.7,681.8,589.5,1.0,3856,1,3.0,1
1,20.1,57.4,131.4,558.7,460.7,716.5,682.0,604.6,1.0,9385,2,1.0,1
3,23.5,52.0,140.3,556.9,427.5,682.6,611.7,543.4,2.0,1903,2,3.0,1
1,19.0,56.3,111.4,596.4,490.5,727.2,674.1,607.9,1.0,3856,4,4.0,1
1,19.8,56.2,138.3,561.8,416.8,705.0,861.4,571.4,2.0,6528,2,2.0,2
1,19.1,56.0,105.3,604.7,471.3,736.5,684.8,599.2,1.0,3856,4,4.0,3
1,17.6,47.3,78.6,617.5,502.1,780.4,734.5,678.2,0.0,1374,2,4.0,2
1,19.1,55.7,111.2,597.9,486.4,734.9,677.1,613.7,1.0,3856,3,5.0,3
1,19.4,54.7,109.8,605.3,482.2,735.2,678.4,595.2,1.0,3856,4,4.0,2
2,18.5,51.9,138.5,575.6,466.8,727.6,680.6,605.0,2.0,9184,3,5.0,3
1,13.2,56.1,113.0,601.4,483.8,741.1,681.2,616.3,1.0,3856,1,3.0,2
1,18.8,48.7,97.7,603.9,517.3,758.9,710.3,653.9,1.0,3856,4,5.0,2
4,21.0,58.2,123.8,541.0,472.7,717.5,667.9,603.4,1.0,8936,2,4.0,1
1,18.5,42.4,69.1,624.4,553.4,787.5,767.3,695.7,1.0,3856,6,5.0,2
1,18.5,41.5,67.5,624.9,570.1,785.4,457.5,697.3,0.0,3856,3,5.0,2
1,18.2,40.6,61.2,621.3,570.4,796.0,465.6,710.8,0.0,3856,6,4.0,2
2,17.7,47.2,95.0,598.4,387.0,747.1857142857143,698.5,637.4,2.0,5820,3,4.0,3
4,23.2,50.3,114.6,575.3,438.4,712.4857142857143,898.6,580.1,1.0,4507,6,4.0,1
2,21.4,46.0,180.3,594.5,437.0,733.0,697.4,614.0,1.0,1374,2,3.0,1
4,20.4,55.6,137.1,554.9,353.5,686.7,627.5,540.7,2.0,3074,6,5.0,1
1,17.7,41.3,59.1,633.1,604.1,805.5,771.2,710.3,0.0,3856,4,2.0,2
1,29.080000000000002,42.7,57.3,628.9,606.5,799.6714285714286,769.3,730.3,0.0,3856,3,5.0,1
1,18.9,43.3,62.8,631.4,582.8,795.5571428571428,774.9,710.0,0.0,3856,6,4.0,1
4,20.9,54.8,139.8,570.6,453.7,707.4,652.8,582.3,2.0,9184,4,5.0,1
1,19.3,44.4,68.2,624.5,565.1,787.4,747.4,696.0,0.0,3856,3,2.0,2
1,19.5,44.6,70.2,623.7,547.7,779.0,736.3,689.8,0.0,3856,3,4.0,1
1,19.2,45.6,65.9,619.8,541.4,773.4,742.6,679.2,0.0,3856,5,4.0,2
1,19.6,46.1,75.3,617.9,547.1,770.1,738.4,684.5,1.0,3856,5,5.0,1
1,19.2,47.8,84.4,618.7,544.0,765.8,730.7,672.6,0.0,3856,6,4.0,2
2,29.09,47.2,98.9,594.6,367.0,743.2857142857143,702.6,650.0,1.0,5820,5,4.0,2
3,24.5,47.8,116.5,574.3,458.4,702.8,673.3,595.6,2.0,7395,3,4.0,1
1,19.5,47.8,81.4,613.9,532.3,764.7,729.5,667.4,0.0,3856,2,3.0,2
1,19.4,48.4,80.9,613.7,531.9,766.9714285714284,730.8,655.8,0.0,3856,2,4.0,1
1,19.3,48.7,79.7,612.1,524.4,758.6,730.6,670.0,0.0,3856,4,4.0,2
3,23.0,43.8,233.7,600.3,489.9,747.9,706.6,638.8,1.0,2105,3,4.0,2
1,19.0,50.1,79.6,614.2,517.4,762.8,856.7,667.0,0.0,3856,6,5.0,2
2,17.1,44.9,58.8,571.9,601.7,795.2,761.6,706.6,0.0,9241,6,5.0,1
3,24.8,44.6,96.5,601.4,468.0,726.8,692.2,599.9,1.0,9127,2,5.0,2
1,19.0,50.4,81.7,619.4,522.6,766.5,714.9,668.0,0.0,3856,2,5.0,2
4,20.9,52.0,104.0,554.9,479.7,739.0,688.2,638.2,1.0,9241,5,2.0,1
1,19.7,48.9,82.0,615.9,526.0,758.8,724.2,658.4,0.0,3856,6,4.0,2
1,19.6,49.6,93.2,610.8,529.1,758.0,725.1,650.2,0.0,3856,1,5.0,1
4,19.5,52.4,137.3,582.4,473.8,724.8,681.5,615.5,1.0,7963,3,5.0,2
1,29.310000000000002,49.0,87.5,613.0,517.2,756.5,721.8,665.2,0.0,3856,4,4.0,2
1,19.5,50.2,87.4,608.7,503.5,761.0,719.9,649.6,0.0,3856,2,2.0,2
2,18.7,53.7,79.1,612.5,542.1,763.8,714.2,651.2,1.0,3856,6,5.0,2
2,19.4,50.5,89.3,614.9,524.6,760.2428571428571,707.0,650.0,0.0,9127,2,4.0,1
2,19.6,50.0,88.5,607.8,529.8,757.8,716.4,658.0,0.0,9127,6,5.0,1
2,29.260000000000005,50.8,95.3,611.5,527.7,758.9714285714286,719.0,649.0,0.0,9127,4,4.0,2
1,19.7,59.2,136.3,544.8,480.3,686.2,626.7,552.9,2.0,8936,6,5.0,1
2,29.28,50.6,89.6,613.2,524.0,762.7,714.0,645.6,0.0,9127,4,1.0,2
2,18.6,52.1,82.9,580.6,528.1,699.0,629.9,590.9,0.0,1903,6,4.0,3
2,19.1,51.0,85.9,609.0,445.2,761.0857142857143,717.5,649.4,1.0,9127,4,3.0,2
3,22.6,46.5,126.7,576.8,427.8,715.5,676.0,598.8,2.0,6431,3,5.0,1
2,18.7,52.2,91.4,614.3,462.6,754.7714285714286,716.6,650.2,0.0,9127,5,4.0,1
2,19.1,51.7,88.1,609.4,463.9,750.1,720.9,652.8,0.0,9127,1,4.0,2
2,20.4,49.1,86.2,616.6,471.1,754.1,701.0,651.5,0.0,9127,4,5.0,2
2,21.2,47.6,96.5,607.9,476.2,754.8,702.9,654.3,1.0,9127,4,1.0,1
2,21.5,47.3,90.9,616.7,495.6,751.8,703.1,648.1,1.0,9127,6,5.0,2
2,21.8,47.0,90.2,607.0,481.0,753.4,711.9,647.5,1.0,9127,6,5.0,2
1,20.2,57.3,124.7,547.7,487.2,712.7,657.2,603.6,2.0,3592,5,5.0,1
2,17.5,50.7,95.5,597.1,461.9,758.7,712.9,635.8,0.0,3418,2,1.0,3
2,22.9,45.8,93.1,612.2,483.5,746.2,715.7,645.0,1.0,9127,1,5.0,1
4,22.1,52.5,108.8,551.5,480.0,718.0,632.1,583.1,1.0,4703,4,4.0,1
2,23.6,44.7,89.2,605.2,497.5,756.5,699.2,652.2,1.0,9127,3,3.0,1
2,23.1,46.0,94.4,607.8,496.0,748.3,700.1,637.8,1.0,9127,4,5.0,1
2,21.3,46.7,95.6,607.5,494.6,748.8142857142857,713.3,630.9,1.0,1482,4,5.0,2
4,18.1,52.0,120.1,585.2,495.2,751.0,709.8,652.6,1.0,5820,5,3.0,1
4,21.5,53.6,125.9,554.5,444.9,699.8,648.7,567.0,3.0,9385,2,1.0,1
2,23.8,44.4,182.5,611.9,496.9,752.0,715.4,635.2,1.0,9127,6,5.0,2
2,23.5,44.4,82.3,607.6,500.6,757.1714285714286,724.3,658.5,1.0,9127,1,2.0,2
3,22.3,50.8,117.6,547.1,435.4,648.0,577.0,498.0,4.0,7058,5,5.0,1
3,24.3,49.4,114.4,545.0,385.5,725.9,661.8,586.0,2.0,4703,1,4.0,1
2,24.8,43.3,91.5,612.1,461.3,747.8,710.0,639.0,1.0,9127,6,4.0,1
3,23.9,51.6,128.2,564.3,392.1,686.0,620.2,549.4,2.0,4761,4,4.0,1
2,24.8,43.8,91.0,612.1,465.2,751.3,711.2,648.9,1.0,9127,5,3.0,1
2,29.810000000000002,43.5,91.4,613.8,461.6,749.0,713.4,622.4,1.0,9127,2,4.0,2
2,25.2,43.3,89.3,608.5,452.9,742.6,705.6,630.3,1.0,9127,3,5.0,1
2,25.2,43.1,93.3,613.2,470.2,737.8,698.2,628.2,1.0,9127,4,4.0,1
2,16.1,46.0,69.5,606.5,598.2,788.1,763.0,708.6,0.0,5820,3,2.0,1
3,24.2,49.5,109.9,551.7,450.2,728.4,670.8,615.3,1.0,9241,2,5.0,1
1,19.0,55.9,118.6,600.7,502.9,735.7,703.3,615.3,1.0,5693,6,4.0,3
2,24.8,43.8,99.5,608.4,466.5,739.4285714285714,471.3,638.5,1.0,9127,2,5.0,1
2,22.7,49.4,105.0,535.0,525.8,768.6,724.8,650.3,1.0,4703,2,5.0,3
2,29.77,44.0,96.4,604.1,473.6,742.7857142857143,702.2,632.8,1.0,9127,4,5.0,2
2,24.3,44.8,93.6,604.2,476.6,744.1,700.5,628.9,1.0,9127,2,4.0,1
2,24.3,44.4,93.1,609.0,466.0,745.9,713.6,634.6,1.0,9127,1,2.0,2
2,24.3,44.6,99.3,601.8,469.7,746.1,713.1,625.5,1.0,9127,1,5.0,3
3,22.0,48.1,113.1,584.1,450.1,708.1428571428572,654.1,570.7,1.0,4129,1,4.0,1
4,21.2,51.6,103.9,555.3,477.8,746.6,703.4,638.7,1.0,9241,4,5.0,2
2,24.6,44.7,96.7,605.0,470.0,744.3,694.7,630.0,1.0,9127,6,4.0,1
2,24.8,44.0,96.3,607.5,476.7,743.7,694.1,626.1,1.0,9127,4,4.0,1
2,25.2,43.3,98.2,602.0,450.4,740.0,691.0,622.9,1.0,9127,4,3.0,2
2,18.2,54.0,85.9,592.7,547.7,757.3857142857142,721.3,666.9,1.0,5172,3,4.0,2
2,24.7,44.4,97.5,607.0,446.6,730.6,693.2,616.3,1.0,9127,5,5.0,2
2,24.4,45.1,98.8,606.8,439.8,734.1,682.7,620.6,1.0,9127,2,4.0,2
3,25.2,46.9,121.2,576.4,453.8,717.842857142857,676.7,604.0,1.0,4507,3,4.0,2
4,19.1,48.3,119.1,584.2,458.6,720.8,689.1,620.7,2.0,2679,1,2.0,1
2,29.75,44.9,102.0,612.0,440.7,722.0,690.3,615.6,1.0,9127,3,3.0,3
2,23.7,46.4,96.2,606.3,452.6,733.5,697.2,617.3,1.0,9127,3,4.0,2
3,24.2,45.8,105.8,601.7,462.5,729.3,694.4,617.5,1.0,9127,4,5.0,2
4,21.2,52.2,125.3,571.7,424.2,726.9,670.5,596.6,1.0,1826,2,5.0,1
3,25.3,44.3,99.4,600.0,462.8,724.9,688.9,603.1,1.0,9127,5,3.0,3
4,19.0,50.7,118.5,583.2,476.6,755.4,721.7,645.6,1.0,5820,4,5.0,2
1,19.9,58.3,129.7,548.8,467.2,701.4285714285716,892.4,548.6,2.0,8936,6,3.0,1
3,24.9,47.3,98.7,601.6,448.1,711.8,665.9,579.6,1.0,9127,3,2.0,1
3,24.5,46.4,107.7,598.6,443.0,716.3,686.9,605.2,1.0,9127,3,5.0,2
3,24.0,47.4,102.5,603.7,459.1,715.6,674.6,589.0,1.0,9127,4,1.0,2
1,19.9,55.7,126.4,565.5,484.6,727.4,664.1,621.7,1.0,1903,1,5.0,2
3,24.8,45.3,111.1,601.8,476.8,722.4,483.7,589.4,1.0,9127,1,5.0,1
1,28.7,59.0,131.0,548.7,474.3,702.3,627.9,560.1,2.0,8936,5,4.0,1
4,20.0,48.9,115.0,587.5,446.3,744.1,707.6,645.5,1.0,5820,3,4.0,3
3,21.7,48.6,147.3,570.5,427.5,710.1857142857143,660.6,589.3,3.0,6431,1,4.0,2
3,24.3,46.6,101.4,598.5,460.0,717.6,672.6,590.3,1.0,9127,4,4.0,2
1,19.2,48.1,96.7,584.1,496.8,746.9,706.3,635.8,2.0,5172,1,5.0,2
3,24.5,46.2,98.9,603.8,450.3,715.9,675.4,590.4,1.0,9127,5,5.0,1
3,24.8,45.6,107.5,598.9,458.4,718.4,670.2,586.3,1.0,9127,4,3.0,1
3,25.0,45.0,100.4,597.4,477.2,721.6142857142859,671.8,592.4,1.0,9127,6,4.0,2
1,20.2,57.0,126.6,550.9,478.8,713.7,668.0,593.6,2.0,3592,1,4.0,1
3,24.2,46.4,101.0,603.3,470.1,715.2,668.9,588.9,1.0,9127,4,4.0,2
2,21.3,46.5,122.6,585.7,478.3,746.6,705.3,649.0,1.0,5820,6,5.0,3
2,21.9,50.2,125.9,583.5,415.7,713.8,671.7,589.0,1.0,4507,1,3.0,1
3,23.1,50.1,125.4,548.1,455.4,702.9,651.0,587.6,2.0,7058,3,4.0,1
3,23.9,47.5,102.2,606.9,467.0,706.4,666.0,565.5,1.0,9127,2,5.0,3
3,23.7,47.7,105.9,596.5,467.9,712.5,664.5,574.5,1.0,9127,3,5.0,1
3,23.3,52.9,147.9,557.0,426.1,658.4,579.3,510.2,3.0,1903,4,4.0,1
3,24.4,47.4,139.8,582.9,483.6,713.9857142857143,656.6,553.6,2.0,9127,3,5.0,1
3,23.8,48.0,135.0,591.8,463.3,708.1,669.5,570.7,2.0,9127,3,5.0,1
3,24.0,46.0,110.1,596.1,496.2,722.6,673.1,603.2,1.0,9127,3,4.0,2
2,18.9,53.3,175.0,563.6,503.1,701.2,613.2,545.9,2.0,1903,1,2.0,1
3,24.7,45.4,97.6,602.5,487.6,722.1,668.8,599.3,1.0,9127,5,4.0,2
3,21.8,51.0,111.0,595.6,451.7,724.4,689.1,604.5,1.0,5693,3,4.0,1
1,18.4,53.6,72.2,567.4,569.7,751.4,732.7,658.6,0.0,3592,6,4.0,2
4,22.3,50.5,100.6,554.6,458.0,734.0,682.4,639.7,1.0,9241,2,3.0,2
2,17.6,56.2,111.9,592.0,507.3,759.0,714.0,631.0,1.0,9658,2,1.0,1
3,23.9,47.7,102.4,601.1,403.7,710.7,661.8,590.4,1.0,9127,5,5.0,1
3,24.1,47.0,109.7,598.8,409.2,718.8285714285713,674.9,583.1,1.0,9127,4,3.0,1
3,23.4,51.2,138.8,570.8,348.8,662.3,601.0,537.4,2.0,3074,4,5.0,1
3,25.2,44.9,115.3,597.5,386.6,703.5,661.4,587.2,2.0,9127,2,4.0,1
3,25.2,45.2,104.0,597.7,406.0,717.5,902.6,580.9,1.0,9127,1,2.0,1
4,21.6,53.3,107.9,548.0,491.2,711.3,660.4,594.8,1.0,6817,2,4.0,2
3,25.2,45.5,107.8,600.2,393.1,709.7,659.0,577.1,2.0,9127,1,2.0,1
2,17.2,46.5,89.2,590.3,447.0,740.0,694.6,633.2,1.0,2679,3,3.0,2
3,24.6,46.2,102.2,606.6,417.5,693.5,651.4,561.7,1.0,9127,3,4.0,1
2,18.4,52.3,91.3,593.5,516.1,751.4,460.8,651.6,0.0,7395,2,3.0,2
3,23.4,45.0,124.3,583.7,471.8,725.7,689.9,615.9,1.0,1374,6,5.0,3
1,17.9,52.2,116.5,589.6,487.5,741.2714285714285,688.4,630.2,1.0,1374,5,5.0,2
3,12.7,47.4,100.7,596.9,418.2,703.4,661.6,571.5,1.0,9127,3,2.0,1
4,18.3,53.9,140.4,579.2,481.4,735.5,687.8,617.6,1.0,7963,6,4.0,1
3,23.3,48.6,97.5,602.1,430.8,707.657142857143,654.4,564.3,1.0,9127,4,4.0,1
3,23.0,49.0,206.2,608.3,436.5,708.6,672.7,573.9,1.0,9127,2,4.0,2
3,24.7,47.8,116.7,571.8,392.9,701.2285714285714,812.7,587.2,2.0,7395,3,4.0,1
3,22.5,49.7,88.0,601.0,431.2,711.9,669.5,576.3,1.0,9127,4,3.0,2
1,16.1,41.2,70.2,613.4,533.0,790.1,758.5,706.8,1.0,3418,4,3.0,1
3,22.0,50.2,95.9,601.7,443.7,711.7,678.5,587.3,1.0,9127,5,3.0,2
3,22.2,49.9,86.4,604.3,439.6,709.9,669.9,581.4,1.0,9127,6,3.0,1
4,29.42,54.1,111.2,551.8,505.0,715.9571428571428,664.5,601.6,1.0,6817,5,4.0,2
3,22.0,50.2,93.8,610.0,441.1,720.7,680.4,589.4,1.0,9127,5,5.0,3
2,17.3,47.6,66.1,618.1,538.2,778.2,740.1,673.0,0.0,2105,6,5.0,1
4,21.0,52.4,92.4,608.1,438.9,724.0,684.3,582.2,1.0,9127,4,4.0,3
4,20.8,52.8,89.8,597.8,445.6,720.1,671.8,590.3,1.0,9127,3,3.0,1
1,18.5,53.9,84.9,560.0,518.2,739.7285714285714,688.3,615.6,1.0,4703,3,5.0,2
2,21.3,52.2,122.3,573.8,467.8,713.7,640.8,568.8,1.0,3074,2,4.0,1
4,20.5,53.1,98.7,609.0,458.8,722.2,469.9,599.5,1.0,9127,6,4.0,1
4,20.5,53.2,95.2,606.1,458.0,726.0,684.5,598.0,1.0,9127,4,4.0,2
4,20.5,53.1,96.5,612.9,443.6,722.4,671.2,598.0,1.0,9127,4,3.0,2
4,20.4,53.2,95.6,606.6,437.2,727.1,683.3,585.4,1.0,9127,3,4.0,1
4,20.7,49.8,103.0,597.6,472.8,727.6,676.9,602.9,2.0,8374,5,3.0,1
1,19.4,54.9,109.6,547.9,497.2,736.4,692.4,612.7,1.0,4703,6,4.0,2
4,20.3,53.2,95.1,610.1,452.3,724.8,680.9,610.3,2.0,9127,3,3.0,1
4,29.35,53.1,91.2,606.2,463.3,728.6,692.4,603.6,1.0,9127,6,2.0,2
4,20.2,53.4,93.5,603.9,455.1,729.2,682.1,602.2,1.0,9127,1,3.0,1
4,20.2,53.1,103.0,602.0,452.8,724.3,685.4,613.8,1.0,9127,3,5.0,1
4,20.1,53.4,101.0,600.3,464.9,721.1,680.9,606.1,1.0,9127,5,3.0,2
1,18.5,45.2,87.7,616.8,565.1,790.2,744.1,684.9,0.0,5693,3,4.0,2
4,22.6,52.2,144.3,563.6,325.8,670.0,598.9,526.8,3.0,3074,6,5.0,1
4,13.0,53.1,100.4,602.9,466.1,727.9,690.4,612.0,1.0,9127,4,4.0,2
4,20.0,53.5,97.0,600.1,462.2,733.8,691.5,611.3,1.0,9127,3,4.0,2
3,24.8,47.9,121.1,573.5,453.0,721.3,672.4,605.4,1.0,4507,3,5.0,1
1,18.8,52.7,106.5,577.2,504.3,738.7,689.2,630.9,1.0,1826,3,5.0,1
4,19.8,53.9,97.9,603.0,467.6,733.8,681.0,627.4,1.0,9127,6,3.0,2
4,20.2,53.7,117.2,577.1,481.7,734.8571428571429,692.3,630.9,1.0,1826,2,5.0,1
4,19.7,54.4,103.3,598.5,464.4,729.7,690.3,606.7,1.0,9127,4,3.0,2
4,19.7,54.3,101.0,603.6,469.5,731.8,704.4,612.6,1.0,9127,2,1.0,3
4,20.2,53.0,93.7,600.1,455.8,731.5,689.7,609.5,1.0,9127,6,2.0,2
3,7.7,51.0,94.9,582.4,465.2,733.8,691.4,636.4,1.0,6528,1,3.0,2
4,19.6,54.5,102.2,602.7,485.9,741.1,682.8,615.2,1.0,9127,4,3.0,2
4,29.28,54.5,105.3,604.6,466.3,735.657142857143,691.4,613.4,1.0,9127,5,4.0,2
4,19.6,54.7,103.1,599.0,466.1,748.1,684.6,610.0,1.0,9127,6,4.0,3
4,20.7,55.6,144.6,569.5,371.4,693.7428571428571,650.3,561.4,2.0,8649,6,4.0,2
4,19.7,54.3,104.4,600.4,479.6,735.4,691.3,624.6,1.0,9127,4,2.0,3
3,23.5,48.9,114.4,555.5,460.4,699.7,498.8,591.8,2.0,7058,6,4.0,2
4,19.5,54.7,104.9,601.9,477.7,734.4,699.9,625.4,1.0,9127,1,4.0,1
1,17.2,41.0,221.7,630.6,587.3,789.6571428571427,762.7,722.1,0.0,8374,2,5.0,1
4,29.27,54.5,107.8,599.5,479.3,734.0,697.5,623.8,1.0,9127,6,4.0,2
2,23.6,43.9,88.8,609.1,420.4,734.4,687.1,626.4,1.0,1482,4,4.0,1
2,19.3,45.6,77.2,601.2,549.0,754.3,720.8,666.0,0.0,6431,6,5.0,2
1,29.28,57.8,228.1,557.0,403.9,705.9,650.6,584.6,2.0,9385,4,4.0,1
1,17.3,47.5,75.9,610.4,504.7,767.6,737.4,666.4,0.0,1374,3,1.0,1
3,24.1,52.5,235.1,549.5,479.4,709.7,673.6,600.7,2.0,3592,1,5.0,1
4,19.2,55.1,110.7,600.0,476.6,746.6428571428571,696.3,636.3,1.0,9127,4,5.0,3
4,19.2,55.4,107.6,597.7,481.3,748.5,697.9,632.4,1.0,9127,5,4.0,1
3,24.8,44.6,96.5,601.4,468.0,726.8,692.2,599.9,1.0,9127,2,5.0,2
4,18.6,49.0,118.1,582.1,480.3,719.1,686.7,610.0,1.0,2679,3,3.0,1
4,18.9,55.9,110.0,601.3,476.1,738.7,697.2,638.2,1.0,9127,1,4.0,2
4,18.9,55.9,105.7,600.0,481.3,735.9,700.3,614.5,1.0,9127,2,4.0,2
4,18.9,55.9,104.4,604.0,492.4,737.3,692.4,619.6,1.0,9127,1,5.0,2
4,18.8,56.1,104.7,598.9,489.6,739.7,839.2,635.3,1.0,9127,1,4.0,2
3,25.0,45.7,99.9,600.7,411.3,700.1,672.0,575.9,1.0,9127,2,4.0,1
2,16.2,48.2,81.4,613.6,579.5,776.2,751.5,690.2,0.0,1374,5,5.0,2
4,18.9,55.9,108.8,599.9,491.3,738.3,698.6,632.9,1.0,9127,6,4.0,3
4,19.7,57.2,115.7,594.3,455.2,725.7,685.0,609.3,2.0,7241,6,4.0,1
3,24.0,48.3,24.4,600.6,397.2,673.7,596.1,500.9,2.0,3856,1,5.0,1
4,18.8,56.1,110.7,604.0,494.2,745.8,700.9,631.3,1.0,9127,2,5.0,1
4,18.8,56.2,108.0,597.0,489.1,740.6,695.0,631.2,1.0,9127,3,4.0,2
4,18.8,56.0,113.5,602.4,492.1,746.0,706.1,617.6,1.0,9127,5,4.0,1
1,18.9,56.0,11.6,599.5,495.4,748.6,691.1,637.0,1.0,9127,5,4.0,2
1,18.9,55.9,108.4,600.4,491.6,742.0,699.1,635.6,1.0,9127,5,4.0,2
2,23.1,51.8,110.6,560.5,417.0,645.1714285714286,569.0,497.7,3.0,1903,3,4.0,1
4,29.080000000000002,53.1,109.8,586.5,488.8,755.5,719.6,647.4,1.0,5820,1,3.0,1
1,18.6,56.7,119.0,596.0,517.2,748.7,698.1,617.0,1.0,9127,4,4.0,1
1,29.160000000000004,57.1,104.1,605.7,492.0,739.8,711.0,634.9,1.0,9127,4,3.0,1
1,18.6,56.8,113.6,604.9,494.9,746.8,713.0,617.1,1.0,9127,5,4.0,3
3,25.9,46.6,125.8,571.6,430.6,718.9,680.7,603.8,2.0,1826,1,4.0,1
1,18.6,56.7,107.1,600.6,502.8,740.9,473.3,620.0,1.0,9127,6,4.0,3
1,29.180000000000003,56.6,109.2,595.7,487.3,743.9,706.6,625.3,1.0,9127,5,3.0,1
4,22.3,52.2,139.2,572.9,440.8,702.1,646.3,571.3,2.0,9184,1,4.0,1
2,16.6,41.5,73.2,606.4,520.2,775.6,742.5,674.6,0.0,3418,3,4.0,2
1,18.5,56.8,111.0,604.2,490.9,742.5857142857143,702.4,642.5,1.0,9127,1,4.0,1
1,19.9,54.8,110.4,548.4,503.4,685.6,631.9,562.8,2.0,1458,2,5.0,1
2,23.9,49.8,124.3,550.4,406.3,725.0,677.3,608.6,1.0,4703,5,4.0,1
1,18.3,57.2,109.8,600.1,505.5,741.8,705.1,641.8,1.0,9127,6,5.0,2
1,18.3,57.1,110.5,601.8,499.9,748.0285714285714,710.1,633.9,1.0,9127,6,4.0,1
3,22.9,47.2,155.1,575.3,437.4,686.7,657.0,545.9,1.0,6847,2,4.0,1
1,18.6,54.2,3.9,604.5,498.7,747.7,712.5,641.8,0.0,9127,5,1.0,2
1,19.3,48.6,85.1,576.0,555.8,765.7,739.3,674.3,1.0,1903,3,4.0,1
3,23.6,52.4,42.1,566.2,411.5,682.0,629.0,552.5,2.0,4761,4,5.0,1
3,24.2,44.5,134.3,577.2,446.9,697.1,661.7,576.6,1.0,6847,3,3.0,1
1,18.4,55.6,103.1,608.2,490.8,738.1,690.7,628.7,1.0,1482,1,3.0,2
1,18.4,55.6,110.1,601.6,492.4,730.7,699.7,618.1,1.0,1482,6,4.0,2
4,19.3,56.5,102.3,599.5,487.8,730.8,660.2,580.1,1.0,3856,1,4.0,3
3,23.2,46.4,138.2,581.9,443.4,708.2,663.2,570.4,1.0,6847,5,5.0,1
4,29.130000000000003,52.3,125.9,592.1,479.5,748.5,694.9,631.4,1.0,1374,1,4.0,3
1,18.6,53.0,217.0,606.6,504.5,748.8,701.3,640.1,1.0,1482,1,5.0,2
4,29.17,53.8,128.7,578.8,472.2,736.4,690.8,630.0,1.0,7963,6,5.0,2
1,18.1,46.8,78.4,615.7,563.5,778.5,752.2,703.5,1.0,1482,1,5.0,1
1,18.0,45.6,67.1,624.5,573.1,782.1,756.0,707.8,0.0,1482,3,1.0,2
1,17.8,45.3,66.8,630.0,587.0,786.9,766.9,705.2,0.0,1482,2,2.0,1
1,18.0,45.1,62.1,626.2,606.5,789.5,765.2,712.0,0.0,1482,2,2.0,1
1,18.8,56.1,118.7,595.3,496.9,738.3285714285714,706.7,616.8,1.0,5693,5,5.0,2
3,21.1,52.9,128.6,573.4,458.2,720.4,665.1,586.1,2.0,9184,3,4.0,1
1,18.5,46.3,59.3,627.3,580.7,786.0,757.5,699.5,0.0,1482,5,3.0,2
1,19.7,45.5,70.2,623.1,576.1,779.5,745.8,688.5,0.0,1482,4,5.0,3
3,20.7,48.1,109.7,590.3,429.4,735.4,699.2,624.1,1.0,5820,6,3.0,1
4,29.27,52.4,115.9,582.9,443.3,720.1,662.3,592.7,1.0,4129,1,3.0,3
1,19.2,48.2,186.9,622.3,543.6,766.7,734.7,684.0,0.0,1482,5,4.0,2
3,23.6,44.4,22.5,592.1,471.9,733.6,689.5,631.3,1.0,2105,2,4.0,2
1,19.5,48.8,78.6,620.2,550.3,770.5142857142857,735.5,674.1,0.0,1482,6,5.0,1
1,19.4,49.2,81.5,620.9,543.4,769.1857142857143,732.0,672.3,0.0,1482,6,4.0,1
1,19.9,48.4,83.2,610.0,533.1,767.7,732.9,668.7,0.0,1482,6,5.0,2
1,20.0,48.4,83.5,619.2,534.3,770.6,737.5,666.7,0.0,1482,3,5.0,1
1,20.0,48.7,79.7,613.6,538.9,761.7,736.2,664.0,0.0,1482,6,5.0,1
1,29.160000000000004,49.2,70.0,622.8,560.5,779.6,740.0,693.4,1.0,3856,3,4.0,2
1,20.1,48.6,82.7,616.2,523.3,773.1,728.2,660.9,0.0,1482,2,2.0,2
1,19.2,54.3,122.9,576.5,474.7,735.0285714285716,686.9,630.8,1.0,7395,5,5.0,1
1,19.3,48.4,77.0,616.9,541.5,773.7,730.2,680.2,0.0,1482,6,5.0,1
3,23.7,50.8,156.6,548.1,445.9,704.1,662.1,606.8,1.0,9385,6,1.0,1
1,18.5,46.4,191.7,620.7,596.1,790.8,751.1,698.4,0.0,1482,4,4.0,2
3,22.7,47.0,144.1,576.4,451.9,692.5,659.8,565.3,1.0,6847,6,3.0,1
2,17.7,44.0,69.5,567.6,604.3,794.0,859.4,706.9,0.0,9241,3,3.0,2
1,18.1,46.2,62.7,626.5,592.7,786.7,761.2,714.4,0.0,1482,6,3.0,3
1,18.2,45.9,58.8,631.0,593.6,792.1,766.5,704.6,0.0,1482,4,2.0,1
1,18.2,45.4,59.9,628.3,596.3,789.6428571428571,474.6,719.4,0.0,1482,1,3.0,2
1,18.0,41.7,69.9,621.8,535.4,788.4,760.9,682.0,1.0,2105,5,4.0,2
2,18.5,46.4,63.5,627.7,583.5,788.6,754.5,700.9,0.0,1482,4,5.0,2
2,18.2,47.6,70.4,631.2,592.2,789.1,751.4,697.3,0.0,1482,5,3.0,1
2,18.4,47.7,65.7,622.9,560.3,783.1,743.1,691.2,0.0,1482,3,5.0,2
2,18.5,47.9,65.8,618.2,562.7,778.2,861.6,697.5,0.0,1482,4,4.0,2
4,21.4,52.6,122.7,568.7,378.0,689.4,632.3,545.5,3.0,7395,4,5.0,1
3,23.9,49.7,134.2,566.3,434.9,681.1,599.0,539.5,2.0,3074,5,2.0,1
4,19.2,48.3,118.6,583.0,459.0,728.3142857142858,686.9,610.6,1.0,2679,6,4.0,2
2,18.8,47.3,69.0,620.5,557.6,774.4,733.1,676.6,0.0,1482,5,4.0,2
2,18.1,47.4,64.8,621.3,583.2,782.7,748.8,702.6,0.0,1482,1,5.0,2
2,18.2,46.5,69.4,625.6,590.2,784.5,757.8,699.6,0.0,1482,3,4.0,2
2,17.6,50.0,95.5,598.3,479.6,750.8142857142858,704.6,654.9,0.0,3418,6,2.0,1
4,20.2,55.4,142.5,575.8,459.6,709.0,667.8,576.8,1.0,4507,4,4.0,1
2,18.2,45.8,35.1,627.1,587.7,790.7,767.2,711.9,0.0,1482,6,5.0,2
2,18.0,45.7,53.8,632.5,596.2,795.8,755.4,706.5,0.0,1482,1,5.0,1
2,29.1,46.3,55.3,634.9,596.8,798.3,763.3,709.0,0.0,1482,5,2.0,1
1,18.7,54.6,98.9,588.4,528.7,749.8,702.8,638.0,0.0,4507,4,3.0,1
1,7.2,44.6,65.6,584.1,601.6,790.8,742.2,693.0,0.0,2847,6,4.0,2
2,19.5,44.6,67.3,632.4,592.9,787.0,752.5,703.8,0.0,1482,2,3.0,2
3,22.4,46.5,105.8,590.7,356.4,680.7,612.9,525.9,1.0,3418,6,2.0,1
2,18.8,47.4,71.0,625.5,585.8,786.4428571428571,751.8,689.9,0.0,1482,3,4.0,2
2,29.260000000000005,46.2,64.4,623.6,565.6,779.2,743.3,686.0,0.0,1482,6,3.0,2
2,19.4,46.5,72.3,617.8,565.5,775.1714285714286,737.0,675.7,1.0,1482,4,5.0,2
2,19.5,46.5,70.1,625.6,554.1,777.0571428571428,740.8,682.0,0.0,1482,2,5.0,1
2,18.1,54.0,106.5,592.1,528.0,756.5571428571428,719.0,643.7,1.0,9658,1,2.0,2
2,19.3,48.0,80.0,617.2,555.5,771.9,732.3,678.8,0.0,1482,5,5.0,2
2,19.4,47.9,76.1,616.1,529.4,765.7,733.5,672.9,0.0,1482,2,4.0,2
2,29.27,48.3,74.9,623.1,548.5,769.8,730.2,657.4,0.0,1482,1,3.0,2
3,22.1,51.6,125.6,557.2,446.6,703.2,630.1,569.8,2.0,7058,1,2.0,1
2,19.7,48.6,78.6,625.1,542.5,765.2,722.0,674.7,0.0,1482,1,5.0,2
2,19.6,48.5,85.0,622.3,537.7,759.9,726.5,653.6,0.0,1482,5,4.0,1
2,19.7,48.6,82.7,618.6,527.6,759.9,722.6,663.7,0.0,1482,6,5.0,2
3,23.5,43.3,89.6,606.2,512.4,740.7,868.1,627.7,1.0,5693,2,2.0,2
3,23.6,52.0,150.9,549.3,441.1,715.1,662.2,589.6,1.0,9385,1,1.0,1
2,19.1,49.9,82.4,612.0,531.5,756.6,708.0,653.1,0.0,1482,6,5.0,1
2,19.0,50.3,83.1,616.5,545.7,759.1,727.6,653.8,0.0,1482,2,5.0,2
2,18.8,50.7,85.6,611.6,544.4,762.3,725.8,660.6,0.0,1482,4,5.0,1
3,24.1,44.9,218.7,590.9,461.5,736.9,683.5,607.2,1.0,8374,4,5.0,3
3,21.4,45.9,108.7,590.9,410.6,733.5,703.7,630.8,1.0,5820,4,4.0,2
4,19.3,55.4,114.0,596.7,496.6,733.6,691.4,616.7,1.0,5693,4,3.0,2
2,21.5,46.7,89.8,612.6,504.6,748.1,707.9,632.6,1.0,1482,2,3.0,3
2,21.7,46.7,94.4,610.1,487.1,751.4,708.2,629.6,1.0,1482,1,5.0,1
2,22.3,46.1,91.8,606.6,413.8,741.5,707.6,628.6,1.0,1482,3,4.0,2
4,19.5,54.7,104.9,601.9,477.7,734.4,699.9,625.4,1.0,9127,1,4.0,1
2,22.9,45.4,90.9,605.2,417.5,740.1,695.1,615.3,1.0,1482,5,5.0,1
2,23.1,45.1,92.3,615.1,432.0,736.8,704.9,627.0,1.0,1482,2,4.0,2
2,23.2,44.9,89.4,609.1,420.2,742.7,688.7,621.5,1.0,1482,3,4.0,1
2,23.2,44.8,88.1,603.0,438.6,734.5,690.2,621.5,1.0,1482,2,5.0,2
2,19.1,54.8,82.4,585.7,512.5,735.5,711.6,651.6,0.0,6528,6,4.0,3
2,29.580000000000002,46.3,91.8,604.3,450.0,732.1,692.6,609.3,1.0,1482,1,4.0,2
2,8.7,47.4,97.6,604.8,450.1,735.3,695.3,621.8,1.0,1482,3,5.0,1
3,22.3,48.0,96.8,606.9,436.4,730.8,697.0,623.9,1.0,1482,4,5.0,1
1,19.8,56.1,131.5,567.9,401.0,701.5,799.9,567.4,2.0,6528,2,5.0,1
2,20.7,47.3,98.7,606.5,450.7,747.6,709.5,634.4,1.0,1482,6,5.0,3
1,29.22,53.2,237.2,555.4,494.4,738.8,672.6,612.6,1.0,4703,4,2.0,3
3,23.2,45.9,92.2,603.8,438.7,729.7,698.8,616.5,1.0,1482,1,3.0,3
4,21.7,57.4,135.5,545.6,466.2,707.2,799.7,588.9,1.0,8936,1,4.0,1
2,21.2,45.2,94.1,584.8,459.8,727.3,678.5,621.9,2.0,6431,4,5.0,3
3,23.8,44.7,97.9,601.7,444.8,729.1,691.5,606.8,1.0,1482,6,5.0,3
3,23.3,45.7,89.4,600.2,451.7,734.6,700.2,615.9,1.0,1482,1,3.0,1
3,23.3,46.3,95.0,600.8,450.6,735.1,686.7,610.7,1.0,1482,4,5.0,2
3,23.3,46.4,90.7,603.9,443.2,730.0142857142856,690.5,606.2,1.0,1482,5,3.0,3
3,23.6,45.9,95.6,602.2,463.4,727.7285714285714,690.6,601.4,1.0,1482,2,4.0,1
3,22.1,54.2,118.6,594.7,417.8,725.0285714285712,660.6,591.4,3.0,7241,4,5.0,1
3,29.680000000000003,45.7,94.0,601.5,456.7,734.5,694.1,610.3,1.0,1482,1,4.0,3
3,23.8,45.9,99.2,601.2,450.9,732.6,685.3,600.3,1.0,1482,4,2.0,3
3,23.6,46.2,26.7,603.6,447.6,726.5,689.4,601.9,1.0,1482,5,4.0,2
3,23.5,46.2,102.3,609.4,447.0,715.8,671.9,602.9,1.0,1482,3,1.0,2
2,17.9,44.6,64.3,628.1,583.1,788.0,748.5,702.9,1.0,5693,3,4.0,1
3,23.5,46.5,95.5,606.1,464.3,741.0857142857143,691.4,620.1,1.0,1482,5,3.0,3
3,22.2,48.7,110.2,593.0,494.7,737.9714285714286,685.9,620.2,1.0,4129,2,5.0,3
3,24.0,46.0,102.6,595.8,439.6,732.7,694.2,603.3,1.0,1482,5,2.0,1
4,18.4,53.8,32.8,583.5,486.1,735.8,696.2,625.3,1.0,7963,3,5.0,2
3,23.2,48.9,132.8,591.8,439.4,721.4714285714286,674.3,596.4,2.0,1482,5,5.0,1
2,18.1,53.8,102.6,562.2,487.4,711.9,644.8,565.9,1.0,7058,4,4.0,2
3,22.6,51.0,151.7,590.7,413.1,712.2,479.0,572.7,2.0,1482,3,3.0,1
3,23.4,49.8,141.4,589.3,434.6,705.0,473.3,567.1,2.0,1482,6,2.0,1
3,23.4,49.9,140.7,586.5,419.5,710.9,675.0,573.3,2.0,1482,6,5.0,1
3,23.3,50.1,136.9,590.8,444.5,716.4,681.4,578.7,2.0,1482,2,5.0,1
3,22.2,53.5,138.0,570.0,427.3,688.3,648.1,559.6,2.0,9184,6,4.0,1
3,29.660000000000004,48.6,132.6,589.5,437.6,716.2,680.4,595.0,2.0,1482,1,5.0,1
3,24.0,47.2,176.0,592.6,455.7,718.5,682.9,589.8,2.0,1482,2,4.0,1
3,22.1,48.2,106.8,592.5,466.0,727.7,684.5,618.5,2.0,8374,4,1.0,1
3,24.5,46.2,119.9,593.0,451.9,716.5,673.0,600.2,2.0,1482,5,5.0,1
3,29.74,46.6,122.6,585.4,453.0,719.3,674.8,588.4,1.0,5693,3,5.0,1
3,24.3,46.6,125.0,595.8,448.2,716.7857142857143,673.1,579.8,1.0,5693,5,4.0,1
3,29.74,46.7,122.0,585.7,453.8,718.0,667.2,582.2,1.0,5693,5,5.0,1
3,27.7,46.7,120.5,593.5,440.0,727.0571428571429,681.0,590.5,1.0,5693,6,5.0,1
2,18.2,53.6,101.1,557.9,487.0,704.0571428571428,625.9,570.2,1.0,7058,6,4.0,1
3,23.8,47.4,229.5,590.5,450.3,723.1,680.7,585.2,1.0,5693,6,4.0,1
3,23.4,48.4,127.2,592.7,448.2,712.2,665.3,587.9,1.0,5693,1,5.0,1
1,19.8,54.9,142.7,569.5,455.2,724.5,678.6,604.6,1.0,4507,3,4.0,1
3,29.660000000000004,48.2,120.9,594.6,459.5,717.2428571428572,666.5,582.6,1.0,5693,4,4.0,1
3,12.8,48.5,125.1,593.7,468.8,714.7,492.9,579.9,1.0,5693,2,5.0,1
3,21.6,48.6,124.2,570.4,405.7,712.0571428571429,658.8,596.6,3.0,6431,5,2.0,1
3,22.5,49.8,110.7,593.5,455.6,720.7,676.2,595.1,1.0,5693,1,2.0,3
3,25.0,47.4,112.5,593.0,388.3,714.1,662.0,583.0,2.0,3856,6,4.0,1
3,29.710000000000004,43.8,111.4,587.4,477.3,727.1,683.9,609.1,1.0,3418,6,4.0,1
3,22.1,50.8,115.6,597.6,454.6,720.1,680.4,592.6,1.0,5693,6,4.0,2
1,19.4,55.0,110.2,559.4,477.3,719.7,668.1,594.8,2.0,2847,4,5.0,1
2,18.8,45.0,193.0,584.3,558.4,779.8,743.3,694.2,0.0,2847,4,5.0,2
3,21.6,51.7,111.8,599.7,461.2,724.6,683.1,573.8,1.0,5693,3,4.0,1
2,23.2,47.6,107.5,582.8,475.1,731.8857142857144,690.7,625.0,1.0,1826,1,4.0,2
3,29.6,43.9,112.8,597.6,487.0,749.0,715.2,635.8,1.0,2105,6,3.0,2
1,18.9,56.0,111.3,570.0,439.3,713.3,686.6,600.1,2.0,8649,2,1.0,1
4,21.2,52.2,111.5,597.8,464.7,727.5,690.5,603.8,1.0,5693,5,2.0,3
4,21.5,51.8,113.4,597.6,460.9,727.6,673.8,603.8,1.0,5693,4,5.0,1
4,21.1,52.7,119.0,593.5,456.9,725.2,696.1,603.9,1.0,5693,5,3.0,2
4,20.9,53.2,117.3,596.2,464.0,730.6,694.9,595.9,1.0,5693,6,5.0,2
2,22.5,53.1,141.7,563.0,328.6,685.4,637.6,562.3,2.0,5172,1,4.0,1
3,11.4,49.1,126.2,567.5,407.1,707.2714285714286,659.4,585.8,3.0,6431,3,4.0,1
4,20.3,54.5,130.2,537.2,455.0,674.7,612.7,541.7,3.0,7058,4,5.0,1
4,20.7,53.5,216.5,599.8,466.5,729.6,688.1,614.2,1.0,5693,5,5.0,1
3,29.49,47.8,134.5,588.5,478.7,705.4,670.7,570.1,1.0,6847,2,3.0,1
4,20.6,53.9,110.9,593.1,466.8,727.4,685.1,611.0,1.0,5693,1,5.0,3
3,23.6,51.6,116.4,563.8,474.4,699.6,637.7,576.5,2.0,4761,3,4.0,1
3,25.5,49.0,118.6,535.8,475.9,658.3,584.9,514.1,2.0,6817,4,2.0,1
1,19.8,54.6,237.9,548.1,480.9,723.2714285714286,682.3,610.5,1.0,4703,6,2.0,1
3,24.5,47.4,112.2,599.3,397.8,672.3285714285714,581.4,489.2,2.0,3856,2,4.0,1
4,20.5,53.4,114.3,595.9,466.7,730.3857142857141,471.5,608.4,1.0,5693,1,4.0,2
4,20.4,53.9,112.4,597.3,458.6,735.6,688.5,618.2,1.0,5693,2,4.0,1
1,20.4,53.4,102.3,555.8,484.4,716.3999999999999,548.4,573.7,2.0,1458,4,5.0,1
2,16.0,45.2,68.2,619.5,593.1,788.7,760.4,717.8,0.0,1374,2,5.0,1
2,22.2,51.1,130.0,555.4,456.2,701.8,631.6,568.2,2.0,7058,5,4.0,1
3,22.3,47.0,126.7,587.7,454.5,717.4,893.8,611.2,2.0,1374,5,5.0,1
4,19.9,51.1,122.4,586.6,463.1,713.3,476.6,562.7,2.0,1374,1,4.0,1
4,20.2,54.1,117.0,598.2,480.5,731.5,692.7,607.6,1.0,5693,5,4.0,2
4,20.2,53.8,120.9,598.3,472.3,735.4,698.8,613.4,1.0,5693,5,5.0,1
4,20.4,54.8,113.6,547.0,460.0,725.2142857142857,674.9,610.8,1.0,9385,5,4.0,2
4,20.1,54.3,118.4,596.7,476.1,732.4,687.5,615.0,1.0,5693,4,5.0,2
3,24.0,47.3,130.8,583.0,394.0,719.9,458.9,575.6,1.0,9658,4,4.0,1
4,20.3,55.9,37.4,567.3,465.0,720.8,659.6,599.3,1.0,1903,4,3.0,1
3,20.7,50.0,111.1,588.3,422.6,733.6,683.3,599.4,2.0,9658,5,5.0,1
4,29.8,54.1,114.9,601.1,485.5,743.9,694.6,618.7,1.0,5693,5,5.0,2
4,19.8,54.6,31.7,600.8,471.9,732.2,701.5,613.7,1.0,5693,4,3.0,2
4,21.3,58.0,125.9,548.8,463.2,713.6428571428571,859.0,582.6,1.0,8936,3,2.0,1
4,29.27,55.5,119.1,602.6,478.8,740.3,494.8,609.2,1.0,5693,3,3.0,2
4,19.4,55.6,116.2,597.5,497.3,729.5,701.1,619.6,1.0,5693,6,4.0,1
4,19.4,55.7,120.1,596.1,486.5,736.3,696.7,601.9,1.0,5693,6,4.0,2
3,32.2,47.2,105.4,591.2,474.9,739.5,684.8,611.9,1.0,9658,2,5.0,1
1,17.8,54.6,135.6,587.1,500.8,729.4,677.3,599.3,1.0,7963,2,4.0,2
4,29.260000000000005,55.5,115.3,593.5,486.4,740.4,688.8,611.4,1.0,5693,4,5.0,1
2,19.6,50.6,89.6,613.2,524.0,762.7,714.0,645.6,0.0,9127,4,1.0,2
4,19.6,55.1,116.2,594.3,491.1,744.5,693.5,619.9,1.0,5693,3,3.0,2
2,18.2,53.0,122.8,589.6,453.9,696.1,647.5,550.2,1.0,2105,1,5.0,2
4,19.6,55.0,116.2,600.2,493.5,733.0,719.6,624.2,1.0,5693,5,1.0,1
3,22.8,51.7,115.0,554.8,420.0,690.6,632.5,554.7,3.0,9385,3,4.0,2
3,29.710000000000004,50.3,138.8,572.7,431.9,695.9571428571428,650.6,561.6,2.0,9184,6,4.0,1
4,20.4,54.8,117.9,554.5,464.2,720.0,677.2,609.9,1.0,9385,2,4.0,1
4,19.6,54.8,115.9,599.1,499.4,742.1,695.0,617.6,1.0,5693,4,4.0,1
1,17.8,55.0,127.5,592.1,505.4,744.8285714285714,698.4,637.1,1.0,9658,5,3.0,1
1,19.4,57.0,108.8,601.5,452.9,735.3,685.7,620.3,2.0,7241,2,4.0,2
3,25.0,47.0,117.2,575.6,378.3,708.7,656.7,586.6,2.0,7395,2,5.0,1
4,19.0,56.5,123.7,599.3,498.8,734.7571428571429,690.1,615.4,1.0,5693,5,4.0,2
4,19.0,56.7,124.2,597.3,501.7,725.9,700.8,608.3,1.0,5693,1,3.0,1
4,18.9,56.8,119.1,594.5,503.3,738.9,695.3,616.6,1.0,5693,5,3.0,2
4,19.0,56.6,122.9,593.8,498.9,728.3,682.8,606.7,1.0,5693,2,5.0,2
4,19.0,56.5,126.5,592.6,503.6,728.1,852.9,607.8,1.0,5693,3,3.0,2
4,19.2,56.2,118.0,596.6,488.7,731.5,690.4,609.7,1.0,5693,4,4.0,1
4,19.3,55.6,235.5,594.6,475.1,728.4,699.0,611.3,1.0,5693,1,3.0,2
4,19.4,55.5,117.6,600.7,496.9,730.3,699.0,606.6,1.0,5693,1,5.0,2
4,19.4,55.4,124.4,602.1,483.9,739.0,704.6,612.0,1.0,5693,6,5.0,2
3,29.62,46.6,106.5,595.3,463.7,733.6,684.8,611.8,3.0,8374,6,4.0,1
4,19.2,55.8,114.9,600.3,499.8,732.1,694.7,612.1,1.0,5693,5,5.0,2
3,23.6,49.8,128.6,566.3,405.7,663.0,570.5,512.3,1.0,3074,1,5.0,1
1,19.4,55.4,123.4,597.0,486.5,731.8,701.3,607.3,1.0,5693,3,4.0,2
1,9.7,55.8,120.3,597.0,497.3,731.1,699.8,621.6,1.0,5693,3,5.0,3
2,17.5,45.4,79.9,609.7,520.3,759.5,720.0,665.0,0.0,8052,2,3.0,1
1,18.8,56.5,120.7,599.8,494.9,738.7,692.0,619.7,1.0,5693,5,4.0,2
1,19.0,56.2,126.5,596.5,504.0,737.0857142857143,701.1,619.4,1.0,5693,4,2.0,2
1,18.8,56.6,120.7,595.5,499.1,726.6,690.1,629.2,1.0,5693,6,5.0,3
1,18.7,57.0,118.8,599.3,495.9,740.6,695.1,632.2,1.0,5693,6,4.0,2
1,17.9,44.3,76.4,611.8,541.5,784.5,755.7,674.1,1.0,2105,1,1.0,1
2,22.5,46.4,89.8,605.3,490.8,746.9,709.5,645.8,1.0,9127,3,5.0,2
2,19.5,52.1,89.8,614.4,415.5,746.6571428571427,700.9,614.9,1.0,7241,1,3.0,3
1,19.0,55.8,115.1,599.4,506.9,745.1,692.2,611.0,1.0,5693,2,4.0,3
3,23.2,46.2,109.1,596.2,396.1,717.0,686.5,572.9,4.0,8374,3,5.0,1
1,19.1,55.6,120.0,603.7,503.5,738.1,488.5,616.3,1.0,5693,3,4.0,2
1,19.1,55.7,121.2,595.2,500.9,740.0857142857142,703.2,626.0,1.0,5693,2,4.0,3
4,21.1,54.4,145.9,560.2,343.4,680.5,620.7,532.3,2.0,3074,3,5.0,1
4,22.7,52.4,139.6,560.7,345.9,669.7,599.2,532.0,2.0,3074,4,5.0,1
2,16.6,47.2,27.4,595.1,455.0,735.1,695.6,631.2,3.0,2679,5,5.0,2
1,18.0,42.9,64.0,629.2,603.5,797.0,765.5,706.0,0.0,5693,4,1.0,2
1,17.9,42.7,21.7,627.1,609.4,795.5,763.6,712.0,0.0,5693,6,5.0,1
1,17.7,42.3,58.1,632.7,614.4,803.0,769.8,720.9,0.0,5693,5,3.0,2
1,17.5,42.2,61.3,629.5,625.3,802.6142857142858,777.9,728.3,0.0,5693,1,4.0,1
1,17.6,42.4,58.0,632.8,625.3,802.6142857142858,775.7,733.1,0.0,5693,4,5.0,1
2,22.0,55.8,164.9,562.3,325.0,669.1,628.1,542.2,2.0,5172,6,3.0,1
1,17.6,42.8,61.9,637.9,623.7,807.7,771.9,721.5,0.0,5693,1,3.0,2
1,17.3,43.7,66.8,626.5,620.8,793.1,771.5,718.8,0.0,5693,5,1.0,1
2,18.6,53.7,100.9,584.1,456.4,720.9,675.3,598.0,2.0,7395,5,4.0,2
2,18.4,51.2,81.3,582.4,580.8,766.5,743.4,675.1,0.0,1903,3,4.0,2
1,16.0,45.0,74.3,609.1,583.3,789.3,755.9,700.4,0.0,5820,4,4.0,2
1,19.2,53.3,124.4,572.1,423.4,725.1571428571427,679.1,619.1,2.0,5172,6,2.0,3
1,17.4,44.2,62.1,631.4,611.1,795.8428571428573,763.4,711.2,0.0,5693,2,2.0,2
1,17.3,44.7,62.5,630.6,620.1,797.7,763.5,714.8,0.0,5693,4,4.0,2
1,17.2,45.2,61.7,634.7,624.8,797.0,756.6,719.6,0.0,5693,4,4.0,1
4,21.4,47.1,109.3,589.9,366.9,688.7,610.2,525.0,2.0,3418,4,2.0,1
1,17.3,44.8,63.8,627.7,623.9,796.1,766.5,719.7,0.0,5693,2,4.0,1
1,19.8,57.4,119.2,562.4,417.6,701.3,665.8,584.5,2.0,9385,4,4.0,1
3,23.3,52.8,166.7,548.4,448.2,714.6,657.0,585.9,1.0,9385,1,5.0,1
2,19.6,55.0,94.0,577.3,435.2,716.2,672.5,615.4,1.0,1903,5,5.0,3
1,18.0,52.4,122.6,592.4,471.0,743.1,688.9,626.2,1.0,1374,1,4.0,2
2,29.210000000000004,51.1,92.6,565.2,518.3,747.9,707.1,655.9,1.0,2847,4,1.0,2
1,19.1,45.4,70.4,626.4,566.5,784.9,753.9,694.9,0.0,5693,2,3.0,2
1,18.9,46.4,78.6,617.8,547.2,780.2,753.5,684.9,0.0,5693,2,5.0,2
1,18.9,46.6,81.0,617.2,554.0,777.7571428571429,747.3,693.7,0.0,5693,1,5.0,2
1,19.4,46.0,18.9,619.4,554.8,781.2,742.6,692.3,0.0,5693,6,3.0,2
4,21.0,53.9,111.2,551.5,506.5,722.8,541.5,599.2,1.0,6817,5,4.0,2
1,19.5,46.4,83.7,612.0,556.4,771.2285714285714,735.6,686.7,0.0,5693,2,4.0,1
1,19.4,47.0,80.9,618.3,557.0,776.3,740.7,678.2,0.0,5693,6,4.0,1
2,20.4,51.0,97.9,581.5,411.7,711.2,668.5,590.1,2.0,7395,4,5.0,1
1,18.1,47.4,206.9,623.7,572.2,784.4,754.5,702.8,0.0,5693,1,5.0,1
1,17.8,47.2,72.3,631.9,588.3,788.3,754.8,708.9,0.0,5693,5,2.0,2
1,29.09,45.9,67.1,631.5,588.3,790.9,764.6,711.7,0.0,5693,5,3.0,1
3,29.74,44.2,136.8,580.1,450.1,698.1,645.6,560.0,1.0,6847,5,5.0,1
1,17.9,44.3,60.3,627.9,603.4,794.5,777.6,733.1,0.0,5693,5,2.0,2
1,18.1,44.3,67.9,624.8,587.8,795.3,760.0,712.4,0.0,5693,6,3.0,2
2,19.1,54.8,185.9,573.9,397.2,724.2,670.6,598.0,1.0,3074,3,5.0,2
1,18.0,45.0,64.3,627.4,596.0,789.3,759.0,713.4,0.0,5693,1,3.0,1
4,21.8,52.4,121.7,540.2,412.0,654.7,586.3,511.8,4.0,7058,6,4.0,1
2,18.0,46.6,71.2,620.2,581.2,782.0,760.8,702.5,0.0,5693,1,4.0,2
2,18.1,47.2,86.5,610.2,558.7,777.6857142857143,889.4,685.2,0.0,5693,3,5.0,1
2,18.0,48.1,100.0,609.1,561.4,766.9,724.6,651.9,0.0,5693,6,5.0,2
2,18.0,48.2,100.5,607.7,551.2,767.8,707.2,641.8,1.0,5693,2,4.0,1
2,29.14,47.8,102.3,605.4,553.1,771.1,726.7,627.5,1.0,5693,2,4.0,2
2,18.2,45.7,227.0,619.5,535.6,761.4,713.5,632.8,0.0,5693,2,2.0,2
2,18.4,46.4,74.7,619.0,507.7,755.6,710.5,628.6,1.0,5693,4,5.0,1
2,18.3,46.6,204.1,612.3,541.0,766.4,719.0,650.8,1.0,5693,1,5.0,1
4,20.6,55.4,143.4,556.8,348.0,689.6,628.0,542.2,2.0,3074,4,4.0,1
2,18.2,46.9,76.7,615.1,454.6,747.2,696.4,592.3,1.0,5693,5,5.0,1
3,24.1,52.0,117.4,554.1,482.3,706.3,672.8,593.3,1.0,3592,2,5.0,1
2,18.2,47.4,73.5,620.6,479.1,750.6,710.1,626.0,2.0,5693,4,4.0,1
2,18.4,46.5,73.0,620.1,492.2,756.5285714285714,714.1,633.0,2.0,5693,3,4.0,1
2,20.0,44.0,78.9,618.0,504.7,762.8,710.5,644.5,2.0,5693,5,4.0,1
2,19.5,45.1,77.8,614.3,499.0,759.9,704.3,643.7,2.0,5693,6,4.0,2
2,19.4,45.7,77.4,614.9,495.5,758.7,712.9,640.9,2.0,5693,3,3.0,2
2,19.4,47.2,90.5,612.9,488.0,751.0571428571429,711.7,637.0,2.0,5693,4,3.0,3
2,29.3,54.1,110.2,565.3,501.3,735.2,700.8,626.9,1.0,9385,3,5.0,2
2,19.1,44.2,72.2,617.9,542.3,776.9,738.1,675.4,1.0,5693,5,5.0,2
2,16.4,49.8,89.4,602.1,505.5,753.3,713.8,648.6,1.0,3418,4,5.0,1
2,18.7,44.1,204.3,622.0,563.5,781.6,751.7,689.6,1.0,5693,3,4.0,2
2,28.99,43.5,11.3,571.1,607.3,804.5,777.9,731.5,0.0,9241,1,5.0,2
2,18.0,44.2,63.8,629.0,562.1,782.4,748.9,691.5,1.0,5693,4,5.0,2
2,17.9,44.5,63.3,623.8,588.3,782.9,752.0,702.6,1.0,5693,3,1.0,1
2,20.4,44.6,98.3,605.5,459.4,762.2,709.5,639.4,1.0,2105,2,5.0,2
4,21.0,57.8,122.3,551.8,473.9,718.6,670.1,607.0,1.0,5214,3,4.0,1
2,18.0,44.2,63.9,625.2,579.0,780.5,752.2,708.6,0.0,5693,2,4.0,1
3,24.2,49.4,118.2,574.9,428.8,712.1000000000001,662.8,587.9,2.0,1826,5,3.0,1
2,24.3,53.0,117.4,554.2,474.1,705.1,658.2,582.2,1.0,8936,1,5.0,1
2,18.1,44.0,66.0,626.0,575.9,789.9,757.5,699.0,0.0,5693,1,3.0,2
2,18.1,44.2,62.9,627.3,586.1,789.6,758.5,693.1,0.0,5693,3,2.0,2
1,28.92,45.4,76.2,605.7,567.4,785.7,760.4,711.4,1.0,6431,2,5.0,2
2,21.8,47.4,92.1,603.9,490.5,749.0,708.4,645.7,1.0,9127,1,4.0,2
2,22.9,45.8,184.1,568.5,381.5,712.0,663.4,592.3,2.0,7963,6,4.0,1
1,13.1,52.9,112.3,557.0,479.1,725.0,672.9,608.6,1.0,2847,4,4.0,2
4,20.8,54.2,123.8,548.1,447.7,672.4,600.0,525.0,3.0,7058,3,4.0,1
2,20.8,43.7,76.9,615.3,533.5,771.5,730.4,663.1,0.0,5693,1,3.0,1
2,22.2,41.8,77.3,612.4,531.6,762.4,727.3,660.9,0.0,5693,6,3.0,1
4,20.5,47.6,115.7,583.4,443.2,734.8285714285714,693.5,615.6,2.0,6431,4,2.0,2
2,22.2,42.3,73.7,611.7,538.6,754.4,715.9,656.7,0.0,5693,6,5.0,2
2,23.1,41.9,83.1,611.1,524.5,750.4,708.5,639.0,1.0,5693,6,5.0,2
2,23.6,41.0,76.2,606.9,519.8,742.9,719.4,641.8,1.0,5693,6,2.0,1
1,16.8,54.4,121.9,586.9,505.8,764.8,711.5,659.1,0.0,5820,3,5.0,3
2,23.2,42.6,26.1,611.5,513.2,747.3000000000001,707.0,640.4,1.0,5693,2,5.0,2
2,23.4,42.6,83.5,616.6,514.6,743.1,708.9,648.0,1.0,5693,4,3.0,2
2,23.6,42.1,85.8,610.8,519.3,748.3,707.1,640.5,1.0,5693,3,3.0,3
2,23.5,42.6,78.6,608.6,505.3,750.4,702.7,641.8,1.0,5693,3,5.0,2
2,23.7,42.5,91.4,607.3,492.5,743.6857142857143,703.8,620.2,1.0,5693,6,5.0,2
1,16.5,46.8,84.5,608.6,558.2,772.7,740.2,687.0,1.0,1374,4,2.0,2
3,23.0,43.8,90.2,609.9,478.2,740.9,695.6,611.0,1.0,5693,1,5.0,1
3,23.6,42.7,93.6,612.2,504.8,748.157142857143,699.6,631.6,1.0,5693,4,5.0,2
3,23.8,42.8,91.4,599.5,503.5,741.0857142857142,701.8,626.3,1.0,5693,3,5.0,2
3,23.5,43.2,203.3,603.7,496.3,747.5,702.3,630.5,1.0,5693,3,4.0,2
3,23.5,43.4,91.7,609.4,503.7,741.5,699.9,630.8,1.0,5693,2,2.0,1
3,24.5,46.9,110.5,572.6,456.1,717.6,669.7,607.4,2.0,7395,1,2.0,1
4,19.6,47.8,109.2,579.0,452.2,724.8,680.2,608.8,2.0,2679,1,5.0,2
3,23.5,43.4,93.2,607.4,504.1,747.2,696.3,621.1,1.0,5693,5,2.0,2
2,22.8,45.9,172.0,573.6,401.8,717.3,667.7,598.2,2.0,7963,2,5.0,1
3,23.5,43.6,88.5,603.0,501.9,747.4857142857144,518.6,623.6,1.0,8374,4,5.0,2
3,23.3,44.3,99.0,605.7,505.6,739.0,530.5,631.6,1.0,8374,3,5.0,2
2,16.6,46.1,196.4,619.4,625.5,783.6,762.3,695.3,0.0,3418,6,5.0,1
3,29.680000000000003,43.9,39.3,599.0,496.2,738.8,694.5,618.9,1.0,8374,5,5.0,3
3,23.8,43.9,42.4,603.3,478.4,738.2,706.4,621.1,1.0,8374,6,4.0,2
2,22.3,53.8,110.7,545.6,503.6,725.4,670.7,597.4,2.0,1458,2,5.0,3
3,23.8,43.5,222.3,603.4,481.8,746.7,702.5,620.9,1.0,8374,6,5.0,1
3,29.67,44.2,31.9,603.8,494.3,736.4,696.1,622.0,1.0,8374,5,5.0,1
1,20.4,57.0,123.9,558.0,454.3,715.2,533.9,594.9,1.0,4761,3,3.0,1
3,24.1,44.0,100.6,597.9,458.7,730.6857142857143,691.4,608.4,1.0,8374,4,5.0,1
3,24.0,44.2,107.6,599.2,447.1,733.8,683.8,621.2,1.0,8374,4,4.0,2
3,23.8,45.0,108.2,600.6,415.9,726.5,673.9,580.3,1.0,8374,6,3.0,1
4,21.1,54.0,119.1,547.2,441.1,706.5,663.3,588.2,2.0,9385,3,4.0,1
3,29.78,43.0,116.7,600.6,333.9,721.7,657.2,569.9,2.0,8374,3,5.0,1
3,20.3,49.8,112.2,583.7,450.6,712.9,659.1,606.9,2.0,6431,3,4.0,3
3,24.4,43.2,99.4,602.6,344.9,722.1,657.3,572.8,3.0,8374,1,4.0,2
4,21.2,51.7,108.6,555.7,466.0,745.8,707.0,639.3,1.0,9241,5,5.0,3
2,29.460000000000004,45.7,188.4,584.1,490.4,744.8857142857144,698.7,648.1,1.0,5820,2,2.0,2
3,25.7,48.4,111.5,545.3,475.2,682.4,598.7,543.0,2.0,6817,3,5.0,1
2,20.8,51.1,94.3,577.1,422.7,719.7,656.7,600.4,2.0,7395,5,4.0,2
3,23.5,45.4,105.2,602.2,356.2,720.3,660.5,561.0,4.0,8374,5,5.0,1
3,23.8,50.2,128.7,557.7,460.5,712.3,659.6,597.1,1.0,9385,5,5.0,1
1,18.8,55.3,127.4,571.8,481.2,723.9571428571428,682.6,605.2,1.0,4507,6,5.0,2
3,23.3,46.3,104.5,591.1,415.4,726.5,674.0,601.6,4.0,8374,4,2.0,1
1,29.07,50.8,117.9,590.4,500.9,758.4,714.8,644.7,1.0,1374,5,5.0,2
3,23.4,46.0,103.6,597.1,447.1,730.4,685.9,614.2,4.0,8374,1,2.0,1
2,19.4,51.2,107.4,563.2,507.0,738.7,708.8,644.8,1.0,2847,6,4.0,1
2,23.3,52.0,110.0,547.5,479.7,710.2,666.9,603.1,1.0,1458,1,3.0,1
3,29.610000000000003,46.6,97.7,600.1,472.2,740.3,693.1,620.1,3.0,8374,1,5.0,2
2,18.0,53.9,100.7,560.4,493.9,717.1,842.2,571.9,1.0,7058,4,4.0,1
3,22.4,47.1,111.2,596.9,457.4,730.5,691.8,609.2,3.0,8374,3,2.0,2
3,24.3,51.5,135.6,555.8,411.6,687.9,625.9,563.8,2.0,4761,3,4.0,1
3,22.5,46.8,106.3,593.5,458.1,737.7,695.2,627.3,3.0,8374,1,4.0,3
3,22.3,47.5,103.2,597.9,454.2,734.9,699.2,614.7,3.0,8374,4,4.0,2
3,22.1,47.9,100.8,597.8,460.0,732.5,687.0,598.5,2.0,8374,3,4.0,3
3,29.52,48.3,107.5,600.6,465.0,731.6,483.5,604.3,2.0,8374,6,1.0,1
3,29.510000000000005,48.6,107.6,601.5,467.9,736.3285714285714,698.6,608.2,2.0,8374,6,2.0,2
4,20.6,54.6,111.3,550.1,505.2,728.4,676.5,619.0,1.0,6817,1,5.0,3
3,23.8,53.6,123.8,545.1,446.7,697.7,646.3,564.7,2.0,8936,5,3.0,1
3,21.5,49.2,108.4,597.5,449.8,731.1,681.9,613.9,2.0,8374,3,5.0,3
3,21.3,49.6,103.9,603.1,457.5,733.4857142857144,690.2,612.0,2.0,8374,4,5.0,2
3,21.5,48.7,103.6,601.6,458.4,723.3,687.6,606.9,2.0,8374,6,4.0,2
3,21.4,48.5,105.8,601.6,467.9,731.2,679.1,609.4,1.0,8374,3,4.0,3
3,21.7,48.0,100.9,599.5,445.4,725.342857142857,678.7,604.6,2.0,8374,2,4.0,3
2,16.6,44.2,58.8,578.0,631.9,792.5,762.5,716.8,0.0,9241,3,2.0,2
3,21.6,47.8,180.1,598.7,447.7,730.6428571428571,679.6,607.0,2.0,8374,5,4.0,1
2,22.0,45.9,82.0,595.0,501.8,745.5,701.7,649.7,0.0,1826,5,4.0,2
4,20.8,49.6,100.0,598.6,460.1,725.1,681.4,613.5,2.0,8374,2,3.0,3
4,20.8,49.7,105.6,593.7,460.7,732.8,685.5,597.9,2.0,8374,2,2.0,1
2,18.6,53.4,93.2,583.1,506.6,742.1,688.9,622.2,1.0,7395,6,4.0,2
4,20.9,49.3,109.1,601.3,462.9,721.2,683.5,601.6,2.0,8374,4,4.0,2
1,20.4,53.4,93.7,554.9,498.5,702.2,637.7,575.7,2.0,1458,4,5.0,1
3,25.8,48.1,26.3,550.9,472.2,692.5285714285716,590.2,545.0,2.0,6817,1,4.0,1
4,20.7,49.4,105.4,595.3,460.0,735.7,689.1,612.8,2.0,8374,3,5.0,2
2,20.2,51.1,89.9,616.7,375.2,755.2,704.0,612.2,1.0,7241,2,4.0,2
4,20.3,50.1,103.1,598.9,468.4,731.9428571428572,699.2,605.3,2.0,8374,2,4.0,2
4,29.330000000000002,50.4,105.4,598.0,467.7,732.7,690.8,624.2,2.0,8374,1,3.0,2
3,23.4,49.6,134.5,543.6,394.3,620.3,547.6,474.2,4.0,7058,6,4.0,1
3,24.6,43.7,136.3,581.5,445.4,703.9,651.9,559.0,1.0,6847,3,4.0,1
4,19.2,53.2,130.8,591.8,430.1,735.3,687.6,606.8,1.0,6847,2,4.0,3
4,20.1,50.5,111.2,601.6,474.0,736.7,690.4,609.2,2.0,8374,6,5.0,1
2,17.0,42.9,62.6,634.4,607.8,801.2,854.8,718.1,0.0,8374,1,2.0,1
4,20.2,50.1,109.0,594.9,470.2,737.4,692.6,619.4,2.0,8374,1,5.0,1
1,20.3,58.2,124.5,546.5,471.0,718.1,675.9,608.9,1.0,8936,1,5.0,1
1,18.4,54.1,126.2,592.0,449.9,755.1,699.7,632.5,1.0,4129,6,3.0,2
4,29.32,50.1,117.6,592.7,474.0,740.4,694.1,617.9,2.0,8374,4,3.0,1
2,18.1,49.8,80.6,605.0,522.1,766.1285714285715,727.8,676.6,0.0,4129,4,4.0,2
1,20.4,58.3,122.1,544.4,483.6,724.2,676.9,605.1,1.0,8936,2,4.0,1
4,19.9,50.3,110.3,598.1,472.0,732.6,691.0,626.7,2.0,8374,3,4.0,2
4,19.6,51.1,116.7,596.8,472.7,741.0,697.2,623.9,1.0,8374,2,5.0,2
4,19.6,50.9,17.9,595.9,494.5,740.4,692.3,610.8,1.0,8374,6,5.0,2
4,19.6,51.1,112.5,594.7,491.8,725.6,693.9,635.1,1.0,8374,2,4.0,3
2,19.1,47.2,85.1,611.5,495.7,753.3,706.2,643.5,2.0,5693,4,2.0,3
4,19.7,50.7,111.1,598.9,472.8,736.257142857143,696.4,607.7,1.0,8374,3,4.0,1
3,24.2,51.9,119.1,552.1,476.5,719.3,660.2,600.0,1.0,3592,3,5.0,1
4,29.27,50.7,109.5,594.2,471.4,734.6,700.2,613.2,1.0,8374,5,5.0,2
1,17.6,55.1,131.4,582.6,497.9,737.9,682.8,617.7,1.0,7963,3,5.0,2
4,19.6,50.7,111.7,594.2,485.1,737.0,691.3,623.4,1.0,8374,5,3.0,2
4,19.5,51.0,117.9,598.2,487.0,734.9,697.0,616.7,1.0,8374,3,2.0,3
4,19.5,50.8,116.5,598.7,476.1,733.8,695.7,609.3,1.0,8374,1,5.0,2
3,23.6,46.6,100.8,596.5,457.5,724.6,682.1,617.2,1.0,1482,2,5.0,1
4,19.4,50.9,112.3,590.8,480.6,733.1,694.7,615.6,1.0,8374,5,5.0,2
4,19.2,51.4,109.9,596.8,481.9,736.8999999999999,694.5,618.9,1.0,8374,3,4.0,1
3,23.6,51.6,112.0,537.8,490.2,716.5,678.4,601.8,1.0,1458,5,4.0,2
3,23.3,46.1,135.6,584.8,460.2,703.4142857142858,663.7,560.3,1.0,6847,4,5.0,1
2,23.5,50.3,106.9,543.1,425.7,724.1,654.4,582.3,2.0,4703,6,5.0,1
4,19.1,51.5,111.0,596.2,491.4,744.6,697.6,635.4,1.0,8374,3,4.0,2
4,19.2,51.5,26.3,600.2,481.5,741.3,881.7,641.7,1.0,8374,5,2.0,3
4,19.0,51.8,115.7,603.6,490.1,739.5714285714287,692.5,635.5,1.0,8374,5,4.0,3
4,19.0,51.8,113.8,597.6,475.8,738.9142857142858,689.4,629.7,1.0,8374,6,5.0,1
4,20.8,53.3,122.7,574.8,490.5,728.9,679.6,616.8,2.0,4507,4,5.0,2
4,29.24,51.2,117.1,603.3,492.0,750.6,714.3,625.1,1.0,8374,1,5.0,2
4,19.2,51.1,111.1,596.2,476.0,749.2,707.0,628.5,1.0,8374,1,3.0,1
4,21.4,52.9,126.2,575.8,446.6,709.2,675.8,600.1,1.0,4507,5,5.0,1
4,19.3,50.9,111.9,599.7,464.6,747.8,705.8,626.6,1.0,8374,4,5.0,2
3,24.0,52.0,115.7,553.7,484.0,720.8,674.4,611.4,2.0,3592,5,3.0,1
2,20.0,46.6,91.9,592.0,455.2,722.5714285714286,679.0,610.2,2.0,6431,4,4.0,1
4,19.1,51.2,109.2,600.5,489.4,741.0,891.0,631.1,1.0,8374,4,3.0,3
1,19.0,51.6,114.9,599.2,487.0,742.9,709.8,635.1,1.0,8374,3,3.0,1
1,18.9,51.6,107.2,598.7,469.4,740.5,705.2,630.4,1.0,8374,5,5.0,2
1,18.9,51.7,108.3,604.9,490.3,747.5,807.5,640.5,1.0,8374,1,5.0,2
3,29.760000000000005,48.1,104.9,545.6,442.9,731.8,681.0,621.0,1.0,4703,1,3.0,1
1,19.0,51.3,111.7,605.6,470.8,742.7,698.8,637.8,1.0,8374,3,3.0,2
3,23.6,45.6,117.5,588.8,488.1,728.7,687.6,612.5,1.0,4129,4,4.0,2
2,18.2,53.8,77.8,593.4,535.6,757.2,723.4,663.2,0.0,5172,4,4.0,1
1,29.260000000000005,57.2,136.4,561.5,405.9,690.5,640.3,571.0,2.0,6528,2,3.0,1
2,23.6,51.0,102.5,556.4,475.5,717.5,684.8,605.7,1.0,5214,5,4.0,1
1,18.9,51.6,30.1,599.9,483.6,750.1,700.7,638.2,1.0,8374,1,5.0,1
2,18.9,50.0,222.5,580.0,486.1,733.5,682.4,617.3,2.0,9184,3,4.0,1
1,18.8,51.6,110.7,593.1,469.6,748.6,703.6,617.4,1.0,8374,4,4.0,1
1,18.8,51.7,112.7,597.2,475.7,749.1,702.9,635.4,1.0,8374,6,1.0,2
2,23.7,49.7,101.4,541.2,404.7,726.3,645.8,568.9,2.0,4703,6,3.0,1
3,22.3,48.1,164.8,567.4,420.4,695.9571428571428,652.5,567.3,2.0,7963,3,4.0,1
1,18.6,52.2,108.5,603.2,480.2,740.6,705.6,636.4,1.0,8374,1,4.0,2
4,29.380000000000003,55.2,137.3,562.5,369.7,679.8714285714286,629.2,535.1,2.0,3074,4,4.0,1
1,18.6,52.1,111.5,595.8,485.0,743.9,700.1,633.1,1.0,8374,4,4.0,2
2,29.110000000000003,47.2,77.4,606.7,481.8,771.8,736.5,673.1,0.0,2105,3,5.0,1
1,18.5,41.2,82.2,616.6,516.0,782.1,746.1,685.0,1.0,8374,4,3.0,1
1,19.0,56.5,108.8,602.5,497.1,731.2,679.3,600.0,1.0,3856,1,5.0,2
1,17.9,39.7,61.0,624.6,561.7,797.4,768.2,712.0,1.0,8374,4,4.0,2
1,17.6,39.9,60.7,625.8,555.7,800.3,770.8,723.8,0.0,8374,5,4.0,2
1,17.5,40.0,68.0,629.8,575.9,795.6,779.3,717.4,0.0,8374,1,3.0,1
2,24.1,53.1,117.4,553.9,478.8,699.3,648.7,578.6,1.0,8936,5,5.0,1
1,17.4,44.3,60.8,621.1,602.6,800.0,754.9,722.8,0.0,5693,5,3.0,2
1,17.1,41.1,62.9,630.0,595.2,795.6,772.3,731.1,0.0,8374,5,3.0,1
2,18.7,52.5,115.3,599.5,468.5,746.5,695.7,610.7,1.0,4129,6,4.0,3
1,17.1,41.7,60.4,631.4,609.1,803.0,776.3,722.5,0.0,8374,3,5.0,2
1,19.2,55.0,96.9,576.7,475.0,728.3,694.5,620.3,1.0,6528,3,3.0,2
3,23.4,53.3,190.0,554.3,449.4,706.2142857142857,652.9,581.2,2.0,5214,2,5.0,1
3,23.5,50.5,103.8,540.0,425.3,719.7,656.6,588.7,2.0,4703,1,4.0,1
1,18.9,43.7,76.8,618.0,549.4,777.6,738.3,674.2,1.0,8374,4,5.0,1
1,18.4,45.3,76.6,614.1,524.8,769.1714285714287,740.6,675.3,0.0,8374,4,4.0,1
3,24.1,46.9,100.8,602.8,459.8,712.8,674.2,583.7,1.0,9127,2,4.0,3
1,19.1,44.9,19.2,617.8,532.7,764.5,742.3,655.6,0.0,8374,3,4.0,1
1,18.0,45.6,67.1,624.5,573.1,782.1,756.0,707.8,0.0,1482,3,1.0,2
1,18.8,46.6,77.5,607.6,519.5,762.4428571428572,728.9,661.4,0.0,8374,1,5.0,2
3,23.8,49.2,125.6,566.2,409.7,666.5,568.1,507.0,1.0,3074,3,5.0,1
1,18.1,48.4,183.2,612.2,500.2,764.4,716.6,659.0,0.0,8374,5,1.0,2
4,19.7,54.6,120.0,601.8,469.5,741.0,696.1,625.7,1.0,5693,5,3.0,1
1,18.4,48.5,92.8,605.9,514.0,766.2,890.2,663.8,0.0,8374,3,1.0,1
1,18.3,43.5,75.8,621.9,568.7,789.3,749.2,699.7,0.0,8374,2,5.0,1
3,23.5,51.8,116.3,552.0,477.1,704.2,672.0,594.5,1.0,1458,1,4.0,1
2,18.4,47.2,103.2,597.0,375.9,745.7285714285715,700.4,631.9,2.0,5820,6,4.0,3
1,20.0,54.6,97.6,550.1,508.4,697.1,626.6,566.6,2.0,1458,6,4.0,1
1,18.8,56.6,17.5,562.5,427.4,713.0,663.3,600.4,2.0,8649,2,5.0,1
2,19.3,53.6,89.5,581.8,462.1,726.4,682.8,621.1,1.0,6528,5,3.0,3
1,17.5,42.3,61.2,626.4,591.1,803.3,757.3,725.1,0.0,8374,6,3.0,2
1,17.4,41.4,64.4,624.8,584.9,802.5,772.3,712.3,0.0,8374,6,3.0,2
1,32.5,54.1,118.6,586.0,500.8,756.1,893.7,661.0,0.0,5820,1,4.0,2
1,17.4,42.1,62.0,631.5,609.7,800.8,771.7,727.3,0.0,8374,3,4.0,2
4,21.2,51.6,105.7,554.4,459.1,745.6,705.1,632.5,1.0,9241,6,3.0,1
4,17.5,53.4,121.3,592.3,485.2,754.4,717.5,653.8,0.0,5820,6,5.0,2
2,17.5,41.3,59.3,626.7,619.7,796.5,767.5,722.6,0.0,8374,3,4.0,2
2,17.3,41.7,69.6,620.7,612.0,801.2,764.7,721.7,0.0,8374,3,4.0,2
4,19.9,48.2,113.0,588.7,458.6,735.1,678.3,620.2,1.0,6431,6,5.0,3
2,17.2,41.7,56.2,631.1,619.7,800.9714285714286,769.1,728.5,0.0,8374,3,5.0,1
4,20.2,58.8,128.4,549.3,489.4,723.1857142857143,687.5,610.6,1.0,8936,6,5.0,1
3,29.610000000000003,45.1,115.5,601.5,426.5,735.1571428571427,691.9,614.4,1.0,2105,4,5.0,3
2,17.1,42.6,56.4,633.4,616.0,792.5,765.0,711.1,0.0,8374,6,4.0,1
2,17.1,42.6,58.5,629.7,602.0,800.5,773.8,726.8,0.0,8374,6,4.0,2
2,16.9,43.8,60.5,632.6,590.2,796.7,768.9,705.9,0.0,8374,4,4.0,1
2,21.7,49.7,102.5,577.8,469.2,727.0,683.0,617.3,1.0,4507,6,5.0,3
2,17.3,44.5,63.5,622.0,555.2,785.9,748.3,699.5,0.0,8374,2,4.0,2
2,17.1,46.5,63.3,614.0,566.2,784.5,743.7,700.9,0.0,2105,5,5.0,1
2,17.2,46.8,66.1,614.1,550.8,769.5285714285714,523.8,681.7,0.0,2105,1,2.0,1
2,29.03,47.0,68.6,624.2,559.2,777.5,754.0,679.2,0.0,2105,2,4.0,2
4,19.6,57.0,125.2,564.9,398.5,696.2,646.7,561.5,2.0,6528,1,5.0,1
4,20.6,58.4,3.0,550.0,458.3,713.4,690.2,609.3,1.0,5214,4,3.0,1
2,29.04,47.4,73.1,623.5,531.3,777.1428571428571,739.5,680.5,0.0,2105,2,4.0,2
2,17.3,47.1,68.4,619.7,558.8,776.6,757.8,679.5,0.0,2105,4,4.0,2
4,30.6,52.2,128.6,568.7,408.1,717.4,660.9,598.7,1.0,1826,4,5.0,1
2,17.5,47.5,71.5,628.3,518.8,773.3142857142857,735.8,683.2,0.0,2105,3,3.0,2
2,29.07,47.6,63.1,623.5,517.4,775.3,746.6,677.0,0.0,2105,4,4.0,2
3,29.830000000000002,49.5,125.3,552.3,486.6,711.9,669.4,600.4,2.0,3592,6,5.0,1
4,19.1,47.2,113.6,587.1,449.1,716.7,669.3,597.4,3.0,8052,4,4.0,2
3,20.2,51.6,135.9,581.8,441.2,720.5,678.8,599.3,1.0,7963,3,5.0,2
1,17.0,49.8,86.0,601.6,541.9,760.1571428571427,707.9,646.7,1.0,7963,6,5.0,2
2,18.0,47.1,79.0,613.6,486.0,775.4,894.3,672.2,0.0,2105,6,4.0,2
2,19.2,54.1,98.7,587.0,473.4,732.0,680.6,612.9,1.0,6528,3,5.0,2
2,17.8,48.4,87.4,614.4,463.3,765.1,738.1,652.5,0.0,2105,5,3.0,2
2,17.7,49.1,88.0,614.0,470.3,754.2714285714286,717.9,648.9,0.0,2105,3,5.0,2
2,17.8,49.0,83.5,609.2,457.8,769.1,725.7,646.1,0.0,2105,1,4.0,2
2,17.8,49.1,92.7,606.8,439.5,766.4,724.9,656.8,0.0,2105,3,4.0,3
2,17.9,48.9,89.7,607.4,438.1,765.7,735.2,638.9,0.0,2105,2,2.0,2
2,17.8,49.2,87.3,608.4,430.8,765.4714285714284,720.8,646.1,0.0,2105,6,5.0,2
2,17.8,49.3,93.9,603.6,433.4,764.7,725.9,648.9,0.0,2105,3,3.0,2
1,19.6,56.8,128.0,565.7,396.5,689.9428571428571,638.4,553.1,2.0,6528,1,3.0,1
2,17.4,41.4,63.2,631.3,596.8,796.8,775.8,711.3,0.0,8374,3,3.0,2
2,17.7,49.6,93.5,603.8,426.0,765.4,723.1,665.3,0.0,2105,1,4.0,3
1,17.0,54.0,115.2,587.3,500.6,760.9,723.0,671.5,0.0,5820,1,4.0,3
2,17.4,50.5,93.8,606.7,446.2,750.5285714285714,495.6,650.0,0.0,2105,5,4.0,3
2,17.8,50.1,45.0,611.9,478.9,778.0,723.8,654.1,0.0,2105,5,4.0,2
2,18.4,46.3,81.3,614.3,539.9,765.8,721.3,660.5,1.0,5693,3,4.0,2
2,17.8,50.4,90.1,611.6,427.3,761.7428571428572,717.4,642.1,1.0,2105,1,4.0,3
2,8.7,50.5,94.9,613.1,432.0,753.7,533.9,646.4,1.0,2105,4,4.0,1
2,18.2,49.7,96.3,606.2,441.6,747.5714285714286,700.0,650.7,1.0,2105,1,3.0,3
2,22.6,53.2,106.8,548.2,477.6,709.3,668.0,599.0,1.0,1458,4,3.0,1
3,21.7,48.5,132.8,580.7,436.9,713.6,664.1,589.8,1.0,7963,5,5.0,1
2,21.0,45.4,99.0,606.6,498.6,755.5,720.1,666.0,1.0,2105,3,4.0,2
2,21.5,44.6,97.6,599.0,512.7,760.2,721.3,669.1,1.0,2105,5,3.0,2
3,21.8,44.2,95.3,604.3,507.9,757.2,726.0,665.8,1.0,2105,6,4.0,2
1,29.3,49.0,86.9,614.7,514.5,752.8,728.2,655.7,0.0,3856,4,4.0,2
3,22.0,44.6,105.2,604.2,488.0,749.1,710.5,645.1,1.0,2105,2,5.0,2
4,22.7,53.3,114.0,548.8,466.5,694.5,657.3,574.4,2.0,3592,4,4.0,1
4,21.3,50.0,129.3,588.9,406.9,710.7571428571429,675.8,581.3,1.0,6847,5,5.0,1
1,19.4,49.6,87.7,613.1,520.4,767.2,737.2,669.8,1.0,3856,3,1.0,2
3,23.2,43.2,103.6,605.3,498.6,751.7,701.6,648.1,1.0,2105,6,4.0,2
3,23.6,52.1,124.0,558.9,483.2,705.8,640.3,574.4,2.0,4761,2,4.0,3
3,23.1,43.5,109.2,598.0,481.8,746.6,700.3,653.7,1.0,2105,2,4.0,2
2,23.4,53.0,105.4,548.4,478.4,708.6,664.0,614.1,1.0,3592,6,4.0,1
3,23.3,43.6,102.7,596.7,480.9,752.0,705.2,639.9,1.0,2105,5,2.0,2
3,23.2,43.9,102.2,605.1,490.6,745.5428571428572,703.1,633.1,1.0,2105,3,4.0,2
3,23.6,43.3,109.1,599.8,493.4,747.4571428571428,714.1,640.7,1.0,2105,4,3.0,2
3,23.7,43.0,102.9,599.3,494.2,743.3000000000001,708.0,638.2,1.0,2105,1,3.0,2
3,24.2,42.2,106.0,593.0,476.6,748.8,703.1,638.1,1.0,2105,3,5.0,3
3,24.2,42.0,110.3,600.8,476.1,747.2714285714286,706.2,637.6,1.0,2105,1,4.0,1
3,24.2,42.1,110.9,596.1,473.7,735.9,702.2,652.1,1.0,2105,2,4.0,1
3,24.2,42.1,115.4,596.5,476.2,743.1,692.4,640.9,1.0,2105,5,4.0,1
3,23.9,43.0,107.5,597.1,482.7,740.0,704.1,635.2,1.0,2105,1,4.0,2
1,19.0,53.3,105.7,553.3,494.9,750.5428571428572,699.1,644.7,1.0,9241,6,5.0,3
3,23.7,43.7,113.8,598.2,482.3,748.2,700.3,644.5,1.0,2105,1,4.0,1
3,23.6,44.0,106.9,602.9,480.5,745.4,699.8,630.6,1.0,2105,1,1.0,2
3,23.6,44.1,108.4,596.1,470.1,751.1,691.6,645.3,1.0,2105,5,5.0,2
3,23.5,44.2,105.1,594.4,482.7,744.4,696.2,629.5,1.0,2105,4,2.0,2
2,16.8,46.5,67.1,619.6,606.7,786.3,751.7,721.7,0.0,3418,4,4.0,2
3,23.6,44.0,109.9,594.9,468.7,740.5,683.0,622.0,1.0,2105,6,4.0,1
3,23.8,43.6,117.0,598.7,466.5,737.1,699.0,637.8,1.0,2105,6,1.0,2
3,21.2,49.7,131.8,583.9,453.5,722.4,661.5,589.9,1.0,7963,6,4.0,1
3,29.72,51.7,117.3,554.8,485.2,715.7,669.1,589.4,1.0,3592,3,4.0,2
3,24.0,43.9,112.8,589.5,481.1,740.8,688.6,632.2,1.0,2105,4,2.0,2
3,24.0,43.8,111.6,596.2,479.9,732.8,691.2,625.0,1.0,2105,2,4.0,2
3,23.6,44.4,113.6,592.1,471.9,733.6,689.5,631.3,1.0,2105,2,5.0,2
4,19.2,52.8,45.3,589.4,474.9,724.757142857143,674.9,583.5,1.0,4129,3,4.0,2
3,23.6,44.3,114.3,595.1,407.0,722.4,679.9,618.6,1.0,2105,5,4.0,3
3,22.1,51.6,123.8,553.7,450.4,701.8,634.3,576.5,2.0,7058,3,4.0,2
3,23.4,44.5,117.0,593.9,418.0,723.5,562.6,602.5,1.0,2105,2,4.0,1
3,23.5,44.4,124.9,593.0,444.0,725.1,691.8,603.1,1.0,2105,3,4.0,2
4,20.9,48.1,115.1,593.7,461.3,739.5,694.5,628.8,2.0,2105,5,2.0,2
3,23.0,45.3,114.9,592.4,429.4,731.2,683.2,590.8,1.0,2105,3,3.0,1
4,22.6,51.8,117.1,559.0,427.0,683.2,639.5,554.6,3.0,9385,2,3.0,1
3,23.0,45.1,115.5,601.5,426.5,735.9,691.9,614.4,1.0,2105,4,5.0,3
1,16.0,41.4,77.7,602.0,557.5,779.4,754.2,703.4,1.0,8052,2,4.0,1
3,22.8,45.2,192.6,593.3,457.5,729.4,691.6,626.0,1.0,2105,5,5.0,2
2,17.6,49.2,87.0,607.0,563.2,778.3857142857144,747.0,687.7,0.0,1374,5,5.0,2
3,22.6,45.8,109.6,599.2,444.4,727.9,885.2,614.8,2.0,2105,2,4.0,2
3,22.6,45.6,105.3,599.3,448.8,732.9,692.1,612.2,2.0,2105,5,4.0,3
1,15.9,43.3,75.3,599.1,550.8,773.7,739.2,682.3,1.0,8052,4,4.0,2
3,22.4,46.2,119.7,594.3,443.3,736.1,686.8,626.6,2.0,2105,3,5.0,2
3,23.4,46.5,121.7,581.6,476.3,711.2,679.3,586.8,1.0,4129,5,5.0,2
3,22.0,47.2,106.5,596.7,433.8,736.7,682.6,617.7,2.0,2105,4,5.0,2
1,18.2,49.4,69.9,591.3,582.8,767.4,729.2,690.7,0.0,1903,4,3.0,1
3,21.8,47.4,111.3,597.0,453.5,732.4,686.6,614.3,2.0,2105,3,2.0,2
1,18.3,47.7,78.0,566.9,539.2,761.3,703.3,657.6,1.0,9241,3,5.0,2
3,22.0,46.5,104.2,607.2,451.4,729.3,686.4,621.3,3.0,2105,3,2.0,3
3,21.9,46.6,108.7,604.0,453.7,735.1,685.8,637.5,3.0,2105,2,1.0,2
3,21.8,46.8,109.1,597.1,442.0,734.7,685.5,626.8,3.0,2105,2,5.0,3
4,18.5,51.4,126.9,586.6,480.2,750.0,715.4,658.6,1.0,5820,1,1.0,2
2,22.7,52.2,149.9,545.5,438.2,709.0571428571428,666.1,594.9,1.0,9385,3,4.0,2
4,21.7,46.8,113.7,595.2,440.5,736.5,691.6,614.6,3.0,2105,4,4.0,2
4,21.7,46.5,109.2,595.1,453.1,733.9,697.2,623.0,3.0,2105,4,5.0,1
4,21.5,47.0,111.5,596.7,450.9,737.7,692.3,625.0,3.0,2105,4,4.0,3
4,21.5,47.5,111.3,599.1,434.8,736.9,689.5,618.3,3.0,2105,2,4.0,1
4,21.2,47.8,115.8,591.5,440.5,737.7,688.5,630.5,3.0,2105,5,5.0,2
4,21.3,47.2,110.6,601.7,443.4,732.6,698.3,635.5,3.0,2105,5,5.0,1
4,21.2,47.7,111.1,596.7,459.1,733.3,697.3,617.8,3.0,2105,4,4.0,1
4,21.1,47.7,110.6,597.8,450.0,739.9,702.0,624.5,3.0,2105,1,4.0,1
3,24.2,48.5,133.8,570.4,432.3,698.7,641.9,581.6,2.0,9184,1,2.0,1
4,21.0,47.8,106.3,600.0,455.9,731.7571428571429,688.6,613.6,2.0,2105,2,3.0,2
1,18.7,50.7,86.0,584.9,520.8,761.9,726.3,674.1,1.0,3074,1,4.0,1
1,16.5,43.9,31.9,611.4,616.8,792.4,760.4,714.8,0.0,5820,2,4.0,1
4,21.0,47.4,122.2,593.6,450.9,740.1,683.2,621.8,2.0,2105,2,5.0,1
4,20.8,48.0,115.9,598.3,443.6,734.5,696.4,619.7,2.0,2105,4,4.0,3
1,18.5,56.9,121.1,569.3,429.3,715.7,668.2,597.9,2.0,8649,5,5.0,3
3,24.9,47.2,118.8,571.4,415.4,698.4,651.0,568.5,2.0,7395,2,5.0,1
2,16.0,43.6,63.8,626.2,625.0,798.5,778.9,722.5,0.0,5820,5,4.0,2
4,20.8,48.4,118.4,598.9,470.7,732.3571428571429,794.2,607.4,2.0,2105,4,1.0,3
4,20.9,48.0,114.9,605.4,455.1,739.0,706.4,612.0,2.0,2105,1,4.0,2
4,29.400000000000002,47.9,116.3,593.5,457.7,733.0,696.6,622.8,2.0,2105,1,5.0,1
4,20.6,48.2,118.2,597.9,459.8,737.4,689.0,622.5,2.0,2105,3,2.0,2
4,20.8,47.9,114.1,599.6,455.6,738.4,688.9,614.8,2.0,2105,1,4.0,3
4,20.6,48.1,120.7,597.5,460.3,731.0,697.9,623.4,2.0,2105,3,5.0,2
4,20.5,48.4,11.0,598.0,462.2,734.4,697.6,618.5,2.0,2105,3,5.0,3
4,20.6,48.2,120.1,599.0,458.8,732.9,686.2,608.7,2.0,2105,1,5.0,3
4,20.6,48.1,113.9,597.4,460.3,725.0,679.3,612.2,2.0,2105,6,5.0,3
1,19.5,53.7,120.8,577.0,478.9,741.8,701.6,638.6,1.0,7395,4,5.0,3
4,20.4,48.4,119.9,598.8,452.8,729.9,696.5,617.8,2.0,2105,4,5.0,2
4,20.2,49.0,125.3,595.9,464.7,729.7,690.0,605.1,2.0,2105,5,4.0,3
4,20.3,48.7,118.5,599.3,471.7,734.4,692.5,613.1,1.0,2105,3,5.0,1
2,15.7,46.1,77.6,608.0,554.1,762.3,730.6,673.6,1.0,2679,1,4.0,2
4,20.2,48.9,116.5,596.1,452.6,735.8,691.7,623.9,1.0,2105,1,3.0,2
1,18.6,45.8,74.7,615.2,428.1,769.7,719.3,626.4,0.0,2105,4,2.0,2
4,20.1,48.9,116.5,601.4,466.5,738.1428571428571,696.3,622.5,1.0,2105,1,4.0,2
1,20.2,56.4,131.7,560.9,428.2,711.0,668.9,585.7,2.0,9385,6,2.0,1
4,19.8,49.6,114.4,595.1,460.4,733.6,698.2,625.9,1.0,2105,1,5.0,2
4,19.8,49.6,236.4,601.8,445.3,737.3,691.0,621.4,1.0,2105,6,4.0,2
4,19.5,50.4,113.0,592.5,450.6,734.5,695.1,624.4,1.0,2105,6,5.0,3
4,19.4,50.5,117.2,595.2,468.1,737.6,690.9,630.9,1.0,2105,5,5.0,1
4,19.4,50.5,116.4,599.5,467.0,743.1,705.6,627.6,1.0,2105,4,3.0,3
4,19.4,50.4,115.6,603.1,458.9,733.4,688.2,617.3,1.0,2105,3,4.0,2
4,21.2,52.5,127.1,570.0,369.3,678.2,649.5,547.7,3.0,7395,1,5.0,1
4,19.4,50.5,114.8,599.1,445.0,736.6,682.6,629.9,1.0,2105,5,2.0,2
4,19.3,50.4,113.5,594.6,462.5,736.5285714285714,702.4,622.1,1.0,2105,4,4.0,1
4,19.6,49.6,194.7,597.9,446.3,735.0,692.0,627.1,1.0,2105,1,3.0,2
4,19.2,50.8,115.4,595.0,457.1,739.2,695.9,626.4,1.0,2105,2,5.0,3
2,17.9,48.2,87.2,602.5,490.0,760.6,716.5,643.5,0.0,3418,1,2.0,1
3,20.9,47.9,112.8,588.1,423.5,737.7,696.5,622.5,1.0,5820,6,5.0,2
4,19.1,51.0,115.5,597.5,463.7,737.4,686.4,625.4,1.0,2105,6,5.0,3
4,19.0,51.0,113.0,599.4,458.8,736.4571428571428,688.2,619.5,1.0,2105,3,4.0,3
4,18.8,51.4,22.9,597.4,457.1,738.4142857142858,903.9,622.5,1.0,2105,2,4.0,1
1,18.9,51.3,0.8,596.0,462.7,741.6,687.0,622.8,1.0,2105,1,4.0,2
3,23.2,52.9,101.7,556.4,453.3,692.8,659.5,584.6,2.0,5214,3,4.0,1
1,19.1,50.9,116.2,590.3,450.5,738.4,699.9,617.5,1.0,2105,4,4.0,1
1,19.2,50.4,114.3,594.8,429.8,736.8,696.2,621.7,1.0,2105,6,3.0,2
4,20.7,51.8,109.0,554.3,494.9,748.6,693.7,640.1,1.0,9241,3,5.0,3
1,34.2,51.1,24.4,603.4,435.4,733.157142857143,695.3,619.8,1.0,2105,1,5.0,2
4,11.9,52.2,99.0,552.0,492.3,752.4,699.1,634.3,1.0,9241,5,5.0,1
1,19.0,50.7,117.5,600.5,427.6,738.2,700.1,634.4,1.0,2105,6,1.0,1
1,19.0,50.6,113.7,595.6,440.1,736.6,693.5,625.2,1.0,2105,4,4.0,1
1,19.0,50.7,114.2,597.6,448.2,738.4,700.0,624.1,1.0,2105,1,5.0,1
1,18.9,51.0,112.2,590.2,450.6,732.2,699.8,627.0,1.0,2105,1,5.0,3
1,18.8,51.1,108.1,599.0,449.6,736.7,690.9,635.6,1.0,2105,5,2.0,2
1,18.7,51.5,113.7,591.0,462.0,748.9,530.6,621.1,1.0,2105,2,4.0,2
1,18.8,51.2,112.4,601.0,452.6,736.9,691.1,631.0,1.0,2105,2,4.0,3
1,18.8,51.1,114.7,597.6,442.0,748.6,708.0,629.3,1.0,2105,4,4.0,3
1,18.8,51.0,113.0,595.7,457.9,741.9,701.0,627.1,1.0,2105,4,4.0,2
1,18.6,51.5,119.3,596.0,445.7,737.1,702.3,628.0,1.0,2105,3,2.0,3
2,18.1,41.9,6.9,629.0,486.3,793.8,753.1,678.6,0.0,2105,5,4.0,2
1,18.8,48.0,103.6,605.3,440.8,746.5,694.1,619.0,3.0,2105,1,4.0,2
1,19.0,44.2,28.2,606.1,459.5,753.4,706.0,638.2,1.0,2105,6,4.0,2
4,20.3,52.8,125.3,568.6,407.4,703.1,655.2,582.8,2.0,7395,3,3.0,1
1,18.2,43.1,74.8,621.2,488.8,777.3,720.9,659.4,1.0,2105,4,2.0,2
1,18.1,41.8,79.8,620.5,523.9,782.7,747.4,687.2,1.0,2105,3,3.0,1
1,17.9,41.6,64.2,625.3,544.2,788.4,755.6,690.4,1.0,2105,6,3.0,2
2,20.2,52.7,91.4,616.8,510.6,751.1,697.0,649.9,1.0,3856,6,1.0,1
1,17.4,42.2,62.3,622.8,550.4,795.9,766.6,713.5,0.0,2105,6,4.0,1
3,25.3,45.7,105.0,600.2,419.8,725.7,662.8,599.7,3.0,3856,3,2.0,1
1,33.8,42.6,62.8,628.4,551.4,783.5714285714284,758.5,689.7,0.0,2105,3,3.0,2
1,29.25,55.0,105.3,547.8,522.3,723.9,672.5,610.1,2.0,1458,6,4.0,2
3,22.7,51.5,111.7,544.9,451.6,717.1,635.2,563.4,1.0,4703,2,4.0,1
1,17.1,43.3,59.6,622.1,574.1,799.2,758.7,711.8,0.0,2105,3,3.0,2
1,17.3,44.6,67.1,622.9,505.1,778.4,548.2,675.5,0.0,2105,4,5.0,2
1,12.0,44.7,69.2,617.4,452.8,765.0,736.6,664.4,0.0,2105,2,3.0,1
1,18.4,44.4,75.8,624.7,477.2,774.2,731.2,683.8,0.0,2105,6,4.0,2
1,28.230000000000004,45.9,77.1,622.6,483.4,774.5,734.1,660.8,0.0,2105,5,5.0,2
1,18.8,44.9,72.9,620.3,456.6,769.2,728.6,650.2,0.0,2105,2,4.0,1
1,18.4,51.3,79.6,596.2,563.6,764.1714285714287,731.1,656.2,0.0,4507,5,3.0,2
2,18.1,53.9,111.2,595.7,455.3,726.7,689.0,587.8,1.0,2105,1,4.0,3
3,24.2,50.8,142.1,555.8,426.2,659.5,584.7,511.8,3.0,1903,3,4.0,1
4,21.1,56.2,132.2,564.0,455.5,704.7,650.0,586.6,2.0,1903,2,3.0,1
4,23.3,49.8,183.2,579.0,421.4,706.2,651.7,595.0,1.0,4507,3,4.0,1
1,19.3,45.7,80.9,611.9,430.2,770.0,727.0,645.3,0.0,2105,1,5.0,2
1,29.29,45.1,79.3,616.8,418.1,754.0,707.0,639.8,0.0,2105,1,5.0,2
1,19.3,46.0,84.9,615.4,411.3,762.0,716.2,640.2,1.0,2105,6,5.0,3
1,17.8,52.6,107.1,587.6,488.9,759.7,717.2,665.9,1.0,1374,5,3.0,2
1,19.1,56.3,110.8,598.0,484.4,728.6,685.7,599.6,1.0,3856,4,2.0,1
2,23.0,50.8,188.0,557.3,463.1,700.0,659.6,594.2,1.0,7058,1,5.0,1
1,19.5,47.0,95.7,604.0,373.0,744.2,690.7,615.3,1.0,2105,1,5.0,3
3,22.9,54.8,131.8,561.7,400.4,673.1,629.5,550.7,2.0,4761,4,4.0,1
1,18.2,44.2,75.5,609.6,537.0,786.7,761.1,680.9,1.0,2105,2,3.0,2
1,18.4,40.0,70.3,618.3,534.1,783.8,757.7,688.4,1.0,8374,3,5.0,2
1,29.02,50.9,121.7,585.1,501.5,737.4,713.7,641.1,1.0,2679,4,1.0,1
2,18.9,43.9,72.8,613.1,548.6,774.4,743.5,679.9,1.0,5693,3,4.0,1
2,18.1,42.8,5.9,621.1,561.1,791.4,756.7,686.3,0.0,2105,3,4.0,2
2,29.110000000000003,42.7,67.3,617.8,518.5,784.5,751.7,684.9,0.0,2105,3,5.0,1
2,17.9,42.4,71.3,625.2,504.3,796.5,749.8,667.6,0.0,2105,3,4.0,2
2,17.6,40.9,65.3,628.4,617.8,797.657142857143,771.8,724.0,0.0,8374,4,5.0,2
2,18.1,41.8,58.5,622.6,477.3,790.5,755.8,671.0,0.0,2105,6,5.0,1
2,18.1,41.9,65.7,629.0,486.3,793.8,753.1,678.6,0.0,2105,5,4.0,2
2,17.9,42.0,63.6,630.9,480.8,791.0,760.0,688.4,0.0,2105,5,4.0,1
2,17.9,42.1,60.0,618.6,512.6,786.8,765.5,696.8,0.0,2105,1,4.0,1
2,29.1,42.3,60.9,624.3,556.0,785.2,767.5,710.3,0.0,2105,3,3.0,2
3,23.0,51.0,136.8,568.9,420.5,694.5,640.2,556.3,2.0,9184,4,4.0,1
2,17.8,42.3,58.6,620.7,531.0,789.4,764.0,694.9,0.0,2105,2,1.0,2
2,29.12,42.7,64.5,624.9,434.8,779.8,760.2,666.1,0.0,2105,5,4.0,2
2,29.130000000000003,42.1,62.0,623.1,446.2,788.0,756.3,697.5,0.0,2105,4,5.0,2
1,18.6,52.6,98.7,592.1,514.4,744.0,705.9,633.4,1.0,4507,1,5.0,3
2,17.9,43.8,63.6,623.3,477.2,784.0,500.6,686.4,0.0,2105,2,3.0,2
2,30.0,42.8,63.8,618.4,521.5,783.9,742.9,682.0,0.0,2105,2,3.0,2
2,19.3,43.1,68.2,619.4,508.2,760.2,729.4,680.2,0.0,2105,2,5.0,2
1,19.2,48.4,80.4,613.4,531.1,765.8,720.9,678.0,0.0,3856,3,3.0,1
3,24.0,53.8,124.9,546.9,475.6,705.4142857142858,663.6,591.2,1.0,8936,5,1.0,1
2,18.4,46.7,69.4,613.6,503.2,753.4,726.7,643.1,0.0,2105,3,4.0,1
2,18.6,51.8,106.8,596.6,467.7,747.3,703.8,630.2,1.0,9658,6,5.0,2
2,18.5,47.3,44.3,615.1,480.6,767.8,725.7,663.9,0.0,2105,1,1.0,1
2,21.1,40.2,67.0,631.5,571.2,777.2,743.9,692.2,0.0,5693,5,5.0,1
1,19.0,52.7,122.5,582.8,438.4,746.0,709.1,627.5,1.0,6847,6,3.0,3
2,18.8,46.8,87.4,616.0,477.6,754.3285714285714,715.5,641.2,0.0,2105,5,5.0,1
2,18.6,47.4,93.3,609.2,479.0,749.5,716.0,642.8,0.0,2105,1,4.0,1
1,19.4,57.2,114.5,596.9,475.6,731.8,691.9,621.1,2.0,7241,5,4.0,3
2,18.9,47.0,94.8,612.1,486.4,755.6,726.6,645.1,0.0,2105,1,5.0,2
2,18.1,48.8,93.2,612.0,490.0,761.6,713.7,655.7,0.0,2105,5,5.0,1
4,19.9,56.0,142.6,564.7,428.1,716.3,679.2,595.2,2.0,8649,4,2.0,1
2,17.8,52.1,105.2,599.4,410.0,721.0857142857143,682.2,587.0,1.0,2105,6,2.0,1
2,10.4,45.9,61.7,627.0,566.7,783.1,750.7,694.4,0.0,1482,3,4.0,2
2,18.7,53.7,75.6,617.1,540.8,762.0142857142857,728.9,657.5,1.0,3856,1,5.0,2
4,19.9,56.8,116.8,598.8,460.0,733.7,680.7,613.3,2.0,7241,3,4.0,1
2,29.09,55.8,114.2,598.4,436.3,732.9,680.2,595.9,1.0,2105,6,4.0,2
2,17.3,48.6,102.1,590.6,508.2,716.7,655.4,579.4,1.0,3418,5,5.0,1
2,18.4,51.8,99.1,607.6,467.3,747.2,701.7,619.9,1.0,2105,6,5.0,1
2,18.5,51.5,98.2,596.9,475.1,738.2,706.2,616.1,1.0,2105,6,5.0,3
2,18.2,52.2,103.1,599.3,482.5,735.1,693.7,613.6,1.0,2105,1,4.0,3
4,19.5,53.4,129.8,586.3,441.1,729.1,674.4,612.5,1.0,6847,3,5.0,3
2,18.2,52.6,107.9,597.4,456.6,736.1,694.0,610.2,1.0,2105,1,5.0,1
1,18.3,52.8,73.6,572.7,604.1,765.8,733.0,682.9,0.0,3592,6,4.0,1
1,19.0,53.4,97.0,558.6,490.2,724.2285714285715,664.9,608.2,2.0,4703,5,4.0,1
2,18.5,52.6,111.4,595.8,445.1,730.2,686.8,604.0,1.0,2105,2,4.0,2
1,19.7,54.7,103.9,555.3,475.2,740.0,673.7,615.2,1.0,4703,4,4.0,2
2,18.1,53.5,110.6,598.2,457.1,721.2,698.9,599.9,1.0,2105,6,3.0,1
2,18.1,53.6,112.0,588.3,447.7,723.2,687.9,598.7,1.0,2105,4,4.0,2
2,18.0,53.3,108.8,596.2,451.8,733.9,683.5,610.5,1.0,2105,3,4.0,1
1,19.7,54.2,106.1,546.8,487.4,739.0,681.0,613.3,1.0,4703,4,5.0,1
2,18.1,53.2,112.2,596.7,451.2,721.4,683.0,597.2,1.0,2105,4,5.0,2
2,18.2,53.1,114.6,589.2,447.7,705.4,660.5,576.4,1.0,2105,2,2.0,2
4,20.9,56.0,134.5,560.5,444.2,713.7,661.7,583.2,1.0,1903,4,1.0,1
3,23.9,49.0,127.4,589.9,440.9,727.2,674.3,602.4,2.0,7241,4,5.0,1
3,19.2,51.0,118.9,592.2,446.6,696.1,663.5,563.6,1.0,6847,6,5.0,2
1,18.1,52.5,117.0,596.0,485.9,762.1,734.8,656.2,1.0,1374,3,2.0,1
3,21.6,44.0,210.4,593.3,494.8,737.3,684.9,611.7,1.0,8052,3,4.0,3
2,16.3,47.2,78.8,604.7,532.6,761.4,723.3,673.3,0.0,8052,5,3.0,2
3,21.6,47.6,136.3,585.0,467.8,706.1,663.3,567.9,1.0,6847,4,4.0,1
3,21.8,47.5,129.7,588.8,473.4,704.1,661.8,571.4,1.0,6847,6,4.0,1
3,29.53,46.0,121.4,575.9,414.2,722.0,522.1,606.7,2.0,6431,6,5.0,3
3,7.8,48.0,132.5,585.6,476.9,706.8,671.6,570.9,1.0,6847,5,5.0,1
2,24.1,53.4,120.4,541.0,466.2,706.1,650.7,589.8,1.0,8936,4,2.0,1
4,22.6,53.9,114.0,549.5,451.3,705.5,660.1,578.0,1.0,3592,6,2.0,1
3,19.5,50.2,111.0,584.6,471.6,704.5428571428572,673.8,554.5,1.0,6847,3,4.0,2
2,29.25,51.0,86.8,605.1,515.7,750.6,722.6,649.1,0.0,9127,2,5.0,1
1,18.4,47.1,75.7,562.2,544.7,760.8,705.5,655.4,1.0,9241,5,4.0,2
3,23.2,46.3,153.5,575.9,449.3,682.1,647.7,546.1,1.0,6847,1,4.0,1
4,19.0,49.8,119.4,581.6,481.1,730.4,700.2,626.0,1.0,6431,2,1.0,2
3,23.7,45.0,148.7,584.9,454.7,694.2285714285715,649.3,557.0,1.0,6847,5,4.0,1
3,24.0,44.6,143.8,582.2,452.0,686.4,649.2,548.5,1.0,6847,4,3.0,1
1,18.0,46.6,82.4,610.2,498.5,764.6,725.1,678.1,0.0,1374,5,3.0,1
4,20.6,53.4,109.8,597.8,478.2,739.1428571428571,706.5,613.6,1.0,5693,1,3.0,3
3,23.8,44.5,142.5,589.7,441.7,701.0,659.1,558.9,1.0,6847,2,5.0,1
3,18.9,53.5,84.3,587.0,466.1,741.3,706.2,617.1,1.0,6528,2,4.0,2
3,23.9,44.7,135.2,573.6,443.8,698.5,660.4,556.2,1.0,6847,2,3.0,1
4,32.1,57.3,137.6,553.3,439.8,702.3,651.1,584.7,1.0,4761,1,5.0,1
3,29.78,46.9,101.8,602.6,482.0,732.4,676.6,607.8,1.0,3856,1,4.0,3
2,21.9,50.2,115.2,577.2,397.5,714.0,663.2,607.3,1.0,4507,2,1.0,1
1,18.8,50.4,105.5,580.2,483.8,736.9428571428572,697.4,620.8,2.0,7395,3,5.0,1
3,23.5,45.8,138.4,589.2,466.6,699.3,657.8,553.9,1.0,6847,4,5.0,1
3,23.5,45.7,140.3,579.8,464.3,701.3000000000001,670.2,558.0,1.0,6847,6,4.0,1
1,19.6,51.7,112.5,585.9,443.5,735.6,680.5,599.6,1.0,1826,1,4.0,2
3,24.4,43.9,138.4,585.0,465.3,704.0571428571428,656.7,570.2,1.0,6847,1,4.0,1
3,24.7,43.4,214.5,581.9,457.2,701.7,647.8,556.1,1.0,6847,2,4.0,1
3,23.3,47.6,160.7,573.6,467.1,696.1142857142856,652.5,556.8,2.0,6847,4,4.0,2
3,24.4,48.9,141.8,561.4,401.2,684.0,608.6,528.8,2.0,3074,5,1.0,1
3,23.8,46.1,151.7,584.5,460.5,700.6,664.1,558.6,1.0,6847,4,5.0,1
2,18.7,53.4,103.8,581.2,460.1,724.5,666.1,589.2,2.0,7395,3,4.0,1
2,22.9,52.4,112.2,551.3,471.3,708.0,671.0,616.4,1.0,1458,2,5.0,1
3,23.0,46.9,140.2,585.2,465.9,700.1,666.5,571.4,1.0,6847,3,1.0,1
3,23.4,46.0,141.6,583.5,456.4,708.2,660.5,585.8,1.0,6847,5,4.0,1
2,16.1,44.9,65.1,615.6,617.3,792.8,763.1,715.3,0.0,5820,4,5.0,1
3,23.1,46.8,141.6,585.3,415.9,700.1,660.4,567.7,1.0,6847,3,5.0,1
3,23.1,46.9,140.3,582.2,383.4,698.5,654.2,568.8,1.0,6847,2,3.0,1
3,22.0,44.7,113.0,583.0,459.4,719.6,677.6,603.9,2.0,2679,1,4.0,1
3,28.2,47.0,138.4,578.1,380.2,705.2,653.7,570.1,1.0,6847,2,4.0,1
3,24.9,46.6,114.0,596.7,389.4,659.9,558.4,490.1,2.0,3856,5,2.0,3
3,29.57,47.0,130.5,578.3,403.6,711.8,662.8,578.6,1.0,6847,5,5.0,1
3,22.7,47.0,129.3,588.2,385.8,702.6,663.9,569.3,1.0,6847,2,5.0,1
3,29.580000000000002,47.2,132.3,581.9,399.1,704.1,663.4,578.2,1.0,6847,5,5.0,1
3,29.580000000000002,47.3,130.4,576.1,385.2,707.9,660.1,574.4,1.0,6847,5,4.0,1
1,17.5,44.4,63.1,629.2,608.4,799.9,770.7,712.8,0.0,5693,2,4.0,1
1,19.2,55.4,78.0,590.2,536.8,752.3,705.0,640.1,0.0,6528,4,5.0,2
3,22.4,47.7,129.9,584.2,393.6,707.8,476.5,564.8,1.0,6847,1,4.0,1
3,29.53,48.1,130.8,586.8,392.0,712.9,664.4,571.3,1.0,6847,6,4.0,1
3,21.9,48.9,127.8,577.8,402.3,711.4,667.4,577.4,1.0,6847,4,4.0,2
1,29.210000000000004,55.8,134.8,578.7,484.8,724.5,679.6,617.8,1.0,4507,5,4.0,1
3,21.6,49.4,135.7,589.8,406.0,703.0,662.0,579.4,1.0,6847,4,5.0,2
3,21.7,49.4,126.4,591.5,413.4,709.7,673.5,582.3,1.0,6847,1,5.0,1
3,29.460000000000004,49.7,130.3,589.2,405.0,708.6,674.9,586.0,1.0,6847,5,4.0,1
2,19.2,55.8,100.0,556.2,521.6,734.2,702.6,636.7,1.0,6817,5,5.0,2
1,18.3,50.5,83.5,557.7,507.7,758.2,703.6,638.3,2.0,9241,6,4.0,2
4,20.6,51.7,133.2,580.5,410.4,707.8,671.8,585.4,1.0,6847,4,5.0,1
2,21.2,49.3,84.5,614.4,502.4,752.3,699.8,631.5,1.0,3856,6,4.0,2
4,29.39,51.2,134.1,589.7,431.2,716.9,680.1,592.7,1.0,6847,2,5.0,2
2,21.9,44.2,115.0,592.0,434.8,735.2,702.2,615.6,1.0,1374,1,4.0,3
4,20.7,51.0,129.8,583.5,427.8,719.1,681.0,592.7,1.0,6847,3,4.0,1
4,11.5,50.9,138.3,590.2,423.8,721.9,682.8,593.5,1.0,6847,6,4.0,1
4,20.4,56.1,130.5,568.6,471.1,727.3,660.6,595.1,2.0,1903,5,2.0,1
4,19.5,56.5,141.7,570.2,426.7,721.9,680.4,612.7,2.0,8649,4,3.0,1
2,22.7,52.0,115.5,552.3,487.8,713.9,663.7,598.4,1.0,7058,3,1.0,1
1,19.7,58.0,135.0,558.0,446.1,712.0,655.9,587.1,2.0,9385,2,5.0,2
3,25.6,45.3,105.9,598.7,377.7,718.3,663.9,603.7,2.0,3856,4,5.0,1
4,20.1,52.5,37.0,595.8,425.0,718.2,681.5,608.7,1.0,6847,3,4.0,3
4,20.3,55.7,135.7,565.1,370.6,693.2,637.2,550.3,2.0,3074,2,4.0,2
4,19.9,52.9,130.7,582.6,440.1,731.7,681.7,599.3,1.0,6847,3,5.0,1
4,19.9,52.7,132.5,582.2,438.2,725.7,688.7,607.1,1.0,6847,1,3.0,2
3,24.4,50.7,137.3,558.9,401.8,676.1,599.1,533.0,3.0,1903,4,5.0,1
4,19.8,52.7,136.2,589.9,428.5,721.3,692.8,597.0,1.0,6847,3,5.0,3
4,19.8,52.9,134.2,586.1,423.5,730.9,685.5,603.2,1.0,6847,3,3.0,2
4,20.0,53.5,99.5,598.7,466.9,727.3,683.1,615.6,1.0,9127,1,5.0,2
4,20.4,58.5,125.8,549.3,485.8,716.5,686.0,614.1,1.0,8936,4,4.0,1
4,19.5,53.4,130.4,581.5,438.6,729.8,686.7,609.0,1.0,6847,4,4.0,3
4,19.5,53.3,126.8,583.7,446.5,725.4,689.4,600.6,1.0,6847,1,5.0,2
4,19.5,53.1,134.6,590.6,431.8,733.8,691.3,606.4,1.0,6847,5,5.0,3
2,16.9,46.1,85.2,590.8,436.1,739.9,840.1,634.3,1.0,2679,1,4.0,2
1,20.0,57.3,141.7,559.1,404.8,700.3285714285713,645.7,575.5,2.0,9385,2,5.0,1
4,19.4,52.9,127.3,591.2,437.5,735.1,691.1,604.1,1.0,6847,1,4.0,2
4,19.4,52.7,121.9,585.5,441.0,731.2,699.2,618.5,1.0,6847,1,4.0,2
3,25.2,46.9,116.1,573.6,437.2,704.1,659.8,587.4,1.0,4507,2,3.0,1
1,16.4,43.5,95.9,594.8,557.5,764.7,729.9,666.6,1.0,8052,3,3.0,2
4,19.1,53.5,126.1,589.5,445.4,740.0,679.5,615.4,1.0,6847,3,3.0,2
3,23.6,50.7,148.2,564.8,411.4,682.6,637.5,556.9,2.0,5172,2,5.0,1
4,19.1,53.2,124.3,587.8,443.6,741.1,694.5,622.2,1.0,6847,3,5.0,2
4,19.1,53.1,124.4,588.9,444.0,732.1,706.8,624.4,1.0,6847,3,5.0,2
3,23.2,45.9,110.6,595.8,469.8,720.8,684.3,607.8,1.0,9658,3,4.0,1
4,19.0,53.0,121.9,582.7,447.8,736.6,701.6,617.8,1.0,6847,1,2.0,2
2,21.1,49.3,112.4,595.2,490.6,743.8,691.5,619.9,1.0,4129,3,5.0,2
4,19.2,52.5,121.0,588.4,449.1,741.3,701.7,621.9,1.0,6847,5,4.0,2
1,17.1,54.0,128.8,590.7,490.7,763.5,495.8,657.5,0.0,5820,5,3.0,2
2,19.4,57.7,105.6,559.7,535.4,728.6,664.7,601.3,1.0,8936,1,5.0,1
1,19.5,53.2,121.4,562.5,411.7,705.4,680.3,594.3,2.0,5172,3,5.0,1
2,21.8,47.5,125.5,575.5,478.6,723.8,671.1,592.8,2.0,9184,3,3.0,1
4,19.8,56.0,142.6,569.9,397.5,718.2,668.5,596.2,2.0,8649,2,5.0,1
4,18.9,53.3,123.0,590.4,446.3,746.1,710.5,637.4,1.0,6847,5,1.0,3
1,31.0,55.4,118.4,589.2,509.3,738.8,701.9,638.1,1.0,9658,4,2.0,3
1,19.0,52.9,123.1,594.0,448.2,746.7,701.7,628.0,1.0,6847,6,2.0,1
1,20.0,54.6,100.6,548.3,488.4,695.8,622.1,562.4,2.0,1458,2,4.0,3
1,19.1,52.5,116.8,595.9,446.5,745.4,708.1,621.8,1.0,6847,2,1.0,3
1,18.8,53.2,126.7,591.3,439.4,746.9,705.0,625.4,1.0,6847,1,1.0,2
3,21.4,48.6,109.5,610.0,462.5,727.0,687.2,607.2,2.0,8374,6,5.0,3
1,18.8,53.2,116.9,591.6,435.0,744.8,698.8,633.6,1.0,6847,5,4.0,3
1,18.6,53.6,215.0,587.6,440.5,743.3,700.3,636.1,1.0,6847,2,5.0,1
1,19.9,59.2,130.3,559.7,490.5,720.0,682.9,631.7,1.0,8936,2,2.0,1
1,18.5,54.0,122.1,586.1,473.9,752.4,713.5,633.7,1.0,6847,4,5.0,2
4,19.9,54.7,127.7,551.9,460.1,703.2571428571428,644.7,572.4,2.0,7058,3,3.0,1
1,18.9,52.3,115.0,569.4,422.1,715.0,657.2,592.4,2.0,5172,5,2.0,1
1,18.8,53.2,117.1,589.6,444.6,743.8142857142857,702.2,632.6,1.0,6847,6,4.0,2
1,18.6,53.6,120.5,589.6,435.8,745.5,717.9,624.2,1.0,6847,5,4.0,1
1,18.8,53.2,118.5,591.6,452.6,737.2,703.5,627.8,1.0,6847,4,4.0,2
2,18.7,52.2,97.0,599.0,412.2,745.9,698.3,625.4,1.0,9658,1,2.0,2
1,18.8,53.0,120.6,587.3,450.4,748.6,694.8,634.0,1.0,6847,4,4.0,1
1,18.7,53.2,120.3,591.4,442.3,750.7,712.3,625.7,1.0,6847,6,4.0,1
1,18.9,52.7,123.5,590.0,442.8,741.7,712.8,637.7,1.0,6847,2,5.0,2
1,18.8,53.0,118.7,591.2,448.0,746.6,706.1,637.2,1.0,4129,1,3.0,3
1,9.4,53.5,180.4,597.8,444.3,756.3,703.7,626.2,1.0,4129,5,3.0,3
1,18.6,53.8,118.8,585.9,449.4,746.6,712.5,637.3,1.0,4129,1,4.0,1
2,20.2,49.9,80.9,619.1,416.5,759.0,698.7,618.3,1.0,7241,5,1.0,2
1,20.0,58.3,128.9,551.5,476.4,711.5428571428572,823.8,566.4,2.0,8936,6,3.0,1
1,8.0,54.2,118.8,586.5,452.2,751.7,712.7,636.1,1.0,4129,4,4.0,2
1,18.3,54.0,114.5,590.0,464.3,746.1000000000001,701.3,644.3,1.0,4129,3,4.0,3
3,23.2,52.9,101.7,556.4,453.3,709.842857142857,659.5,584.6,2.0,5214,3,4.0,1
1,17.2,50.7,81.8,607.4,543.9,773.1,534.7,684.8,1.0,4129,2,3.0,2
3,24.7,49.8,135.8,559.0,428.0,677.4,622.0,541.9,2.0,1903,1,4.0,1
1,17.1,49.5,74.2,621.0,569.9,774.2,739.2,699.6,1.0,4129,6,4.0,2
1,17.1,49.5,72.1,620.7,568.9,781.9,742.3,693.9,1.0,4129,6,4.0,1
1,17.0,50.0,69.9,618.1,571.1,774.7,745.4,693.1,1.0,4129,4,1.0,3
1,16.9,50.2,68.2,615.4,561.3,782.1428571428571,486.2,694.5,1.0,4129,4,1.0,2
1,17.0,49.8,70.6,613.3,573.2,778.2142857142857,752.1,696.9,1.0,4129,5,4.0,3
1,29.010000000000005,49.7,65.1,616.2,580.5,785.0,747.0,710.9,1.0,4129,3,4.0,2
4,28.4,52.6,128.1,593.2,462.6,740.3,695.1,624.3,1.0,6847,2,1.0,2
1,16.8,49.8,68.2,616.1,569.9,783.5,753.5,698.4,1.0,4129,5,3.0,2
1,16.8,49.8,70.2,613.0,579.5,780.9,749.0,689.9,1.0,4129,4,5.0,2
3,21.4,49.3,132.8,573.3,404.9,705.3,655.6,587.1,3.0,6431,4,5.0,1
2,23.9,49.2,109.1,544.2,422.6,717.8,646.6,570.2,2.0,4703,1,3.0,1
3,29.55,46.9,99.8,556.1,504.7,743.3,692.5,636.6,1.0,2586,1,3.0,1
1,16.9,49.2,66.0,621.5,572.1,781.8,746.0,700.6,1.0,4129,4,3.0,2
1,16.8,49.3,57.6,614.7,576.3,779.1,748.5,692.7,0.0,4129,2,2.0,2
1,16.7,49.6,66.1,613.7,567.9,778.1,755.0,691.4,0.0,4129,2,4.0,3
1,16.7,49.6,69.9,619.7,582.2,779.4,752.0,691.3,0.0,4129,2,3.0,2
2,19.0,52.4,103.4,563.1,509.5,743.1142857142858,713.0,653.6,1.0,2847,4,3.0,3
1,16.7,49.8,69.4,621.1,590.5,796.5,760.3,699.9,0.0,4129,2,4.0,2
2,22.0,46.5,93.0,613.0,439.2,741.7,695.4,630.6,1.0,1482,3,5.0,1
1,16.6,50.1,63.9,623.8,588.7,785.2,755.5,696.1,0.0,4129,1,3.0,2
1,16.7,50.0,62.9,620.9,594.7,785.6,750.6,694.3,0.0,4129,3,5.0,1
3,24.0,45.3,144.3,577.3,455.3,702.4,665.2,564.0,1.0,6847,1,5.0,1
1,16.5,50.5,71.8,617.3,595.2,788.8,761.3,706.5,0.0,4129,3,5.0,2
1,19.4,53.0,119.5,571.4,421.1,717.4,679.4,601.1,2.0,5172,5,3.0,1
1,28.99,53.3,90.5,606.9,561.3,781.3,739.7,685.0,1.0,4129,4,4.0,2
1,16.7,53.2,92.5,602.7,552.5,780.4,741.4,678.9,1.0,4129,1,2.0,1
1,16.9,52.7,87.1,598.4,546.6,773.4,744.3,682.4,1.0,4129,2,1.0,2
1,17.9,51.0,99.3,598.3,538.5,768.5,724.6,662.3,1.0,4129,1,4.0,2
3,23.8,50.7,111.5,544.7,389.3,719.9,656.4,577.8,2.0,4703,1,5.0,1
1,17.1,51.6,82.1,608.4,548.7,771.5,744.2,689.8,0.0,4129,6,4.0,1
1,17.5,50.4,83.9,612.0,577.6,774.0,740.8,701.1,1.0,4129,6,5.0,2
1,18.0,49.5,78.7,605.5,519.8,773.4,744.5,675.8,0.0,4129,1,4.0,1
1,29.12,49.6,78.2,607.1,524.2,765.9,731.6,673.7,0.0,4129,5,4.0,2
4,20.0,51.9,138.4,578.6,449.3,721.9,671.8,594.8,1.0,7963,2,5.0,2
4,21.0,52.6,122.2,569.7,378.0,685.5,642.8,554.5,2.0,7395,5,3.0,3
3,24.5,53.0,124.3,543.8,470.5,706.4,653.1,581.6,2.0,8936,3,5.0,1
3,23.4,51.2,130.7,555.4,456.9,707.6,664.8,590.8,1.0,9385,4,3.0,3
3,29.710000000000004,50.5,142.7,546.7,435.3,697.2,645.9,594.2,1.0,9385,5,3.0,1
4,19.0,49.8,125.6,583.1,468.4,744.3,694.7,626.5,1.0,6431,2,5.0,3
2,17.5,56.2,137.7,578.9,505.1,763.3,721.0,651.3,2.0,4129,6,4.0,2
2,29.1,54.8,133.3,586.2,511.1,759.8,725.7,673.7,2.0,4129,1,5.0,3
2,17.6,53.3,106.0,605.6,555.1,773.9,741.7,681.3,1.0,4129,2,4.0,1
2,17.4,52.2,89.9,603.2,567.1,778.7142857142857,743.9,690.9,1.0,4129,5,2.0,1
2,17.0,52.2,69.5,614.5,570.6,779.0,753.2,692.4,0.0,4129,2,5.0,2
2,17.0,52.3,78.1,618.8,575.7,786.6,748.3,697.9,0.0,4129,5,2.0,2
2,16.9,53.4,77.9,620.5,563.3,783.3,758.3,699.0,0.0,4129,5,2.0,1
3,24.3,50.8,113.5,538.2,381.7,722.3,646.9,567.4,2.0,4703,1,4.0,1
2,18.1,48.9,102.5,607.7,482.8,756.1,827.4,659.5,0.0,3418,2,5.0,1
3,23.0,47.2,121.0,580.5,448.1,723.5,677.6,619.2,2.0,9658,4,5.0,1
2,18.2,52.6,89.9,605.4,516.2,769.2285714285715,738.7,669.7,0.0,4129,3,5.0,2
2,18.6,52.6,103.1,602.4,519.2,762.6,728.7,662.8,0.0,4129,2,5.0,1
3,23.3,43.0,83.8,611.3,499.8,752.8000000000001,699.4,641.8,1.0,5693,1,4.0,3
2,18.6,52.7,111.8,599.6,466.0,755.5,721.6,649.3,0.0,4129,5,4.0,3
2,18.6,53.0,108.2,599.7,474.5,761.2,714.3,644.6,0.0,4129,3,5.0,1
2,19.0,51.7,113.7,594.8,487.3,758.5,723.2,651.9,0.0,4129,1,4.0,2
2,18.7,52.8,113.4,590.7,480.2,752.0,700.1,641.3,1.0,4129,5,3.0,2
2,18.5,52.9,125.6,593.1,489.7,745.2285714285715,715.5,627.2,1.0,4129,3,4.0,1
2,19.0,51.8,109.8,599.8,473.2,749.5,685.4,617.6,1.0,4129,3,1.0,2
2,29.180000000000003,52.6,122.8,592.6,459.4,748.5,698.5,627.1,1.0,4129,1,4.0,2
2,18.8,52.3,116.7,590.3,457.9,751.7,692.9,624.8,1.0,4129,4,1.0,1
2,18.6,52.9,115.3,596.5,465.8,743.0,699.8,621.0,1.0,4129,3,1.0,1
1,20.2,57.5,120.1,552.7,463.2,709.0,677.1,595.5,1.0,3592,6,3.0,1
2,9.3,52.2,115.5,593.1,488.6,739.9,702.0,630.9,1.0,4129,2,5.0,2
2,18.7,52.8,119.0,592.0,462.4,746.8,694.7,624.1,1.0,4129,4,5.0,2
4,19.6,55.0,117.1,598.4,497.4,743.9,703.4,619.3,1.0,5693,4,4.0,3
2,29.14,53.4,116.1,596.5,478.5,752.9,699.9,627.8,1.0,4129,6,2.0,3
2,18.0,53.8,114.9,593.7,479.0,742.1,692.5,626.5,1.0,4129,5,4.0,1
2,18.0,53.7,220.2,592.7,485.4,757.0,709.7,625.5,1.0,4129,5,4.0,2
4,10.1,49.6,120.4,588.2,474.0,725.2,697.5,619.7,1.0,2679,5,5.0,1
2,16.6,45.3,61.4,611.9,616.6,791.4,759.5,710.3,0.0,3418,4,3.0,2
2,18.0,53.6,109.6,594.3,469.7,747.1,695.5,627.5,1.0,4129,1,3.0,1
2,17.6,53.8,219.8,600.0,480.2,752.7,712.3,630.6,1.0,4129,2,2.0,2
2,18.8,50.9,97.9,595.3,480.0,749.9,708.2,636.6,1.0,4129,3,3.0,1
2,19.0,50.7,97.5,597.8,500.7,742.1,893.1,637.2,1.0,4129,3,3.0,1
2,19.8,50.1,106.2,598.1,509.3,757.0,713.7,629.5,1.0,4129,2,5.0,3
2,20.1,49.7,100.5,599.3,501.7,754.0,700.0,649.4,1.0,4129,6,5.0,2
4,18.5,52.2,124.7,587.0,485.4,732.6,678.9,619.7,1.0,1374,5,4.0,2
2,20.5,49.6,111.5,596.7,519.2,756.1,712.4,648.2,1.0,4129,3,4.0,1
2,19.8,50.0,89.3,618.0,531.8,763.7,700.3,616.2,0.0,7241,1,1.0,2
2,20.8,49.4,110.6,596.0,495.2,754.4,706.1,632.6,1.0,4129,5,4.0,3
1,20.3,58.6,127.8,550.2,473.3,721.0,824.1,611.1,1.0,8936,2,3.0,1
2,21.0,49.4,111.5,592.4,494.9,750.3,699.0,626.2,1.0,4129,2,4.0,2
2,21.2,49.6,109.7,595.2,499.5,749.5,693.4,633.4,1.0,4129,6,5.0,1
2,21.9,48.0,107.8,590.4,497.6,741.7,690.0,630.9,1.0,4129,4,5.0,1
1,16.8,49.6,106.7,582.9,501.4,740.7,549.3,653.9,1.0,8052,2,5.0,2
2,22.3,47.6,112.8,600.0,490.3,738.0571428571428,704.1,616.6,1.0,4129,3,3.0,1
2,24.0,51.7,109.9,552.0,479.5,711.0,676.1,603.0,1.0,3592,2,4.0,1
3,22.6,47.1,113.7,596.5,495.1,743.5,691.1,613.4,1.0,4129,2,3.0,1
3,22.5,47.3,109.5,594.7,499.6,739.2,696.6,623.1,1.0,4129,5,4.0,1
2,23.1,48.5,109.0,578.7,478.1,732.8,685.0,630.1,1.0,1826,2,3.0,2
3,22.4,48.0,114.0,584.1,496.2,742.6,689.7,618.3,1.0,4129,6,5.0,3
3,22.2,48.6,114.4,589.5,490.5,741.0,688.6,620.3,1.0,4129,4,3.0,1
2,17.9,51.8,95.7,598.9,428.5,719.9428571428572,679.4,588.4,1.0,2105,2,5.0,2
3,22.2,48.5,110.5,586.6,498.4,742.5,682.9,612.1,1.0,4129,1,3.0,3
3,23.1,46.0,89.3,600.2,434.3,739.4,696.5,619.8,1.0,1482,2,5.0,1
3,22.0,48.9,114.0,594.6,500.3,731.2,698.0,613.0,1.0,4129,1,4.0,2
2,18.8,45.4,76.6,618.5,534.6,776.7,856.3,675.9,0.0,5693,2,1.0,1
3,29.55,48.1,114.8,589.9,483.7,728.2,688.1,606.8,1.0,4129,1,5.0,3
3,22.6,46.9,152.7,578.2,426.0,708.1,671.9,606.9,2.0,7963,6,2.0,1
2,23.3,51.9,154.6,565.0,354.3,682.6,646.4,573.1,2.0,5172,1,5.0,1
3,23.6,45.6,117.5,588.8,488.1,728.7,687.6,612.5,1.0,4129,4,2.0,2
3,23.4,46.1,111.2,586.3,491.8,734.8,679.8,603.3,1.0,4129,4,5.0,3
3,22.5,48.0,225.7,587.0,480.4,730.2,685.5,588.6,1.0,4129,6,5.0,2
3,22.4,48.2,119.3,589.9,490.6,722.1,684.6,596.1,1.0,4129,3,4.0,2
1,16.8,42.5,89.7,593.6,540.1,761.4285714285716,717.1,660.4,1.0,8052,2,1.0,2
4,20.8,54.4,118.5,556.2,434.8,711.6,673.3,601.4,2.0,9385,5,5.0,1
4,22.5,55.9,18.4,539.9,448.5,701.6,650.2,580.0,2.0,8936,2,5.0,1
3,22.6,48.0,116.9,583.1,492.0,725.5,676.2,598.5,1.0,4129,2,3.0,2
3,23.0,47.4,120.2,587.4,494.7,722.4,672.5,592.5,1.0,4129,2,3.0,2
3,23.3,46.8,113.2,588.0,483.2,717.4,483.4,587.7,1.0,4129,1,5.0,2
2,18.7,52.9,41.0,619.4,528.5,778.2,735.9,667.5,1.0,3856,2,4.0,2
2,19.2,54.9,86.8,586.4,496.1,738.0,699.1,624.2,0.0,1903,3,4.0,1
3,23.3,45.0,116.3,592.1,421.7,730.1,681.7,615.4,1.0,2105,1,3.0,2
1,19.0,50.6,113.7,595.6,440.1,736.6,693.5,625.2,1.0,2105,4,4.0,1
3,22.7,48.0,121.2,587.7,493.8,714.6,667.8,577.8,1.0,4129,4,5.0,1
3,22.6,48.1,116.9,592.1,480.8,710.9,663.0,580.0,1.0,4129,3,2.0,1
3,25.0,53.2,134.9,542.7,441.7,696.6,647.5,564.3,2.0,8936,3,5.0,1
3,22.2,49.0,122.8,586.2,483.1,708.1,660.6,582.0,1.0,4129,5,5.0,1
2,20.1,46.3,78.8,595.7,499.8,746.0,725.1,655.1,0.0,1826,6,2.0,2
3,21.6,50.0,114.5,587.9,472.9,705.9,660.1,577.2,1.0,4129,4,4.0,1
3,29.49,49.5,113.9,583.7,480.7,700.1,666.3,557.4,1.0,4129,2,5.0,1
3,29.439999999999998,51.0,121.4,585.4,450.0,713.2571428571428,554.8,568.0,1.0,4129,1,4.0,1
3,21.8,50.9,85.5,607.6,441.8,723.1,683.1,586.5,1.0,9127,4,4.0,1
3,22.6,47.8,124.6,588.7,461.1,708.3,661.5,570.6,1.0,4129,4,5.0,1
3,22.5,47.7,114.6,584.3,464.0,702.3,652.9,561.4,2.0,4129,3,3.0,1
3,22.9,46.6,116.8,587.4,467.4,702.0,655.0,555.2,2.0,4129,4,2.0,1
3,23.0,46.3,121.1,585.8,442.0,703.9714285714288,649.3,556.7,2.0,4129,4,1.0,1
3,22.9,46.4,121.5,589.1,449.0,706.6,659.4,569.9,2.0,4129,1,3.0,1
3,29.580000000000002,46.9,114.3,590.9,432.1,699.5,656.9,563.4,2.0,4129,3,4.0,1
4,19.5,57.2,126.2,560.3,405.8,697.7,651.1,577.1,2.0,6528,5,4.0,1
4,20.9,48.0,121.9,594.7,459.9,739.4,701.9,613.7,2.0,2105,6,5.0,3
3,21.9,48.0,111.9,589.9,449.3,709.2,656.5,568.6,1.0,4129,5,5.0,1
3,21.7,48.3,117.0,589.8,436.3,703.1,653.3,566.4,2.0,4129,1,4.0,1
3,20.3,52.0,114.5,584.6,432.8,711.2,658.5,562.5,2.0,4129,3,2.0,1
2,21.5,46.8,134.6,588.6,463.5,739.8,689.8,637.1,1.0,5820,2,4.0,2
3,20.1,52.4,117.0,591.0,417.3,708.4,665.3,569.6,2.0,4129,2,2.0,2
3,20.2,51.7,31.2,589.1,436.6,708.1857142857143,660.4,571.4,2.0,4129,6,2.0,1
3,20.1,51.5,115.1,588.2,433.5,706.6,677.5,559.5,2.0,4129,3,4.0,1
4,19.9,51.9,115.8,591.2,421.4,715.7,669.9,572.3,2.0,4129,2,3.0,1
4,19.8,52.3,118.2,593.4,428.8,703.9,670.2,574.3,2.0,4129,3,4.0,1
4,21.0,52.5,105.9,550.5,494.1,730.2,531.9,602.2,1.0,4703,6,4.0,3
1,18.6,47.7,87.7,613.0,489.1,757.8,722.1,659.5,0.0,8374,4,4.0,2
4,19.7,52.2,111.1,589.7,452.3,706.1,667.5,573.0,1.0,4129,4,4.0,2
4,19.6,52.2,0.7,595.4,464.3,713.6,663.3,582.4,1.0,4129,2,1.0,1
4,18.5,50.3,123.9,577.0,489.9,749.2,698.7,643.8,1.0,6431,2,5.0,3
4,19.5,52.2,109.1,593.5,468.5,713.2,683.4,584.8,1.0,4129,5,3.0,1
3,20.0,45.8,93.3,597.6,512.4,739.4,702.3,628.4,1.0,8052,6,4.0,2
4,19.2,52.8,115.9,586.2,470.9,717.3,686.0,582.9,1.0,4129,4,5.0,1
4,20.5,57.7,133.8,561.6,474.3,710.5,840.7,583.7,1.0,4761,2,1.0,1
4,19.2,52.8,118.7,585.4,499.7,716.4,486.1,590.4,1.0,4129,4,4.0,3
3,29.55,51.6,129.9,542.8,417.1,648.5,572.0,490.8,4.0,7058,3,4.0,1
4,19.0,52.8,120.2,588.9,483.1,722.6,675.8,588.3,1.0,4129,1,4.0,2
3,24.3,50.5,31.6,560.5,445.4,681.9,850.9,549.4,2.0,1903,2,5.0,1
1,16.6,47.2,83.2,613.9,549.4,777.1,753.2,690.1,1.0,1374,6,4.0,2
4,19.0,52.9,127.7,594.5,491.2,726.0,688.8,596.2,1.0,4129,5,5.0,2
4,18.7,53.5,124.2,588.8,507.0,719.4,681.8,604.6,1.0,4129,4,4.0,2
4,18.6,53.6,121.9,592.1,482.4,725.7,685.4,593.3,1.0,4129,3,4.0,2
4,18.7,53.4,121.9,591.8,498.9,725.9,680.1,592.2,1.0,4129,4,5.0,1
4,18.7,53.4,128.8,589.8,493.9,727.0,688.0,603.0,1.0,4129,3,1.0,3
4,18.7,53.3,44.5,595.5,503.1,728.3,679.4,580.0,1.0,4129,5,4.0,1
4,29.180000000000003,53.4,116.7,591.0,505.8,725.9,684.2,602.3,1.0,4129,3,5.0,1
3,7.1,52.9,101.7,556.4,453.3,692.8,659.5,584.6,2.0,5214,3,4.0,1
4,18.6,53.5,120.8,587.4,502.3,726.9,682.9,599.5,1.0,4129,3,5.0,1
4,18.5,53.7,117.7,583.6,487.8,723.3,683.9,605.2,1.0,4129,4,2.0,2
2,21.9,43.2,74.9,562.8,531.8,761.6,718.4,653.1,1.0,2586,3,4.0,2
4,18.3,54.0,117.7,594.9,502.5,739.9,683.2,608.4,1.0,4129,2,5.0,2
2,18.6,43.7,80.6,604.5,516.7,759.1,714.7,657.3,0.0,8052,3,5.0,1
4,18.4,54.0,214.3,591.3,493.5,737.7,684.9,617.9,1.0,4129,3,4.0,1
4,18.3,53.9,120.1,583.9,505.9,725.8,696.2,612.9,1.0,4129,3,5.0,2
4,18.2,54.1,121.8,586.4,495.4,732.1,559.9,610.5,1.0,4129,6,2.0,1
1,18.9,52.3,119.6,575.9,407.1,710.2,659.3,588.4,2.0,5172,5,5.0,1
1,18.7,54.4,107.2,594.3,511.3,748.2,708.6,634.2,0.0,4507,6,5.0,2
2,20.1,46.5,95.9,599.1,455.9,725.2,682.7,609.8,2.0,6431,2,5.0,1
4,18.2,54.1,118.0,592.0,503.4,735.3142857142857,706.3,610.1,1.0,9658,6,5.0,2
4,18.3,53.9,26.2,592.3,497.3,730.8,693.6,626.7,1.0,9658,5,5.0,3
4,18.1,54.4,115.6,585.1,509.1,733.4,692.2,613.8,1.0,9658,1,4.0,1
2,19.0,55.9,68.9,583.5,512.7,744.2,706.2,636.7,0.0,6528,1,5.0,2
1,18.0,54.3,129.3,588.7,483.2,723.7,671.0,601.8,1.0,7963,4,4.0,2
4,18.0,54.8,120.3,594.1,522.5,739.2571428571429,694.3,606.7,1.0,9658,3,5.0,2
4,17.9,54.8,120.7,591.6,500.8,743.2,695.8,622.9,1.0,9658,6,5.0,3
4,20.0,56.3,125.7,562.7,380.3,692.5,647.0,566.9,2.0,6528,2,5.0,1
4,18.2,48.0,117.2,576.4,469.1,725.6285714285714,685.5,613.6,3.0,8052,1,5.0,3
4,18.1,54.4,118.5,588.0,506.4,739.6,698.9,617.0,1.0,9658,1,3.0,1
2,18.5,46.7,87.8,610.2,484.8,762.7,725.3,651.9,0.0,2105,2,4.0,1
1,18.0,54.5,122.4,592.4,510.6,729.1,698.6,634.2,1.0,9658,4,3.0,2
1,18.0,54.5,117.9,590.4,509.6,738.2,485.2,631.0,1.0,9658,4,5.0,1
1,17.9,54.6,117.2,596.1,507.3,741.8,699.8,623.3,1.0,9658,1,4.0,1
4,19.8,49.5,119.2,586.9,359.4,707.7,641.5,545.3,2.0,3418,1,5.0,1
1,18.0,54.6,120.4,594.0,502.9,744.9,708.5,635.5,1.0,9658,2,4.0,3
1,18.0,54.6,120.5,587.5,494.3,739.6,708.7,611.8,1.0,9658,4,1.0,1
1,17.9,54.8,119.0,592.4,514.4,736.8,693.3,623.4,1.0,9658,1,5.0,1
2,18.6,52.6,103.1,602.4,519.2,762.6,728.7,662.8,0.0,4129,2,5.0,1
1,17.6,55.5,121.2,591.1,520.5,740.3,697.8,640.7,1.0,9658,6,5.0,1
1,17.6,55.5,118.2,586.4,511.7,737.7857142857143,702.8,636.3,1.0,9658,5,3.0,2
1,17.7,55.4,116.9,591.2,509.0,739.2,702.7,628.9,1.0,9658,2,4.0,1
1,28.97,50.2,61.7,622.2,580.0,792.1,475.3,701.2,0.0,4129,6,1.0,2
1,17.8,55.2,124.2,587.3,494.3,740.8,701.8,634.7,1.0,9658,6,4.0,3
1,16.2,43.7,67.2,621.9,591.2,795.3,768.7,714.9,0.0,5820,2,5.0,1
3,24.1,44.9,122.1,590.9,461.5,736.9,683.5,607.2,1.0,8374,4,5.0,3
2,17.9,44.1,208.5,595.9,511.9,736.2,679.8,610.5,0.0,3418,5,5.0,2
1,17.8,55.1,119.7,590.3,492.9,741.3,715.1,631.0,1.0,9658,6,4.0,2
1,17.5,55.8,119.0,588.4,505.6,738.7,708.5,630.2,1.0,9658,2,5.0,2
1,17.6,55.1,1.0,589.8,511.9,760.3,705.2,636.3,1.0,9658,4,4.0,2
1,17.8,53.5,112.0,595.1,518.7,744.6,694.7,635.8,1.0,9658,4,4.0,2
1,17.8,52.8,98.8,595.4,516.5,745.7428571428571,706.5,628.0,1.0,9658,5,5.0,1
1,17.5,52.2,94.4,604.3,537.9,749.3,707.4,642.8,1.0,9658,1,5.0,2
1,16.8,50.7,78.1,618.5,562.8,772.0,746.5,687.8,0.0,3418,4,5.0,2
1,17.1,52.8,77.3,603.2,535.1,753.4,703.6,662.4,1.0,9658,2,4.0,2
1,16.9,53.1,83.5,612.7,544.2,763.1142857142856,721.0,663.8,1.0,9658,5,4.0,2
1,16.5,53.3,71.7,614.1,571.7,782.2,743.0,678.7,1.0,9658,4,4.0,1
4,20.1,48.9,112.1,597.0,465.0,738.4,689.6,607.3,1.0,2105,3,4.0,2
1,16.5,54.9,70.9,615.3,583.1,781.7,751.2,689.9,1.0,9658,2,5.0,2
3,23.0,46.4,98.7,597.1,439.7,735.5,698.7,623.2,1.0,1482,1,4.0,2
4,20.0,55.4,98.9,599.8,462.6,709.3,645.4,563.5,1.0,3856,1,5.0,3
1,16.4,55.8,65.3,618.0,587.3,781.1142857142856,741.9,694.2,1.0,9658,1,4.0,1
1,28.97,56.7,70.4,615.9,581.9,779.3571428571429,740.0,687.0,1.0,9658,2,5.0,1
2,21.4,49.0,108.0,598.1,485.0,734.5,696.7,627.5,1.0,9658,1,4.0,2
1,18.2,53.0,80.4,606.3,539.4,760.5,729.0,675.9,1.0,9658,5,4.0,1
1,18.2,53.1,83.5,603.9,549.1,761.6,723.8,661.4,1.0,9658,6,2.0,2
1,17.9,54.2,86.2,605.3,524.2,757.6,718.3,665.5,1.0,9658,1,5.0,2
1,18.3,53.9,86.7,603.9,525.3,760.2142857142857,723.5,655.3,1.0,9658,4,4.0,3
4,20.3,51.9,105.1,550.6,501.1,750.8,697.0,629.1,1.0,9241,2,5.0,1
1,18.8,56.4,114.4,602.5,493.7,744.4,674.8,613.5,1.0,3856,2,4.0,2
1,17.6,56.0,17.1,599.1,528.7,754.0,724.2,648.5,1.0,9658,2,5.0,2
2,23.4,52.2,108.0,554.6,406.1,701.7,667.2,590.9,2.0,5214,1,4.0,1
4,20.6,54.0,128.4,544.0,441.4,679.9,607.9,529.8,3.0,7058,2,3.0,1
4,20.8,52.7,125.3,568.2,399.8,697.4,659.3,574.8,2.0,7395,2,4.0,1
1,20.2,56.6,124.5,548.8,467.4,703.9,635.6,583.5,2.0,3592,4,5.0,1
1,17.6,56.2,103.8,593.6,520.3,756.2,720.3,654.4,1.0,9658,2,4.0,2
1,17.6,55.9,104.2,591.0,521.5,753.6,717.9,655.6,1.0,9658,4,1.0,2
1,17.6,55.8,107.8,595.9,531.7,758.5142857142857,715.9,666.1,1.0,9658,1,5.0,1
1,18.5,44.2,74.9,617.9,556.8,777.2,744.7,690.5,0.0,8374,1,2.0,2
4,20.2,53.7,118.9,581.2,484.2,726.5,684.7,631.8,1.0,1826,4,4.0,2
2,17.9,55.0,103.7,596.2,525.7,752.9,703.2,651.2,1.0,9658,5,5.0,3
2,18.1,54.4,104.1,595.0,519.0,755.6,706.1,666.9,1.0,9658,5,4.0,2
2,18.6,53.2,110.3,597.6,503.2,750.4,705.7,647.3,1.0,9658,4,3.0,2
2,17.9,55.1,107.4,596.8,511.5,750.0,721.1,648.4,0.0,9658,5,3.0,3
2,11.7,42.0,61.2,628.1,603.3,801.0,760.1,726.9,0.0,8374,1,3.0,1
2,18.0,54.8,108.6,598.2,501.4,752.3,712.3,647.2,1.0,9658,1,4.0,1
2,18.2,54.2,110.0,590.5,509.0,749.4857142857144,707.5,650.9,1.0,9658,3,4.0,1
3,23.7,52.1,125.6,549.6,388.9,706.7,637.9,566.9,2.0,4761,5,5.0,1
2,29.12,54.2,103.2,595.4,509.6,759.1,721.8,648.7,1.0,9658,3,2.0,2
2,19.6,51.3,81.6,617.1,530.3,768.1,568.1,630.8,1.0,7241,5,4.0,2
2,18.2,53.7,106.6,592.6,525.9,755.5428571428571,711.9,641.6,1.0,9658,3,4.0,1
3,24.3,43.4,109.1,601.5,452.4,735.4,692.9,608.1,1.0,8374,5,3.0,3
2,18.3,53.2,104.2,604.9,512.4,757.3,711.5,649.5,1.0,9658,6,4.0,1
2,23.8,50.4,106.8,546.8,490.6,715.0,669.8,612.2,1.0,7058,3,5.0,1
2,29.04,44.9,84.7,603.4,503.6,747.5,715.2,652.2,1.0,2679,3,5.0,1
3,24.3,49.4,145.7,563.0,415.3,680.3,650.0,566.3,2.0,5172,3,2.0,1
2,18.4,52.9,105.4,593.8,502.0,752.3,711.7,651.3,1.0,9658,6,5.0,1
2,18.5,52.9,99.2,597.0,507.9,752.7,857.6,640.9,1.0,9658,2,4.0,3
2,18.3,53.5,99.6,599.3,499.5,748.4,715.0,649.1,0.0,9658,2,5.0,2
4,20.2,56.1,125.4,571.4,379.5,684.3,644.5,563.2,2.0,6528,1,5.0,1
2,29.05,48.8,86.0,605.3,552.2,780.1,740.2,674.6,0.0,1374,5,4.0,2
3,23.8,49.4,112.3,576.1,454.3,719.1,669.1,604.6,1.0,6528,1,5.0,3
2,18.4,53.5,103.9,595.7,409.7,737.0,693.9,627.2,1.0,9658,6,4.0,3
2,18.5,52.6,105.5,591.0,438.5,727.8,700.7,642.8,1.0,9658,2,3.0,3
2,18.7,52.2,97.0,599.0,412.2,745.9,698.3,625.4,1.0,9658,1,2.0,2
2,18.7,52.3,109.2,597.0,432.8,738.5,695.0,630.0,1.0,9658,3,2.0,2
2,18.5,52.6,104.7,600.7,425.4,746.4,702.5,625.8,1.0,9658,1,5.0,2
2,18.6,52.7,107.4,598.4,438.1,740.5,711.8,625.6,1.0,9658,4,2.0,3
2,18.4,52.7,111.1,594.3,439.1,746.4142857142857,705.5,633.8,1.0,9658,3,5.0,2
2,18.7,51.9,103.2,598.0,440.5,740.0,903.1,635.6,1.0,9658,6,4.0,3
2,18.4,52.4,105.9,597.1,444.2,751.2,699.6,634.2,1.0,9658,1,4.0,3
2,18.5,52.2,108.3,588.9,456.8,746.7,703.0,626.7,1.0,9658,5,4.0,2
1,20.0,55.2,118.4,551.0,514.9,730.7,676.0,615.4,1.0,1458,2,5.0,1
2,18.3,52.7,115.9,591.4,448.8,705.4285714285714,670.7,551.7,1.0,6847,2,5.0,1
2,19.0,50.9,107.9,594.9,454.4,736.4,695.4,630.9,1.0,9658,2,4.0,1
1,19.8,55.6,120.9,558.6,485.5,728.5,688.8,616.8,1.0,2847,2,1.0,1
3,23.7,46.6,119.6,586.7,439.6,721.4,678.2,603.9,2.0,9658,5,5.0,1
2,18.7,51.4,99.2,598.3,459.6,741.4,704.5,627.0,1.0,9658,4,4.0,2
4,20.2,45.1,110.2,582.2,454.7,715.0,660.2,596.0,3.0,8052,2,5.0,1
2,18.9,51.8,101.9,595.0,482.3,737.9,703.1,619.1,1.0,9658,3,4.0,1
4,19.9,52.7,132.5,582.2,438.2,729.4857142857144,688.7,607.1,1.0,6847,1,3.0,2
1,18.1,46.3,65.5,628.8,585.3,790.7,757.7,707.9,0.0,1482,4,5.0,2
2,20.0,49.6,103.9,594.7,501.6,747.6,701.6,643.8,1.0,9658,1,4.0,1
2,20.1,49.4,102.4,606.3,478.3,746.3857142857144,707.0,639.6,1.0,9658,6,2.0,1
2,20.1,49.3,197.6,604.6,489.6,751.7,712.6,625.6,1.0,9658,4,4.0,1
2,20.9,48.4,102.5,593.0,489.9,738.1,700.1,633.5,1.0,9658,1,4.0,3
2,21.4,47.4,97.9,596.3,499.1,738.5,691.2,639.1,1.0,9658,5,1.0,2
2,21.1,48.5,98.5,592.5,478.5,743.9285714285714,695.7,638.9,1.0,9658,3,2.0,2
2,21.8,47.5,106.1,592.9,479.9,740.657142857143,815.7,638.7,1.0,9658,2,2.0,3
2,22.4,46.4,99.0,601.0,481.4,731.7,689.6,616.8,1.0,9658,5,4.0,3
1,16.2,46.0,66.8,607.4,477.6,778.9,754.5,673.5,1.0,6431,6,3.0,2
3,22.3,52.0,102.5,601.0,421.4,685.4,597.7,526.5,2.0,3856,1,1.0,1
2,21.5,48.6,99.0,591.3,459.2,730.5142857142857,686.2,626.0,2.0,9658,5,5.0,2
3,24.8,50.3,185.3,547.7,465.4,701.6,644.9,585.0,2.0,6817,2,2.0,1
2,21.6,48.5,97.2,600.6,492.6,735.9,696.3,623.5,1.0,9658,4,3.0,2
4,19.1,52.9,124.6,591.7,499.1,711.2,679.2,595.3,1.0,4129,3,1.0,2
2,19.3,43.1,68.2,619.4,508.2,760.2,729.4,680.2,0.0,2105,2,5.0,2
3,21.7,48.8,1.1,589.0,479.9,722.6,878.5,604.2,1.0,9658,4,4.0,2
3,21.8,48.6,15.1,595.3,492.2,733.2,675.8,605.7,1.0,9658,3,5.0,2
3,22.8,47.1,138.2,570.0,415.7,700.3,645.6,572.5,3.0,6431,1,5.0,1
4,19.8,55.2,130.4,545.7,461.5,692.8,630.1,551.9,3.0,7058,6,5.0,1
4,21.0,50.7,109.0,558.8,452.4,714.7,656.1,588.4,2.0,2847,2,4.0,1
3,23.4,45.7,103.4,589.4,483.9,726.0,688.7,613.3,1.0,9658,3,4.0,1
3,23.8,45.1,103.5,591.7,460.4,727.8,677.1,615.9,1.0,9658,2,3.0,1
2,29.410000000000004,45.2,81.0,590.0,519.4,756.1,716.0,667.4,0.0,1826,2,4.0,2
1,18.2,52.1,124.6,585.5,485.7,741.4,684.5,637.0,1.0,1374,4,3.0,2
3,22.4,48.2,117.7,592.0,475.7,727.5,685.5,607.5,1.0,9658,2,4.0,2
4,19.1,50.3,126.5,582.8,458.1,744.8,709.8,644.0,1.0,5820,4,5.0,3
1,19.7,53.5,111.4,567.8,440.1,709.1,664.3,574.5,2.0,6528,5,5.0,1
3,23.4,53.2,107.4,550.8,475.7,715.0,674.8,594.0,1.0,3592,4,5.0,1
3,23.5,46.0,119.0,585.5,455.5,714.0,676.5,606.8,1.0,9658,2,5.0,2
3,21.9,48.3,139.8,582.3,472.6,702.5714285714284,663.5,556.2,1.0,6847,3,1.0,1
3,23.5,46.1,123.8,592.2,432.0,722.8,680.5,601.6,1.0,9658,4,5.0,1
3,23.6,45.9,113.8,588.7,428.2,721.4,676.3,601.3,1.0,9658,5,3.0,1
2,18.2,52.7,104.6,598.0,469.3,736.1,704.6,613.4,1.0,2105,1,5.0,3
3,25.4,49.5,120.5,549.4,485.6,676.1,611.4,522.5,2.0,6817,1,4.0,1
3,23.3,47.3,124.0,589.3,431.7,722.0,670.8,593.6,1.0,9658,2,5.0,1
2,17.9,47.3,61.2,568.2,592.0,788.2,756.0,697.0,0.0,4703,6,1.0,1
3,23.6,51.3,151.1,563.3,405.4,684.8,636.9,549.1,2.0,5172,6,1.0,1
2,20.6,53.6,92.1,582.9,506.5,733.2,693.4,625.4,1.0,1903,2,5.0,3
3,23.4,47.2,128.6,586.4,400.8,712.5,660.2,594.6,1.0,9658,5,5.0,1
1,19.4,57.5,109.5,551.8,485.8,707.1142857142858,646.3,581.9,2.0,3592,2,5.0,1
3,23.2,47.6,123.3,581.2,407.3,708.4,662.0,573.9,2.0,9658,1,5.0,2
3,23.3,47.4,195.9,587.7,429.9,716.4142857142857,662.8,587.3,2.0,9658,2,4.0,1
4,18.3,51.0,121.4,579.1,397.5,738.6,667.4,572.0,1.0,3418,4,4.0,2
4,22.1,52.6,119.6,551.1,484.5,711.3,649.4,575.9,1.0,6817,3,4.0,1
3,24.5,44.9,125.6,587.7,452.5,717.6,673.5,600.0,2.0,9658,1,5.0,1
3,29.75,45.4,123.4,585.5,428.4,719.0,681.0,599.9,2.0,9658,5,4.0,1
3,24.0,46.0,123.7,588.8,438.4,722.8,905.8,602.0,2.0,9658,2,2.0,1
3,24.7,50.1,111.9,550.9,461.1,702.1999999999999,655.7,586.7,2.0,6817,4,4.0,1
2,23.5,50.1,103.0,546.1,414.9,724.2,643.6,575.3,2.0,4703,6,3.0,1
3,23.8,51.6,119.9,562.5,467.0,706.7,631.8,571.3,2.0,4761,5,5.0,2
4,20.7,52.2,101.2,550.1,484.5,735.4,689.7,625.7,1.0,9241,2,4.0,1
4,20.6,54.3,121.8,556.1,449.6,710.9,662.1,604.5,2.0,9385,3,3.0,1
4,18.7,50.6,116.3,587.8,388.0,725.9,659.5,565.6,1.0,3418,4,3.0,1
1,16.6,49.6,77.9,609.3,591.3,784.2285714285715,743.7,700.3,0.0,3418,2,5.0,1
3,22.4,47.5,109.2,594.6,491.2,741.8,691.5,611.2,1.0,4129,2,3.0,2
3,22.5,48.1,123.7,590.8,437.5,723.9,683.9,605.3,2.0,9658,5,1.0,2
3,22.8,46.8,145.5,576.6,443.1,703.2,669.1,575.3,1.0,7963,3,4.0,1
4,18.6,52.0,122.9,590.8,494.0,730.8000000000001,672.2,610.7,1.0,1374,6,5.0,1
3,22.9,47.0,117.0,585.6,425.9,722.2,678.4,617.2,2.0,9658,3,4.0,2
3,23.1,46.4,118.2,587.1,429.3,720.7,684.8,616.6,2.0,9658,2,4.0,2
3,23.3,45.9,121.8,587.2,446.8,721.5,672.2,600.0,2.0,9658,2,4.0,1
1,19.2,50.0,91.9,554.9,508.2,751.6,692.0,625.5,2.0,9241,2,3.0,3
3,22.7,46.9,117.0,588.4,445.5,729.4,682.1,620.7,2.0,9658,5,4.0,3
3,22.2,48.0,115.7,592.8,414.0,730.8,680.6,622.0,2.0,9658,6,5.0,1
3,21.6,51.4,113.3,598.6,457.0,729.6999999999999,531.7,595.3,1.0,5693,5,2.0,2
3,21.7,48.0,108.2,592.4,420.5,729.7,688.4,596.0,2.0,9658,2,5.0,3
3,21.6,48.5,116.4,593.9,428.2,727.3,679.4,608.4,2.0,9658,3,5.0,3
1,20.5,50.1,99.5,579.6,454.4,717.0,664.9,595.9,1.0,6528,2,2.0,2
3,21.2,49.1,112.8,595.1,401.2,726.9714285714286,684.7,612.9,2.0,9658,5,5.0,2
1,19.9,57.3,131.6,562.0,467.5,707.7,657.1,588.5,1.0,9385,5,4.0,1
3,23.4,45.8,150.7,575.7,422.6,716.2,663.9,600.1,1.0,7963,2,5.0,1
1,19.3,53.0,111.3,559.8,481.0,727.2,688.6,608.8,1.0,2847,2,1.0,2
4,20.6,50.0,107.6,597.2,422.6,728.5,680.1,607.4,2.0,9658,1,3.0,2
3,23.5,44.8,129.6,573.8,423.8,721.4,672.9,613.6,2.0,6431,6,5.0,1
4,19.0,51.6,126.1,591.5,474.9,742.3,672.8,588.5,1.0,1374,4,2.0,3
4,20.2,50.8,122.3,588.0,431.1,738.0,693.4,615.5,2.0,9658,2,3.0,1
2,18.4,52.1,83.5,597.3,537.5,765.9428571428572,740.6,657.2,0.0,7395,3,2.0,2
1,19.0,51.7,100.6,549.3,516.0,725.7,672.6,599.3,2.0,9241,3,5.0,2
4,20.1,50.9,216.4,588.3,451.8,734.9,688.8,620.6,2.0,9658,1,5.0,2
3,21.8,51.9,100.4,574.0,482.3,737.5,686.8,630.7,1.0,6528,2,4.0,2
1,19.1,50.2,97.0,559.0,510.7,742.6857142857143,693.7,639.1,2.0,9241,5,4.0,2
4,19.8,51.1,113.3,595.9,473.6,736.3,697.3,620.1,1.0,9658,3,4.0,2
4,19.8,50.8,116.1,586.6,446.5,740.1,696.5,622.6,1.0,9658,1,3.0,3
2,23.3,46.5,109.8,599.1,460.4,748.8,704.2,632.0,1.0,9127,5,3.0,3
4,19.6,51.1,118.6,594.3,453.7,737.1,693.6,626.4,1.0,9658,3,5.0,2
4,19.5,51.3,119.4,590.0,452.7,739.4,704.2,631.4,1.0,9658,4,4.0,1
2,28.930000000000003,44.9,65.1,615.6,617.3,792.8,763.1,715.3,0.0,5820,4,5.0,1
4,19.6,51.0,113.2,591.4,455.7,741.4714285714284,700.5,636.7,1.0,9658,6,4.0,2
4,19.5,51.0,123.7,589.3,450.2,750.0,528.8,632.2,1.0,9658,3,4.0,2
4,19.4,51.2,118.9,587.5,445.3,743.0,691.3,638.2,1.0,9658,6,4.0,2
1,19.4,53.9,122.1,578.6,474.9,747.6,701.7,639.2,1.0,7395,2,4.0,2
4,19.3,51.4,119.2,593.6,472.0,752.1,713.0,637.9,1.0,9658,5,3.0,2
4,19.2,51.5,120.1,595.9,463.5,748.7,699.2,637.5,1.0,9658,1,2.0,2
4,19.2,51.5,111.6,589.7,461.1,746.2,700.2,647.0,1.0,9658,2,5.0,3
4,19.2,51.6,117.6,595.1,453.5,747.3,702.8,635.2,1.0,9658,1,4.0,2
4,19.3,52.6,137.4,582.0,470.8,730.2,690.7,620.7,1.0,7963,6,4.0,2
4,19.1,51.6,116.1,589.0,468.7,751.1,710.5,653.0,1.0,9658,6,4.0,1
4,19.1,51.4,112.7,592.8,452.9,746.9,701.3,652.0,1.0,9658,5,3.0,2
4,19.0,51.6,116.7,591.7,476.3,747.5,713.3,646.3,1.0,9658,6,5.0,1
2,18.9,46.9,90.0,610.9,475.5,755.4,717.8,654.6,0.0,2105,6,3.0,1
4,18.9,51.9,117.5,591.5,469.5,750.8,713.5,644.4,1.0,9658,2,4.0,2
4,29.200000000000003,52.0,210.8,590.5,476.0,748.9857142857143,707.3,647.0,1.0,9658,4,5.0,2
3,23.7,52.6,150.9,553.7,433.9,659.9,595.1,511.0,3.0,1903,4,5.0,1
4,18.8,52.0,119.7,590.1,478.7,757.2,706.9,654.3,1.0,9658,2,3.0,2
2,23.7,50.7,112.6,562.1,428.1,650.1,564.4,508.4,3.0,1903,6,5.0,1
4,18.8,51.8,118.6,589.0,480.9,756.9,716.4,647.7,1.0,9658,5,4.0,3
4,18.8,51.9,115.9,591.6,464.7,754.1,709.7,655.3,1.0,9658,1,5.0,1
4,18.7,51.9,114.8,594.0,479.9,743.8,710.7,643.6,1.0,1374,6,1.0,2
4,18.6,52.1,118.1,592.9,476.6,746.0,712.3,635.1,0.0,1374,5,4.0,3
4,18.9,55.8,110.0,601.9,476.7,741.0,700.8,622.1,1.0,9127,6,5.0,3
4,18.8,51.7,225.0,592.3,480.0,749.3,720.0,655.7,1.0,1374,5,3.0,3
4,18.5,52.3,120.6,591.4,480.2,747.6,709.6,646.3,1.0,1374,5,4.0,2
4,18.4,52.4,118.2,594.1,482.8,753.8,719.3,644.3,1.0,1374,6,1.0,2
3,24.9,49.5,140.7,557.6,404.6,663.0,599.7,524.6,3.0,1903,4,5.0,1
4,18.5,52.2,123.0,591.9,473.2,751.4,706.2,647.1,1.0,1374,5,5.0,1
4,18.5,52.2,117.0,592.6,477.6,752.7,705.9,651.8,1.0,1374,3,5.0,1
3,23.2,54.5,127.1,547.2,428.0,689.9,845.5,558.5,2.0,8936,2,4.0,1
3,24.8,49.7,112.0,545.2,478.8,709.7,656.8,586.2,2.0,6817,2,4.0,1
3,24.2,45.0,152.3,571.5,458.3,704.4,665.8,569.1,1.0,6847,2,4.0,1
4,18.3,52.4,113.8,594.9,470.5,764.3,714.2,660.8,1.0,1374,6,5.0,3
4,18.4,52.1,122.5,593.5,469.6,755.2,716.4,649.0,1.0,1374,1,4.0,2
4,22.7,52.4,139.6,560.7,345.9,669.7,599.2,532.0,2.0,3074,4,4.0,1
4,18.4,52.1,119.4,592.0,488.6,753.6,699.1,642.6,1.0,1374,2,1.0,1
4,18.4,52.1,25.9,590.5,488.8,753.6,711.2,663.9,1.0,1374,1,5.0,2
1,29.32,52.2,97.5,580.4,423.6,703.3,646.7,576.8,1.0,6528,6,1.0,1
4,18.2,52.5,117.5,586.3,494.0,749.2,709.2,656.2,1.0,1374,3,5.0,2
4,18.2,52.4,113.8,587.2,500.1,742.8714285714286,560.5,654.8,1.0,1374,1,2.0,2
4,18.1,52.6,113.5,587.3,488.8,753.7571428571429,718.0,665.1,1.0,1374,3,5.0,2
4,18.2,52.5,120.1,595.1,496.4,754.6,476.7,653.9,1.0,1374,4,5.0,2
4,18.0,52.6,113.9,589.6,492.8,754.0571428571428,717.1,658.5,1.0,1374,5,5.0,2
4,18.1,52.5,117.7,592.7,482.5,759.6,708.7,657.2,1.0,1374,2,4.0,1
4,18.1,52.3,117.3,596.1,475.1,755.3,721.6,665.8,1.0,1374,5,4.0,1
3,21.1,56.0,115.5,599.1,436.0,721.8,666.0,603.0,3.0,7241,3,5.0,1
1,29.110000000000003,52.7,110.1,592.7,486.5,757.4142857142857,706.9,655.5,1.0,1374,5,4.0,2
1,19.8,57.4,119.2,562.4,417.6,701.3,665.8,584.5,2.0,9385,4,5.0,1
1,17.9,52.7,118.8,588.8,486.7,752.8,714.8,670.1,1.0,1374,5,2.0,2
1,19.4,52.6,107.5,561.4,509.9,749.9,705.1,635.1,1.0,9241,3,4.0,3
1,29.12,52.3,117.9,593.5,490.0,755.5,715.3,656.7,1.0,1374,2,5.0,2
1,17.9,52.6,114.9,592.6,491.4,754.6,728.1,653.7,1.0,1374,6,5.0,1
1,18.0,52.2,116.6,590.3,488.4,756.2,711.6,663.9,1.0,1374,6,5.0,3
1,18.1,52.0,117.1,592.2,476.8,757.3,713.0,652.5,1.0,1374,3,4.0,1
3,21.4,49.3,125.6,577.8,417.0,707.3,655.3,578.1,3.0,6431,6,4.0,1
1,17.8,52.9,111.5,590.9,488.8,760.4,720.0,658.7,1.0,1374,3,1.0,1
1,17.6,53.3,115.5,597.1,493.4,757.3,724.5,665.8,1.0,1374,4,4.0,2
1,20.4,57.5,124.5,554.3,458.2,716.1,659.7,595.6,1.0,4761,2,3.0,1
1,17.6,53.4,193.0,595.9,489.5,743.7,717.3,663.2,1.0,1374,1,4.0,1
1,29.07,53.4,116.4,591.3,492.6,755.2,713.6,661.1,1.0,1374,4,4.0,2
1,17.6,53.2,116.4,594.8,485.7,763.5,718.8,657.2,1.0,1374,1,5.0,1
1,17.7,53.0,110.1,598.4,495.5,758.5,711.5,664.9,1.0,1374,2,5.0,3
1,17.7,52.8,109.4,596.5,493.9,752.0,717.4,664.8,1.0,1374,3,3.0,2
1,17.7,52.8,112.6,595.8,490.9,755.3,714.8,652.7,1.0,1374,2,4.0,2
1,17.6,53.1,114.8,594.6,482.4,761.1,723.8,654.1,1.0,1374,2,4.0,2
1,17.7,53.2,119.1,594.9,489.3,754.6,704.4,654.0,1.0,1374,4,2.0,1
1,17.7,53.2,121.5,593.9,483.3,751.5,715.7,646.4,1.0,1374,2,5.0,1
1,17.6,53.3,116.4,589.9,494.7,751.9,708.3,652.4,1.0,1374,1,1.0,2
4,20.9,51.9,105.9,556.8,468.4,733.8,696.3,645.0,1.0,9241,3,4.0,2
1,17.6,52.4,108.7,590.4,483.6,761.3,713.1,656.1,1.0,1374,5,2.0,2
4,21.0,53.2,124.5,575.0,456.9,718.8714285714285,679.8,603.8,1.0,4507,4,5.0,3
2,21.5,46.7,132.5,584.3,456.8,750.3,698.9,642.8,1.0,5820,1,5.0,3
3,22.3,47.6,142.8,583.2,438.7,697.3,660.0,557.1,1.0,6847,6,4.0,1
3,23.7,44.1,112.3,585.9,490.5,733.0,542.7,620.7,1.0,3418,2,2.0,2
1,16.1,45.4,68.2,620.5,592.6,800.9,763.9,707.4,0.0,1374,6,2.0,1
3,22.4,49.5,102.4,566.3,466.0,733.8,694.3,624.2,1.0,2847,5,5.0,2
1,16.0,45.5,63.4,622.4,584.2,784.3,777.0,699.3,0.0,1374,6,4.0,1
4,21.7,45.4,113.8,583.7,451.8,727.4571428571428,692.8,609.0,2.0,6431,3,5.0,1
4,21.1,51.9,102.3,553.5,468.5,741.8,705.3,640.9,1.0,9241,1,5.0,1
4,20.0,55.7,105.8,603.6,432.7,715.6,650.7,573.9,1.0,3856,1,5.0,1
1,28.910000000000004,45.0,62.3,616.3,605.6,800.2,760.2,722.3,0.0,1374,6,4.0,2
1,15.9,45.1,66.8,619.2,603.4,794.7,771.9,710.5,0.0,1374,1,4.0,2
4,20.6,49.3,103.8,598.2,479.6,734.5571428571428,693.4,608.9,2.0,8374,4,3.0,2
1,29.05,44.6,188.8,617.1,557.6,781.2,755.9,685.8,0.0,1374,3,4.0,2
2,29.09,49.6,93.5,603.8,426.0,765.4,723.1,665.3,0.0,2105,1,4.0,3
1,16.6,47.7,72.4,613.9,516.9,774.9,744.6,703.7,0.0,1374,3,2.0,2
1,17.5,46.9,75.8,611.1,488.2,768.9857142857144,734.1,665.4,0.0,1374,4,2.0,2
4,19.2,52.9,122.9,590.1,436.7,738.6,708.2,622.8,1.0,6847,1,5.0,2
1,19.0,55.1,97.7,577.5,504.7,738.1,707.5,643.2,1.0,6528,2,4.0,2
1,29.080000000000002,47.3,83.0,606.3,499.7,773.0,737.6,673.0,0.0,1374,5,3.0,1
1,18.7,45.3,80.3,617.4,528.7,776.3,734.5,679.8,0.0,8374,6,2.0,2
1,16.3,45.0,66.3,615.9,590.4,797.5,767.7,719.4,0.0,1374,2,4.0,2
1,28.97,47.3,199.1,610.7,530.9,785.0,741.9,697.0,0.0,1374,4,5.0,1
2,18.4,51.2,81.3,582.4,580.8,766.5,743.4,675.1,0.0,1903,3,4.0,2
1,16.9,47.8,77.5,607.1,530.0,776.7285714285715,743.5,681.7,0.0,1374,2,3.0,1
3,21.3,49.0,122.3,589.1,428.5,698.6,628.7,562.3,2.0,1374,3,3.0,1
1,18.5,55.1,111.9,578.3,489.3,731.1,687.6,620.1,1.0,4507,2,4.0,1
1,28.5,46.6,67.4,615.4,580.6,783.8,760.0,711.3,0.0,1374,2,1.0,2
1,16.0,47.1,72.2,615.7,611.6,788.5,769.0,717.9,0.0,1374,5,4.0,2
1,15.9,46.7,62.2,626.2,596.1,784.9,762.1,721.7,0.0,1374,1,5.0,1
1,15.8,46.4,58.0,619.2,602.5,796.8714285714286,760.1,713.4,0.0,1374,4,4.0,2
2,16.2,45.4,69.1,619.5,598.0,789.9,769.7,707.8,0.0,1374,5,3.0,2
2,16.4,45.8,63.9,618.8,587.1,789.9,750.7,715.5,0.0,1374,4,4.0,2
2,16.2,47.0,66.6,618.9,593.1,780.4,755.1,697.5,0.0,1374,6,4.0,1
2,16.2,47.1,184.4,615.3,569.7,779.8,756.4,683.7,0.0,1374,6,4.0,2
2,16.2,47.9,77.3,616.9,572.5,782.3,747.5,690.4,0.0,1374,2,2.0,2
2,16.4,47.5,75.9,616.8,586.2,777.4,741.3,686.1,0.0,1374,5,4.0,1
2,18.8,56.9,97.1,559.3,482.5,726.5,703.0,629.6,1.0,6817,4,2.0,3
2,16.2,47.6,80.9,610.0,599.0,784.5,757.0,707.6,0.0,1374,4,4.0,2
2,16.7,46.7,84.2,605.8,587.3,792.3,756.9,697.3,0.0,1374,4,2.0,2
2,16.8,47.2,77.7,605.0,583.3,776.5,754.7,691.0,0.0,1374,5,5.0,2
2,19.0,42.6,63.2,570.0,577.2,786.0,741.6,708.6,0.0,2586,1,4.0,1
2,10.7,49.0,236.5,603.6,575.8,775.5,747.3,674.3,0.0,1374,1,1.0,1
1,18.6,53.5,122.4,597.8,444.3,756.3,703.7,626.2,1.0,4129,5,3.0,3
2,29.060000000000002,49.7,76.3,603.8,561.2,776.0428571428572,737.5,691.6,0.0,1374,4,4.0,1
2,17.4,49.1,84.1,600.0,554.5,783.8,890.8,683.3,0.0,1374,5,4.0,1
3,22.4,52.7,140.1,567.6,368.5,686.3,645.6,543.5,3.0,8649,1,5.0,1
3,23.3,50.6,107.6,552.7,465.5,736.2,672.9,613.9,1.0,9241,2,1.0,2
2,17.6,48.5,81.9,602.7,553.8,771.9,735.9,686.2,0.0,1374,1,5.0,3
2,17.6,48.2,82.3,605.1,563.2,773.2,748.3,688.8,0.0,1374,4,5.0,2
2,17.6,48.6,90.1,608.7,561.6,772.5,744.2,684.5,0.0,1374,4,5.0,2
2,17.7,48.8,97.2,602.7,554.2,769.3,480.3,687.9,0.0,1374,1,3.0,2
2,17.6,49.1,89.4,606.0,556.1,766.4,731.3,677.1,0.0,1374,1,4.0,1
2,18.2,48.2,94.7,601.4,533.1,765.8,721.6,662.4,0.0,1374,4,4.0,2
2,18.8,46.9,89.6,603.5,527.4,764.7,717.8,672.7,0.0,1374,4,4.0,1
2,18.6,47.7,231.4,599.7,522.3,758.9,736.3,663.4,0.0,1374,4,5.0,2
3,22.7,45.3,89.5,561.9,533.2,753.9,706.0,652.5,1.0,2586,4,1.0,1
2,19.0,47.1,106.4,602.9,537.1,755.1,718.6,663.5,0.0,1374,4,3.0,1
2,19.0,47.4,101.1,601.2,540.0,760.0,730.3,664.8,0.0,1374,4,5.0,2
2,19.1,47.6,209.8,604.8,534.7,765.4,738.7,671.3,0.0,1374,2,3.0,1
2,19.7,47.3,5.6,599.5,551.7,760.2,721.7,635.6,0.0,1374,6,4.0,2
2,31.3,47.4,107.6,596.5,531.9,749.1,708.3,645.7,0.0,1374,3,4.0,3
3,29.700000000000003,51.6,4.7,564.3,392.1,691.2285714285715,620.2,549.4,2.0,4761,4,4.0,1
2,19.9,47.8,115.5,593.4,433.0,729.1,683.2,639.9,0.0,1374,6,4.0,1
1,19.2,55.4,84.3,589.0,532.3,740.8,714.9,640.2,0.0,6528,1,4.0,2
2,20.8,46.4,123.3,589.8,401.2,723.7,675.7,610.8,1.0,1374,4,5.0,1
2,23.9,53.3,116.9,552.0,469.2,702.5,655.9,584.1,1.0,8936,5,4.0,1
4,20.2,52.1,135.1,587.7,428.8,725.0,678.8,597.2,1.0,6847,2,4.0,2
2,21.4,44.9,111.9,589.8,434.0,736.3999999999999,700.5,610.1,1.0,1374,2,5.0,1
2,21.5,44.8,184.2,590.3,439.3,733.8,684.7,628.9,1.0,1374,1,3.0,1
2,23.7,51.4,113.8,542.2,489.2,710.5,681.8,602.9,2.0,1458,4,5.0,1
2,21.6,44.8,109.8,591.4,432.8,737.4,694.1,638.5,1.0,1374,2,5.0,2
4,19.9,49.2,116.6,595.0,451.7,730.6,695.7,607.0,1.0,2105,5,4.0,2
4,19.1,53.0,116.1,588.5,473.0,723.7,681.2,583.4,1.0,4129,3,5.0,2
2,21.2,45.9,119.6,594.3,446.7,738.7,692.2,627.5,1.0,1374,3,5.0,2
2,21.0,46.5,114.2,591.6,460.4,735.2,692.8,621.8,1.0,1374,4,5.0,1
3,24.5,48.7,141.4,561.3,375.2,669.6,643.7,545.8,2.0,8649,3,4.0,1
2,21.5,45.8,117.3,598.5,449.5,736.9,692.0,619.7,1.0,1374,5,5.0,1
2,22.8,46.3,97.6,590.1,495.7,738.5,700.7,632.0,1.0,1826,5,5.0,1
2,21.6,46.0,109.7,592.6,451.1,731.0,694.2,623.7,1.0,1374,4,5.0,2
4,21.4,50.3,97.9,559.1,426.5,707.9,657.8,587.2,2.0,2847,2,4.0,1
2,21.8,45.6,116.6,594.8,444.8,731.3,696.2,624.6,1.0,1374,4,5.0,2
2,22.0,45.5,113.2,590.0,453.7,734.7,686.6,617.1,1.0,1374,3,3.0,2
2,29.560000000000002,44.7,121.2,595.1,462.4,744.6,688.8,626.0,1.0,1374,3,4.0,1
3,23.4,51.8,114.3,550.7,367.9,717.5,651.1,573.5,2.0,4703,4,2.0,1
2,22.5,44.7,19.5,591.5,450.1,733.0,696.2,621.7,1.0,1374,3,4.0,2
2,23.0,43.8,114.7,584.8,458.3,728.0,690.1,628.8,1.0,1374,3,4.0,2
3,23.0,46.4,140.6,581.8,443.5,694.5,648.8,551.2,1.0,6847,3,4.0,1
2,21.6,46.7,114.3,586.5,452.6,723.1,684.1,611.7,1.0,1374,4,4.0,2
2,21.7,46.6,111.6,592.6,452.0,730.3,687.5,632.5,1.0,1374,3,5.0,1
1,17.8,54.6,135.6,587.1,500.8,729.4,677.3,599.3,1.0,7963,2,4.0,2
3,22.0,46.2,111.3,587.3,444.4,734.6285714285714,540.9,624.2,1.0,1374,1,5.0,1
3,29.53,46.1,111.4,588.2,458.1,730.3,691.4,612.4,1.0,1374,2,5.0,3
1,34.0,45.9,69.8,617.6,585.9,791.1,759.7,705.6,1.0,1374,1,4.0,2
2,20.0,50.5,148.0,572.6,485.3,723.4,670.8,608.5,2.0,9184,4,5.0,1
2,19.0,54.6,74.2,591.8,491.6,744.1,710.7,641.4,0.0,6528,6,4.0,2
3,22.4,46.3,31.6,589.8,448.4,725.9,693.7,612.1,1.0,1374,1,4.0,2
1,18.1,51.4,122.7,581.5,475.3,719.5,662.3,600.5,2.0,9184,3,4.0,1
3,23.3,44.4,125.7,587.5,459.1,726.1,690.6,619.1,1.0,1374,3,2.0,2
2,22.0,49.9,115.4,576.5,428.5,719.7,666.2,590.2,1.0,4507,6,1.0,1
4,20.5,44.9,108.7,591.4,454.6,715.7,665.3,587.7,3.0,8052,1,5.0,1
3,23.9,43.4,121.9,588.7,449.5,729.7857142857143,684.5,615.2,1.0,1374,4,3.0,2
1,18.0,50.7,108.9,588.8,448.5,740.1,686.6,609.1,1.0,3418,2,1.0,3
3,23.0,45.4,128.1,588.8,446.7,733.0285714285716,690.9,615.8,1.0,1374,4,4.0,1
4,18.9,51.8,133.3,589.0,477.4,728.5,669.5,599.9,1.0,1374,1,3.0,1
4,21.9,53.2,113.8,550.8,482.1,707.2,641.1,599.7,1.0,6817,5,4.0,3
1,18.7,52.4,111.5,581.3,428.5,723.0,658.9,591.7,3.0,5172,4,3.0,1
1,19.0,53.0,85.5,558.4,504.9,744.1,685.5,622.9,1.0,4703,2,3.0,3
3,29.59,46.2,111.9,588.1,449.6,733.1,520.9,622.9,1.0,1374,6,4.0,3
3,22.9,45.8,115.8,587.1,458.4,731.7,694.6,623.5,1.0,1374,3,4.0,2
3,23.1,45.5,191.8,591.5,468.5,734.2,682.8,614.7,1.0,1374,4,5.0,1
3,22.9,45.9,117.4,586.8,455.8,731.9,687.2,619.8,1.0,1374,6,4.0,3
4,29.439999999999998,53.2,100.5,549.9,480.9,723.6,659.0,578.3,1.0,4703,4,5.0,1
3,23.6,44.6,125.3,587.6,453.3,732.2857142857143,681.2,628.9,1.0,1374,3,5.0,3
2,18.4,45.6,66.8,608.8,584.7,788.1,745.8,697.1,0.0,1826,5,4.0,2
4,18.8,51.8,129.2,587.4,476.7,736.8,678.9,607.8,1.0,1374,5,4.0,1
1,19.0,55.8,118.1,573.1,453.7,717.1,671.5,614.8,2.0,8649,1,5.0,2
1,17.3,46.6,75.1,612.1,538.8,777.4,742.6,685.0,0.0,1374,2,2.0,2
3,23.5,46.1,115.2,593.1,413.9,715.4,673.2,602.9,1.0,9658,6,5.0,2
3,23.2,45.8,122.2,586.3,468.8,724.9142857142858,678.4,613.8,1.0,1374,6,4.0,3
2,18.1,50.3,100.6,602.6,484.0,742.4,686.3,606.6,1.0,2105,2,5.0,2
3,23.1,47.9,160.5,575.4,438.1,704.2571428571429,659.5,578.7,2.0,1374,6,4.0,1
3,29.680000000000003,46.7,142.7,578.9,439.4,701.9285714285716,654.1,578.0,2.0,1374,2,4.0,1
3,23.6,46.1,134.5,588.0,463.6,723.1571428571427,676.3,604.4,2.0,1374,1,4.0,1
3,23.6,45.7,133.9,585.0,450.4,714.7,673.8,598.7,2.0,1374,4,4.0,1
3,23.6,45.6,129.1,582.9,446.4,716.2142857142856,665.7,598.0,2.0,1374,4,5.0,1
4,19.6,48.0,120.1,582.5,461.7,726.3428571428573,698.9,616.8,1.0,6431,1,4.0,2
3,23.3,46.3,125.4,575.8,443.6,722.1,673.8,609.8,2.0,1374,5,4.0,1
3,9.6,46.0,129.5,579.8,432.5,728.4,831.1,604.0,2.0,1374,5,5.0,1
3,23.1,46.4,121.0,584.2,450.3,723.3,670.8,613.5,2.0,1374,2,5.0,1
3,28.6,46.7,120.5,580.8,452.3,711.7,676.1,596.6,2.0,1374,3,3.0,1
3,29.57,47.1,123.7,580.3,443.1,717.4,657.9,613.5,2.0,1374,3,3.0,1
3,22.6,46.9,125.7,587.6,445.1,723.3,676.0,597.7,2.0,1374,3,4.0,3
3,22.6,46.4,123.6,583.3,450.8,722.9,669.4,620.2,2.0,1374,1,1.0,1
3,22.6,46.4,122.7,585.1,456.9,729.6,675.4,612.1,2.0,1374,6,4.0,1
3,22.3,46.6,128.0,586.2,462.3,722.4,674.1,606.1,2.0,1374,3,4.0,1
3,25.1,50.1,144.8,558.4,453.2,718.4,667.8,599.5,2.0,1826,6,5.0,1
2,20.8,49.3,106.9,591.4,511.2,747.2,705.0,636.5,1.0,4129,3,4.0,2
3,21.5,49.1,31.2,582.7,450.0,705.4000000000002,640.6,567.9,2.0,1374,3,3.0,1
2,19.5,53.4,85.5,616.4,385.5,751.6,695.1,620.4,1.0,7241,2,3.0,2
3,21.2,49.2,123.6,588.6,456.8,693.6,619.5,551.3,2.0,1374,3,4.0,1
3,21.0,49.5,118.7,588.3,445.1,700.5857142857143,619.5,542.9,2.0,1374,1,3.0,1
3,20.9,49.7,118.7,583.6,441.2,693.4,626.4,535.1,2.0,1374,5,4.0,1
1,19.2,56.1,143.0,580.1,469.6,717.7,669.9,604.0,1.0,4507,4,3.0,2
3,20.6,50.4,114.2,581.4,442.3,695.9,620.0,551.4,2.0,1374,1,4.0,1
3,20.4,50.6,110.5,582.1,436.3,709.7,617.5,552.9,2.0,1374,2,4.0,1
3,20.3,50.6,119.7,590.2,455.0,707.5,625.0,562.9,2.0,1374,2,5.0,1
3,22.8,45.4,105.2,588.6,487.8,738.5,696.4,617.2,1.0,3418,6,4.0,2
2,22.5,52.2,112.9,549.5,449.9,686.1,636.2,562.2,4.0,6817,4,4.0,1
3,29.310000000000002,51.2,126.1,583.1,451.2,707.4,645.1,566.7,2.0,1374,4,5.0,1
3,22.4,48.3,119.4,588.8,489.9,722.7,673.2,603.4,1.0,4129,5,4.0,2
1,19.0,57.2,143.1,567.3,424.9,722.2571428571429,683.5,605.4,2.0,8649,4,3.0,1
4,19.7,51.0,118.8,583.4,451.8,713.9,642.5,570.6,2.0,1374,3,5.0,1
4,19.7,51.0,120.8,585.6,470.3,725.4,654.7,576.9,2.0,1374,1,4.0,1
4,19.6,52.4,113.4,558.2,480.2,719.7,677.8,606.8,1.0,2847,4,5.0,2
3,23.8,49.7,117.8,573.0,446.4,708.8,663.8,580.7,1.0,4507,4,3.0,1
4,19.7,50.8,119.8,588.2,466.4,720.0,657.7,585.7,2.0,1374,6,4.0,2
4,19.5,51.2,126.1,589.2,455.5,719.5714285714286,651.6,591.9,2.0,1374,2,4.0,2
3,24.4,52.1,120.0,535.8,462.5,694.2,656.9,569.2,2.0,8936,5,4.0,1
1,8.1,59.2,125.5,557.0,474.5,664.9,578.1,521.1,2.0,8936,3,5.0,1
3,21.2,45.2,107.2,586.6,461.6,728.0285714285714,681.7,619.0,1.0,8052,2,1.0,1
4,19.4,51.2,122.8,588.5,461.8,726.9,663.6,589.6,1.0,1374,5,4.0,2
3,22.8,50.6,106.1,600.9,406.7,681.6,607.1,514.5,1.0,3856,3,3.0,1
4,19.3,51.2,123.5,587.7,477.2,729.6,662.8,594.8,1.0,1374,5,4.0,1
4,19.1,51.5,122.7,587.3,464.4,729.7,659.6,590.1,1.0,1374,4,5.0,2
4,20.8,54.2,107.8,549.2,504.2,725.5,670.8,613.5,1.0,6817,5,5.0,2
4,19.1,51.5,121.4,588.2,471.5,732.7,664.5,594.1,1.0,1374,5,5.0,1
1,19.0,57.7,142.6,561.4,405.2,693.7,652.2,573.8,2.0,6528,5,1.0,1
3,29.650000000000002,51.7,31.2,568.0,422.5,654.7,563.0,503.2,3.0,1903,6,5.0,1
4,19.1,51.4,124.4,582.1,464.4,739.0,671.4,598.9,1.0,1374,6,4.0,2
3,23.4,43.2,90.4,612.1,502.8,744.8,846.6,635.2,1.0,5693,3,3.0,2
4,18.9,51.8,130.9,593.7,477.3,729.8,667.7,612.0,1.0,1374,3,2.0,2
4,18.8,51.9,119.8,589.4,470.6,727.9,885.4,603.0,1.0,1374,2,5.0,2
4,18.9,51.7,123.9,588.7,482.4,732.4,672.3,601.9,1.0,1374,1,4.0,3
4,18.9,51.7,130.0,589.8,481.3,738.3,670.0,594.9,1.0,1374,4,4.0,1
4,29.200000000000003,51.8,129.2,587.4,476.7,736.8,678.9,607.8,1.0,1374,5,4.0,1
4,18.8,51.7,128.2,592.9,488.0,734.0,673.5,599.0,1.0,1374,5,3.0,2
4,18.7,51.8,124.7,596.0,494.9,728.2,667.6,615.2,1.0,1374,5,3.0,2
4,9.2,51.8,124.0,590.5,492.6,729.9,869.2,613.2,1.0,1374,2,4.0,3
4,18.6,52.2,127.4,590.6,494.5,738.8,676.5,618.7,1.0,1374,5,5.0,1
1,19.5,50.6,86.2,579.3,417.8,733.1,678.3,594.4,2.0,6528,1,4.0,1
4,21.5,55.6,223.0,547.0,445.7,709.8,663.9,594.3,1.0,3592,5,4.0,1
4,18.6,51.9,122.5,586.0,481.5,733.3,675.2,606.1,1.0,1374,2,4.0,2
4,18.6,51.8,118.1,589.1,466.0,735.7,677.6,616.8,1.0,1374,4,5.0,2
4,7.4,52.0,120.9,592.4,480.9,735.1,680.3,612.4,1.0,1374,1,3.0,2
4,18.5,52.0,124.6,587.6,492.6,740.8,686.8,623.2,1.0,1374,1,5.0,1
4,18.6,51.9,123.1,588.5,498.5,733.2,669.3,609.6,1.0,1374,4,3.0,2
4,18.6,51.8,132.1,593.8,479.2,739.2,677.6,621.7,1.0,1374,4,4.0,3
4,18.6,51.8,120.1,594.8,479.9,741.9,685.0,611.8,1.0,1374,2,4.0,2
4,18.6,51.9,119.5,589.2,492.0,738.8,682.2,622.3,1.0,1374,6,5.0,2
3,23.1,48.2,103.4,558.3,466.7,732.1,697.6,616.1,1.0,2847,1,5.0,2
4,18.5,52.0,124.7,589.0,496.3,733.7571428571428,693.5,610.6,1.0,1374,6,3.0,2
1,19.3,48.7,79.7,612.1,524.4,758.6,730.6,670.0,0.0,3856,4,4.0,2
4,8.8,52.8,131.4,587.8,493.2,740.4,508.7,609.6,1.0,1374,4,4.0,2
4,18.2,52.7,125.9,586.6,494.0,737.9,687.3,613.9,1.0,1374,3,2.0,1
4,22.6,52.4,142.2,560.1,329.7,672.5,598.9,523.5,3.0,3074,6,4.0,1
4,18.2,52.5,123.7,583.7,486.6,738.0,686.8,620.5,1.0,1374,6,5.0,2
4,29.12,52.7,123.7,590.5,481.8,751.6,681.1,624.2,1.0,1374,4,1.0,2
1,18.8,48.6,92.1,559.5,528.4,757.157142857143,712.6,674.7,1.0,9241,5,4.0,1
4,18.1,52.5,125.9,586.6,481.8,746.7,688.0,614.1,1.0,1374,3,3.0,2
4,18.2,52.4,121.8,585.6,494.1,740.1428571428571,692.3,633.9,1.0,1374,4,2.0,1
1,19.5,46.6,75.3,622.9,533.4,772.1,729.2,672.2,0.0,3856,4,4.0,2
1,19.6,51.0,109.9,583.8,463.1,734.8,688.1,627.9,1.0,1826,4,5.0,1
1,18.2,52.2,119.9,589.5,495.5,751.5,699.3,629.4,1.0,1374,2,4.0,2
1,18.1,52.3,119.1,588.1,489.0,742.7,694.4,630.0,1.0,1374,3,4.0,3
1,18.0,52.5,124.3,590.6,480.1,743.1,698.8,629.6,1.0,1374,2,5.0,3
1,18.0,52.4,121.8,589.6,494.8,740.2,499.3,621.6,1.0,1374,6,4.0,1
3,24.0,51.1,107.2,546.3,464.3,701.2,651.3,589.5,2.0,6817,1,2.0,1
1,29.1,52.9,120.5,590.6,494.9,741.9,696.1,621.3,1.0,1374,1,3.0,1
2,7.2,55.5,100.9,561.6,475.0,731.3,683.1,617.3,1.0,3592,3,5.0,1
1,17.9,52.6,123.0,589.1,482.7,749.4,694.8,626.0,1.0,1374,4,5.0,2
1,18.0,52.4,121.2,591.3,487.6,745.0,685.3,615.8,1.0,1374,5,4.0,1
3,25.1,46.4,118.8,577.7,455.5,722.1,683.8,610.1,1.0,4507,5,4.0,3
3,23.8,48.6,122.5,549.7,438.2,652.4,574.2,509.5,2.0,7058,1,4.0,1
1,17.9,52.4,119.2,592.4,488.5,748.7,697.5,629.7,1.0,1374,3,4.0,3
1,17.8,52.6,119.1,589.5,490.2,755.0,467.7,622.3,1.0,1374,4,3.0,1
1,19.4,57.4,116.6,598.1,474.2,733.8,680.2,612.0,2.0,7241,3,5.0,1
1,18.0,52.0,127.4,592.4,483.1,753.2,700.8,628.9,1.0,1374,2,2.0,3
1,16.0,45.6,73.4,603.0,579.8,789.9,752.2,708.2,1.0,6431,2,4.0,1
2,29.3,54.1,91.9,582.4,490.0,731.6,684.9,627.2,1.0,1903,6,4.0,2
1,17.8,52.5,196.6,592.4,493.0,754.7,706.4,633.2,1.0,1374,5,5.0,3
4,20.7,51.3,129.4,584.6,415.6,709.7,668.6,580.9,1.0,6847,6,5.0,1
1,17.6,53.1,127.2,584.3,484.1,752.7,697.9,636.3,1.0,1374,3,4.0,3
1,19.8,59.1,130.7,547.4,479.6,691.4,628.2,570.1,1.0,8936,6,5.0,1
1,16.8,50.0,102.5,597.0,512.2,762.6,706.9,660.9,1.0,1374,3,5.0,2
1,16.6,48.3,94.9,605.2,536.4,764.8,718.3,672.7,1.0,1374,1,5.0,2
1,18.3,55.5,102.3,603.7,500.6,736.1,706.1,618.0,1.0,1482,2,5.0,3
1,16.5,45.8,91.4,613.7,560.5,783.8,564.8,696.5,1.0,1374,3,4.0,2
3,24.0,53.7,121.3,553.4,475.5,706.6,654.4,588.1,1.0,8936,5,5.0,1
3,21.3,52.7,130.2,578.1,444.0,717.2,662.0,591.7,2.0,9184,3,5.0,1
1,16.3,43.7,68.8,613.1,594.7,799.0,765.0,717.5,0.0,5820,2,5.0,2
1,16.1,43.8,68.8,621.3,601.0,798.3,779.0,709.7,0.0,5820,4,4.0,2
1,28.930000000000003,43.7,68.4,622.6,600.0,795.6,780.5,720.2,0.0,5820,2,4.0,2
3,22.1,47.0,124.7,583.1,457.5,723.1,673.1,601.8,1.0,1374,2,5.0,1
1,16.8,49.9,65.2,621.0,562.8,779.9571428571428,824.5,695.1,1.0,4129,2,5.0,2
1,16.2,43.5,69.9,622.1,602.2,788.1,769.9,719.9,0.0,5820,4,4.0,1
1,16.3,43.7,65.7,615.2,596.6,796.842857142857,769.4,708.9,0.0,5820,4,4.0,2
1,16.1,44.1,67.5,618.6,616.3,788.6,770.4,719.6,0.0,5820,5,4.0,1
1,28.92,43.6,177.1,619.6,612.0,791.1,774.6,725.2,0.0,5820,4,4.0,2
1,16.0,43.5,69.6,618.8,603.0,800.0,773.6,711.3,0.0,5820,1,5.0,2
4,21.7,53.2,191.2,572.7,398.2,689.8,642.2,567.7,2.0,6528,6,3.0,1
2,23.3,47.9,118.7,575.6,460.5,724.0,671.5,607.2,1.0,4507,6,5.0,2
1,15.9,43.7,67.9,622.3,609.0,786.6,761.7,715.0,0.0,5820,2,4.0,2
1,15.9,43.8,72.4,619.0,609.0,801.7,770.1,718.3,0.0,5820,2,3.0,1
1,15.8,43.9,72.9,622.9,615.3,802.0,765.8,724.9,0.0,5820,3,5.0,2
2,20.2,51.2,92.1,607.3,509.5,742.9,707.6,647.2,2.0,3856,5,3.0,2
1,20.2,55.9,129.2,568.5,477.0,717.6,675.4,606.0,1.0,1903,1,5.0,1
3,25.0,47.0,112.6,572.8,406.0,708.3,657.9,591.3,2.0,7395,3,4.0,1
2,20.2,55.2,126.5,543.8,485.2,715.8,669.4,596.6,2.0,1458,6,5.0,1
1,15.5,44.2,61.8,620.5,602.2,797.5,831.4,723.0,0.0,5820,5,4.0,2
1,15.7,44.2,21.0,616.1,621.5,802.2,761.4,721.2,0.0,5820,1,5.0,2
1,15.7,44.2,9.6,623.0,615.5,793.3,772.3,716.0,0.0,5820,2,1.0,2
2,15.8,44.1,59.2,625.6,618.3,804.8,768.2,723.9,0.0,5820,2,5.0,1
4,20.7,58.1,122.8,545.1,457.7,718.5,673.1,607.5,1.0,5214,2,4.0,1
3,22.7,47.2,131.0,584.7,387.4,698.6,673.2,568.8,1.0,6847,4,4.0,1
2,16.8,44.7,70.4,615.6,602.8,785.0,750.8,691.4,0.0,5820,6,4.0,1
2,17.1,44.8,74.8,617.3,566.3,777.6,813.7,687.8,0.0,5820,2,4.0,2
2,16.4,46.1,75.6,616.5,573.5,777.5,745.8,695.2,0.0,5820,6,4.0,2
2,16.1,46.0,43.2,606.5,598.2,788.1,763.0,708.6,0.0,5820,3,2.0,1
2,18.7,53.5,152.7,570.7,488.1,734.9,675.5,605.1,2.0,9184,1,5.0,1
3,29.650000000000002,46.1,128.9,592.0,447.4,717.2,666.3,597.8,2.0,1374,1,3.0,1
2,16.1,45.5,73.7,617.8,583.5,789.6,761.4,709.7,1.0,5820,5,5.0,1
4,20.4,53.2,95.8,604.9,461.7,724.0,686.4,598.3,1.0,9127,1,4.0,3
2,18.0,53.9,100.7,560.4,493.9,717.1,639.6,571.9,1.0,7058,4,4.0,1
3,22.0,44.4,108.6,589.4,452.8,729.6285714285715,684.5,617.5,1.0,8052,5,5.0,2
4,18.9,55.8,105.7,593.8,498.8,742.1,709.1,620.9,1.0,9127,5,1.0,2
2,20.2,50.7,85.5,613.2,495.1,743.4857142857144,688.1,621.3,1.0,7241,2,5.0,3
2,17.5,47.2,92.3,603.2,508.2,757.5,711.0,654.6,1.0,5820,3,3.0,2
2,18.1,47.0,94.8,597.4,445.7,751.7,703.5,633.4,1.0,5820,3,4.0,3
2,18.2,46.6,92.4,595.3,349.2,735.2,703.8,633.5,1.0,5820,2,5.0,2
2,17.6,47.4,93.1,599.6,349.7,737.2,691.3,633.5,1.0,5820,3,4.0,2
2,18.2,46.2,96.0,600.6,356.1,743.8,695.6,623.2,1.0,5820,6,3.0,2
4,18.7,53.5,132.6,582.1,480.1,731.5,703.8,624.2,1.0,7963,5,5.0,2
2,23.1,48.3,103.1,582.5,497.0,733.2,703.4,625.6,1.0,1826,5,2.0,1
4,20.5,57.1,132.3,548.6,451.8,712.8,670.0,604.0,1.0,3592,5,1.0,1
2,17.5,47.6,101.9,600.6,378.4,751.0,704.4,635.1,1.0,5820,2,4.0,1
2,22.0,49.9,115.4,576.5,428.5,719.7,666.2,590.2,1.0,4507,6,1.0,1
1,17.5,52.2,124.9,577.6,493.1,750.5,705.5,653.5,1.0,9184,3,4.0,2
2,17.6,47.8,13.0,597.8,382.5,740.3,701.5,633.5,1.0,5820,5,5.0,3
2,17.4,48.0,21.0,604.0,390.8,748.3,711.2,641.9,1.0,5820,2,4.0,2
3,23.5,49.3,131.3,542.7,507.9,731.7,693.6,616.6,2.0,2586,4,4.0,1
4,21.7,53.3,123.8,557.1,442.7,698.6,650.0,581.3,3.0,9385,1,3.0,1
2,17.1,49.8,98.0,599.3,375.8,740.7,688.5,610.4,2.0,5820,5,5.0,2
2,29.680000000000003,51.6,116.0,541.9,505.1,707.0,671.1,593.3,1.0,1458,1,4.0,1
3,23.8,53.5,125.2,553.0,398.7,676.7,620.2,540.1,2.0,4761,4,4.0,1
3,21.0,56.1,109.8,595.9,431.1,726.4,671.5,607.0,3.0,7241,6,5.0,1
2,20.1,44.1,93.7,600.9,403.1,746.0142857142857,700.6,652.0,2.0,5820,4,3.0,1
4,21.4,53.0,123.8,578.6,462.9,716.6,666.3,600.8,1.0,4507,4,5.0,2
4,21.8,56.6,125.6,551.9,460.5,700.3,663.7,598.9,1.0,5214,6,4.0,1
1,16.9,54.1,121.9,587.7,517.6,758.6857142857142,725.7,668.8,0.0,5820,1,4.0,2
2,19.6,46.0,105.5,598.3,401.9,746.7,704.6,640.9,2.0,5820,1,5.0,2
2,19.6,46.4,106.4,595.5,412.4,742.3,711.8,642.9,2.0,5820,6,5.0,1
2,19.7,46.3,99.0,595.0,404.6,749.6,703.3,631.4,2.0,5820,4,5.0,2
2,19.8,52.8,94.2,574.9,474.4,738.1,696.9,620.0,1.0,9385,4,4.0,2
2,20.6,49.9,100.7,585.9,404.3,714.6,659.8,589.0,2.0,7395,1,3.0,1
4,20.8,54.1,132.3,544.2,448.3,672.2,589.6,522.2,3.0,7058,5,4.0,1
2,20.1,46.0,105.4,599.1,407.6,740.8,699.0,648.5,1.0,5820,5,4.0,2
2,21.3,43.6,104.8,591.8,417.3,747.9,699.0,635.2,1.0,5820,5,4.0,1
2,20.8,45.2,33.8,594.4,408.7,739.6,696.1,629.0,1.0,5820,3,4.0,2
4,21.7,53.2,108.6,552.9,510.3,710.3,662.5,602.4,1.0,6817,1,4.0,1
2,21.7,46.7,155.3,578.9,405.1,729.3,500.0,621.6,2.0,5820,6,4.0,1
3,24.6,46.9,109.8,581.1,452.7,713.1,677.8,607.0,2.0,7395,2,4.0,1
2,20.8,52.2,160.9,575.9,401.4,722.3,682.2,607.8,2.0,5820,1,2.0,1
2,20.8,51.2,152.9,576.5,398.9,727.3,830.7,591.8,2.0,5820,6,5.0,2
3,21.0,47.4,120.8,589.1,417.2,739.0428571428571,697.1,632.5,2.0,5820,1,3.0,2
3,29.430000000000003,46.6,110.1,587.5,411.8,741.2,696.5,635.4,1.0,5820,6,5.0,2
1,19.4,52.8,121.7,570.2,421.3,722.7,675.6,604.5,2.0,5172,5,5.0,1
3,21.4,45.9,117.1,594.2,405.3,737.0,700.1,629.5,1.0,5820,4,4.0,3
2,23.5,51.7,186.2,511.3,341.7,652.3,537.4,447.1,4.0,4703,6,5.0,1
3,22.3,43.8,108.9,589.9,427.7,752.4,702.9,644.1,1.0,5820,3,4.0,1
3,22.3,43.8,108.2,591.6,422.7,743.2,707.3,629.1,1.0,5820,4,4.0,3
1,18.9,48.3,90.2,611.4,515.2,770.6,731.9,668.6,2.0,7241,6,5.0,2
3,21.6,45.6,103.8,595.9,416.9,738.2,698.0,628.5,1.0,5820,2,5.0,1
1,19.4,55.1,19.6,547.5,471.0,700.3714285714286,661.0,574.3,2.0,7058,4,3.0,1
4,20.6,53.3,224.3,572.6,480.3,727.0,682.5,621.3,1.0,4507,3,3.0,3
3,21.4,46.3,110.9,589.9,432.9,741.9,703.9,633.3,1.0,5820,2,5.0,2
3,21.7,45.7,110.3,596.9,432.5,738.1,700.6,625.9,1.0,5820,1,4.0,3
3,21.9,45.3,109.1,591.0,424.4,744.7,690.2,628.7,1.0,5820,6,3.0,2
2,21.4,51.4,90.4,610.8,476.8,743.5,693.2,617.7,1.0,7241,2,5.0,2
3,21.6,46.0,103.9,590.3,420.2,736.8,693.9,631.6,1.0,5820,3,3.0,1
3,9.1,45.1,113.0,594.6,420.4,733.5,691.2,631.1,1.0,5820,5,2.0,2
3,22.0,45.6,110.7,590.3,435.4,739.5,697.4,638.1,1.0,5820,3,3.0,3
1,16.8,53.9,118.0,579.8,480.8,723.9,680.3,606.6,1.0,9184,5,4.0,3
3,22.4,44.7,111.1,587.2,425.0,735.6,689.2,639.4,1.0,5820,2,4.0,1
2,17.8,46.3,55.3,634.9,596.8,798.3,763.3,709.0,0.0,1482,5,2.0,1
4,29.230000000000004,50.3,126.8,592.7,459.5,750.9,708.0,650.6,1.0,5820,3,4.0,3
1,19.2,52.8,96.8,550.4,450.7,713.1,640.4,579.8,2.0,4703,2,5.0,1
1,19.6,58.3,124.7,548.7,466.2,701.3,654.8,583.4,2.0,3592,1,4.0,1
3,22.4,45.4,114.3,590.1,427.0,741.3,707.4,636.0,1.0,5820,2,5.0,2
4,19.7,52.4,221.3,584.8,444.1,704.2,666.3,572.5,2.0,4129,5,5.0,1
1,19.6,54.9,225.6,549.0,473.3,734.7,677.2,597.9,1.0,4703,4,5.0,3
3,22.8,44.6,110.2,593.9,435.5,746.9,711.0,638.1,1.0,5820,5,5.0,2
3,23.1,44.1,111.3,590.0,431.7,742.4,694.4,647.0,1.0,5820,2,4.0,2
3,23.2,44.0,119.1,590.0,435.8,739.3,705.7,645.5,1.0,5820,6,5.0,1
2,18.3,46.1,99.9,593.0,478.7,739.0,693.9,613.5,2.0,2679,1,4.0,2
3,22.1,46.3,106.4,590.3,361.9,684.7714285714286,606.8,513.8,2.0,3418,2,4.0,1
3,23.0,44.4,121.6,587.4,429.8,735.0,698.5,640.3,1.0,5820,1,5.0,2
3,22.5,45.5,121.3,587.2,417.9,736.9,692.1,624.8,1.0,5820,5,2.0,3
4,29.29,51.1,113.3,595.9,473.6,736.3,697.3,620.1,2.0,9658,3,4.0,2
3,22.0,46.2,120.0,591.5,423.4,744.0,703.1,633.5,1.0,5820,3,4.0,3
3,29.49,46.5,115.5,587.4,428.3,744.3,695.2,637.9,1.0,5820,4,4.0,2
1,29.1,51.5,125.8,585.8,499.7,749.8,711.8,639.2,1.0,9184,6,1.0,2
3,21.7,46.9,106.0,595.1,422.1,742.6,693.0,629.3,1.0,5820,3,5.0,3
3,21.5,47.2,103.5,580.6,426.4,733.1,700.3,636.2,1.0,5820,4,4.0,2
3,21.3,47.2,104.1,593.0,408.6,748.5,698.1,638.6,1.0,5820,2,4.0,2
3,21.2,47.4,110.1,586.7,429.8,738.6714285714286,693.7,635.9,1.0,5820,6,4.0,3
4,19.8,57.0,114.4,597.9,448.9,731.0,683.5,605.6,2.0,7241,2,5.0,2
3,20.9,47.8,113.8,593.2,421.8,739.7142857142859,701.0,625.6,1.0,5820,1,4.0,2
1,18.5,53.5,96.9,566.5,472.8,712.3,660.5,588.3,2.0,2847,4,5.0,1
4,20.7,51.8,223.3,554.3,494.9,748.6,693.7,640.1,1.0,9241,3,5.0,3
3,23.9,44.6,106.5,594.5,356.9,722.0,665.7,556.5,3.0,8374,1,3.0,1
3,21.1,47.4,115.5,591.1,427.2,739.4,691.4,646.1,1.0,5820,1,4.0,1
3,22.7,49.5,105.8,556.5,466.8,730.6,690.6,632.5,1.0,2847,1,4.0,1
3,20.2,49.5,115.8,587.5,426.5,738.2,690.6,636.2,1.0,5820,6,5.0,2
3,20.2,49.2,114.2,591.9,432.0,744.0,702.7,632.9,1.0,5820,2,4.0,3
3,20.2,49.1,116.4,585.1,426.4,738.3,696.8,630.8,1.0,5820,1,5.0,2
4,22.2,54.1,130.2,565.4,427.8,691.4,623.0,562.1,2.0,1903,3,3.0,1
1,19.8,55.6,121.9,561.0,474.9,719.2,679.0,631.2,1.0,2847,2,3.0,2
4,20.0,48.8,114.3,590.9,458.7,747.7,698.2,642.0,1.0,5820,4,4.0,1
1,8.0,45.4,87.7,620.3,542.5,769.7,738.3,665.5,0.0,8374,5,5.0,2
2,15.6,46.3,84.2,594.9,564.1,767.2,735.7,659.1,1.0,2679,2,4.0,1
4,21.4,57.1,131.6,551.7,431.3,685.7,628.7,564.8,2.0,4761,3,5.0,1
2,19.3,53.8,88.4,581.9,459.4,731.7,688.7,622.8,1.0,6528,4,4.0,2
4,19.5,49.6,36.8,588.5,451.7,745.5,702.3,647.6,1.0,5820,6,3.0,3
2,20.1,50.8,101.4,585.1,405.1,707.2,659.2,573.9,2.0,7395,3,4.0,1
2,18.2,53.9,113.7,598.1,524.4,755.9428571428572,715.4,650.0,1.0,9658,3,4.0,2
4,19.4,49.9,122.4,591.3,444.8,748.8,520.2,651.1,1.0,5820,3,4.0,2
4,28.400000000000002,53.3,120.5,597.2,498.0,750.6,711.4,654.5,0.0,5820,6,4.0,2
4,19.2,50.2,118.7,587.0,446.4,743.0,699.5,652.7,1.0,5820,6,3.0,2
2,19.0,51.7,27.9,592.3,467.0,744.8,487.9,620.9,0.0,4129,6,4.0,2
1,18.7,56.6,128.6,573.0,459.9,713.2,680.0,612.5,2.0,8649,2,3.0,1
4,20.3,56.6,113.1,596.8,433.1,730.6,677.3,614.7,3.0,7241,3,3.0,1
4,19.0,50.4,124.4,588.7,473.5,746.1,705.1,642.1,1.0,5820,3,4.0,1
2,21.5,47.3,90.9,616.7,495.6,753.0714285714286,703.1,648.1,1.0,9127,6,5.0,2
4,18.8,50.8,124.7,591.0,460.6,747.1,707.9,646.3,1.0,5820,3,5.0,1
4,18.9,50.9,126.2,590.8,474.3,755.0,707.5,639.9,1.0,5820,3,3.0,3
4,18.9,50.8,120.1,582.3,461.6,750.3,725.1,647.9,1.0,5820,1,5.0,1
4,18.8,50.9,122.2,587.9,486.7,750.8,706.5,643.7,1.0,5820,4,5.0,2
2,19.0,51.2,0.9,566.1,495.1,750.4,706.9,648.2,1.0,2847,5,4.0,1
2,21.7,52.1,103.2,607.0,463.9,743.1,689.7,616.5,1.0,7241,6,4.0,1
4,18.7,51.1,125.1,591.2,469.6,750.7,710.5,647.2,1.0,5820,3,3.0,3
4,18.7,51.0,122.2,592.5,479.2,750.5,708.3,647.9,1.0,5820,3,5.0,1
4,20.7,51.7,103.0,549.8,479.7,745.8,712.3,634.9,1.0,9241,3,4.0,2
1,28.89,43.9,62.2,614.0,621.1,804.0,514.2,713.5,0.0,5820,3,4.0,1
4,18.6,51.0,123.9,591.5,473.0,752.0,714.1,643.0,1.0,5820,4,5.0,1
4,18.6,51.1,118.0,589.4,481.3,754.2,705.2,655.8,1.0,5820,1,5.0,2
2,19.3,53.8,35.0,584.5,472.0,725.3,673.2,609.5,1.0,6528,3,5.0,2
1,16.8,42.7,86.4,604.4,408.7,770.7,721.9,634.2,1.0,3418,4,5.0,2
4,18.5,51.4,129.1,589.4,486.7,752.5,715.6,645.2,1.0,5820,6,4.0,2
2,16.8,47.8,89.7,600.2,512.0,764.7,803.4,668.5,1.0,5820,4,3.0,2
1,18.9,56.0,119.8,598.4,511.2,741.0,698.7,622.7,1.0,5693,6,1.0,2
4,18.1,52.1,119.5,587.5,467.6,742.7,709.9,633.3,1.0,5820,3,1.0,1
3,20.4,45.5,98.8,596.6,507.0,737.1,692.0,616.6,1.0,8052,4,4.0,3
4,30.0,54.6,124.7,545.2,462.4,676.2,564.6,541.6,2.0,7058,3,3.0,1
4,18.1,52.0,120.1,585.2,495.2,751.0,709.8,652.6,1.0,5820,5,3.0,1
3,24.2,45.0,152.3,571.5,458.3,704.4,665.8,569.1,1.0,6847,2,4.0,1
4,18.2,51.8,124.5,589.1,487.6,748.0,708.7,654.4,1.0,5820,5,4.0,1
4,18.0,52.1,118.8,589.8,486.9,746.6,699.3,644.0,1.0,5820,1,4.0,3
3,20.1,51.0,121.1,586.3,450.2,704.8,634.1,568.3,2.0,1374,5,2.0,3
3,23.8,53.9,129.2,550.6,441.7,696.6,645.9,569.9,2.0,8936,4,5.0,1
4,18.1,52.0,118.8,588.1,499.5,746.8,721.7,654.2,0.0,5820,4,4.0,2
4,18.0,52.2,124.2,583.1,491.7,756.3,711.8,646.6,0.0,5820,1,4.0,1
4,18.0,52.2,124.1,589.2,477.8,750.4,712.9,663.8,0.0,5820,5,3.0,2
4,17.1,49.3,26.4,587.2,491.6,742.3,714.0,639.5,2.0,8052,3,4.0,2
1,17.8,54.8,134.6,589.0,484.0,723.8,678.8,609.2,1.0,7963,6,3.0,1
4,17.7,52.9,117.5,586.8,500.9,749.7142857142857,707.7,651.7,0.0,5820,4,4.0,2
4,17.6,53.1,128.4,591.0,491.8,750.2,711.4,636.4,0.0,5820,2,4.0,1
1,20.4,55.7,130.1,557.7,448.4,710.1,654.9,592.8,2.0,9385,6,4.0,1
1,19.9,59.0,130.0,548.3,474.3,727.1,683.9,621.5,1.0,8936,4,3.0,1
2,19.2,54.2,93.2,583.1,462.7,729.3,672.0,610.9,1.0,6528,6,5.0,3
4,17.6,53.0,112.9,586.6,492.1,759.0,710.6,657.0,0.0,5820,6,5.0,2
4,22.1,54.5,119.3,547.3,474.1,706.2,496.2,583.9,1.0,3592,3,4.0,1
3,20.4,51.3,133.8,584.2,444.4,718.5,662.9,588.3,1.0,7963,2,4.0,2
4,17.3,53.6,121.1,585.6,496.8,761.5,715.1,657.6,0.0,5820,5,2.0,1
2,19.5,50.6,101.2,555.9,485.3,748.2,712.6,648.5,1.0,2847,4,4.0,2
4,21.1,52.7,128.3,564.0,364.3,683.5,646.5,548.3,3.0,7395,4,4.0,1
2,20.1,47.1,76.2,618.4,556.6,780.3,799.6,651.8,1.0,7241,4,4.0,2
1,19.5,52.4,105.6,552.8,515.8,753.4,705.3,642.6,1.0,9241,4,4.0,2
1,17.2,53.8,124.2,586.5,504.1,754.9,726.0,663.7,0.0,5820,6,3.0,3
1,29.32,55.1,115.0,559.2,469.3,723.5,518.1,625.7,1.0,9385,2,5.0,3
1,20.1,56.4,125.3,550.1,430.1,700.5,648.1,601.4,2.0,9385,4,4.0,1
1,17.0,54.1,117.9,590.3,504.4,752.0571428571428,810.3,656.2,0.0,5820,3,3.0,3
1,19.0,52.9,114.5,580.8,498.3,731.8,685.5,616.1,1.0,1826,5,3.0,2
3,29.680000000000003,50.8,146.4,565.9,396.2,680.9,644.4,546.2,2.0,5172,1,2.0,1
1,17.0,54.1,122.9,593.5,514.4,760.6,717.2,667.5,0.0,5820,5,3.0,2
1,17.0,54.0,217.8,589.5,510.9,760.5,723.3,674.7,0.0,5820,6,4.0,1
2,20.9,46.1,118.6,591.9,395.8,738.9,691.1,611.7,1.0,1374,2,2.0,2
2,20.7,55.7,189.0,559.3,476.3,732.1,686.3,636.3,1.0,3592,1,5.0,1
1,19.7,55.9,119.9,552.9,510.0,729.2,682.2,627.4,1.0,1458,1,5.0,2
1,16.8,54.2,121.6,589.1,502.2,762.5,730.0,669.4,0.0,5820,2,4.0,1
1,16.8,54.2,123.1,591.2,500.5,760.1,728.9,661.9,0.0,5820,6,5.0,3
1,16.8,54.2,121.3,589.5,505.6,763.5,717.9,670.0,0.0,5820,5,5.0,1
1,28.99,54.3,121.4,591.5,509.9,762.5,715.0,671.9,0.0,5820,2,4.0,2
4,20.4,53.0,86.8,602.2,461.4,731.5,690.1,599.8,1.0,9127,4,5.0,1
1,16.8,54.2,116.3,590.9,509.9,755.9,720.1,676.6,0.0,5820,1,3.0,1
3,29.47,48.9,114.5,582.8,445.3,711.6428571428571,646.2,581.1,2.0,1374,5,4.0,1
1,16.7,54.6,121.1,590.9,501.2,759.4,717.3,662.5,0.0,5820,6,4.0,1
1,16.7,54.4,119.4,594.0,513.0,759.2428571428572,726.8,669.7,0.0,5820,6,5.0,1
4,21.5,53.6,124.7,550.2,435.3,707.9,647.1,582.5,2.0,9385,4,3.0,1
2,19.2,55.5,99.3,611.3,499.5,747.2,711.1,642.9,1.0,3856,1,5.0,3
1,16.0,45.4,206.4,610.0,567.8,775.5,753.3,667.1,0.0,5820,2,3.0,1
2,22.9,52.0,108.9,548.2,492.0,722.4,671.5,612.1,1.0,1458,2,5.0,1
4,19.9,49.5,108.6,591.5,349.2,695.6,629.9,541.6,2.0,3418,5,5.0,1
1,16.1,44.0,66.1,618.0,597.9,786.9,761.0,695.8,0.0,5820,5,5.0,2
3,31.1,48.6,111.0,579.0,414.4,722.8,661.7,599.0,1.0,1826,6,2.0,1
1,16.0,44.2,64.0,616.5,604.4,790.3,769.7,709.6,0.0,5820,1,4.0,2
1,18.0,51.0,112.4,597.5,431.6,739.7,689.0,597.4,1.0,3418,4,5.0,3
1,19.2,52.8,112.5,555.6,475.4,722.7,679.7,606.3,1.0,2847,4,1.0,2
1,16.2,44.0,62.7,621.7,601.7,793.5,760.0,715.1,0.0,5820,5,3.0,2
1,18.8,45.5,74.2,618.2,448.2,765.9,739.8,666.4,0.0,2105,6,2.0,2
1,16.4,45.0,210.4,618.5,600.2,789.2,755.4,699.4,0.0,5820,1,3.0,2
1,16.7,45.1,69.7,607.6,583.9,789.0428571428572,747.2,704.0,0.0,5820,6,4.0,2
1,17.0,45.0,72.8,615.7,577.1,786.1,751.6,695.9,0.0,5820,4,5.0,2
1,19.1,55.7,102.7,602.0,489.7,733.3,675.4,606.9,1.0,3856,4,3.0,2
1,17.4,45.8,79.6,608.9,561.4,780.6,738.4,707.2,0.0,5820,1,5.0,1
4,19.8,51.1,113.3,587.8,436.3,746.3,688.2,619.5,1.0,9658,2,1.0,1
1,17.0,47.4,81.1,609.0,542.8,778.6,739.3,684.8,0.0,5820,5,4.0,2
1,29.010000000000005,47.7,72.7,608.3,538.7,779.1142857142858,737.3,697.1,0.0,5820,3,3.0,1
4,19.2,53.3,128.9,590.2,438.1,731.8,697.5,624.1,1.0,6847,6,5.0,1
1,16.3,46.9,78.3,609.7,577.8,782.2,754.3,708.6,0.0,5820,2,1.0,1
1,19.4,54.8,114.2,556.6,494.3,709.6,646.6,587.7,2.0,7058,3,5.0,2
1,16.2,46.0,67.8,613.8,607.0,781.9,755.5,709.8,0.0,5820,4,3.0,2
1,29.3,50.1,100.7,578.8,502.3,747.7,703.7,630.1,2.0,7395,2,5.0,2
1,28.930000000000003,45.4,64.1,616.6,592.7,778.3,748.3,710.8,0.0,5820,5,4.0,1
1,16.2,44.8,68.1,619.4,592.0,789.0,739.5,709.0,0.0,5820,5,4.0,1
1,28.930000000000003,44.6,67.6,616.4,594.1,793.6,748.9,708.9,0.0,5820,3,3.0,1
4,22.6,51.9,109.4,558.9,416.8,686.9,634.5,561.3,3.0,9385,5,1.0,1
4,22.6,52.4,139.7,559.7,341.0,672.5,609.3,525.2,3.0,3074,5,5.0,1
1,16.2,44.5,69.3,622.6,582.0,789.6,760.9,714.3,1.0,5820,5,4.0,2
1,16.2,44.7,68.2,618.7,613.5,791.8,754.7,703.9,0.0,5820,4,4.0,1
2,16.3,44.4,61.2,618.7,632.5,793.2,754.8,704.4,0.0,5820,4,5.0,2
1,15.7,44.2,66.1,620.1,618.6,795.5,765.2,721.5,0.0,5820,4,4.0,2
1,16.4,44.5,72.9,616.5,573.2,794.0,755.6,710.8,0.0,1374,6,5.0,2
3,24.3,50.8,113.5,538.2,381.7,722.3,646.9,567.4,2.0,4703,1,1.0,1
2,18.8,45.0,65.8,584.3,558.4,779.8,743.3,694.2,0.0,2847,4,5.0,2
4,22.3,51.5,114.6,575.2,436.7,716.5,662.8,595.7,1.0,4507,6,4.0,1
2,16.4,45.9,69.8,618.1,554.8,777.3,740.2,692.8,0.0,5820,5,4.0,1
2,29.09,43.6,73.6,616.0,530.4,773.9,746.9,683.4,0.0,5820,1,2.0,2
2,17.8,45.0,71.8,616.1,515.5,777.8,732.9,683.2,0.0,5820,6,3.0,1
3,25.3,46.9,114.8,581.6,464.6,712.0,674.6,608.4,1.0,4507,1,5.0,1
2,18.4,45.4,74.3,604.2,474.6,765.0,718.4,683.3,0.0,5820,4,4.0,2
2,18.6,44.9,76.7,615.3,493.4,766.0,730.2,677.1,0.0,5820,3,5.0,2
2,19.0,44.7,71.8,611.4,499.4,775.9,725.9,686.1,0.0,5820,3,5.0,2
2,19.7,44.6,74.8,614.0,512.4,774.7,735.4,686.6,0.0,5820,2,3.0,2
2,19.7,45.3,81.5,601.8,495.5,767.0,717.3,672.0,0.0,5820,1,3.0,2
4,21.2,54.0,138.5,563.0,340.3,683.2,623.0,537.7,2.0,3074,2,5.0,1
2,32.2,46.1,107.1,596.1,474.2,739.3,705.5,629.7,1.0,5820,5,4.0,1
2,20.8,43.9,85.9,604.7,504.9,764.3,721.3,666.7,1.0,5820,4,5.0,2
4,20.4,58.6,124.2,554.5,481.0,718.2,683.0,616.4,1.0,5214,5,3.0,1
2,18.2,46.2,60.7,628.4,583.1,790.4,761.3,703.9,0.0,1482,5,4.0,2
2,20.8,44.8,89.0,603.4,499.2,749.7,706.7,671.2,1.0,5820,3,4.0,1
2,20.3,46.2,84.0,603.4,497.2,750.2,702.5,658.1,1.0,5820,5,4.0,3
2,20.5,46.0,94.5,598.7,491.7,750.7,706.4,664.3,1.0,5820,1,4.0,2
2,29.360000000000003,46.5,97.8,594.6,484.8,743.5,706.5,661.0,1.0,5820,5,4.0,2
2,19.6,53.4,106.8,571.1,499.8,707.5,631.6,570.8,2.0,1903,6,3.0,1
2,21.2,46.6,132.6,581.3,460.8,748.5,688.4,633.4,2.0,5820,2,3.0,2
2,18.5,50.5,72.0,594.8,549.2,767.6,730.2,656.2,0.0,7395,4,2.0,1
2,21.5,45.7,115.0,587.0,469.9,747.7,706.3,650.5,1.0,5820,3,5.0,2
4,19.5,52.8,106.5,562.6,472.5,725.6,672.4,619.2,1.0,2847,3,5.0,3
2,21.7,46.4,141.8,576.9,354.9,716.8,674.0,613.7,1.0,5820,2,4.0,1
2,21.8,46.3,138.6,582.2,335.9,723.1,674.0,608.6,1.0,5820,3,5.0,2
2,21.9,46.0,141.8,578.0,361.9,718.6571428571427,667.3,619.1,1.0,5820,4,2.0,1
4,20.7,55.2,137.3,562.5,369.7,680.1,629.2,535.1,2.0,3074,4,4.0,1
2,21.6,47.3,155.2,573.4,370.0,721.3,679.2,613.2,1.0,5820,6,5.0,1
2,21.6,47.5,160.5,572.1,367.2,719.0,670.1,611.7,1.0,5820,2,2.0,1
2,21.8,47.7,168.3,571.0,382.4,727.6,670.8,607.1,1.0,7963,5,3.0,2
2,23.3,51.4,110.3,555.6,484.2,714.8714285714286,675.9,604.5,1.0,7058,5,5.0,1
2,19.1,54.0,110.1,576.4,454.2,741.3,688.5,621.1,1.0,4507,1,5.0,2
2,22.1,53.7,203.2,554.8,375.9,659.5,617.6,513.1,2.0,7963,2,1.0,1
2,22.2,48.6,184.7,569.4,383.1,701.2,653.7,563.4,2.0,7963,1,4.0,1
2,22.6,46.7,179.4,571.2,390.1,702.7,662.9,588.6,2.0,7963,3,4.0,1
1,19.6,57.7,113.7,550.4,485.7,706.4285714285714,649.0,577.4,2.0,3592,1,4.0,1
2,16.6,45.7,61.3,611.8,610.9,784.5,763.0,706.6,0.0,3418,2,5.0,2
2,22.6,45.9,170.9,570.8,392.6,713.8,666.0,594.2,2.0,7963,3,4.0,1
2,21.8,47.6,169.9,571.8,397.6,718.9,666.9,596.2,2.0,7963,6,1.0,1
2,22.1,47.2,162.8,574.3,415.7,712.157142857143,671.8,595.3,1.0,7963,1,4.0,1
4,21.6,52.5,125.4,547.0,449.9,649.4,592.7,505.3,4.0,7058,1,5.0,1
2,21.7,48.7,152.5,576.5,390.9,708.5,659.8,583.2,2.0,7963,5,4.0,1
2,29.480000000000004,49.0,154.7,577.2,413.0,707.5,662.8,596.0,2.0,7963,3,5.0,1
2,21.9,48.3,174.5,575.0,398.8,709.1,668.4,591.3,2.0,7963,4,3.0,1
2,21.9,48.3,150.5,582.1,412.7,709.5,677.2,586.6,2.0,7963,2,3.0,1
2,29.47,48.9,154.1,575.1,416.8,709.4714285714286,661.6,593.6,2.0,7963,6,1.0,1
2,22.0,48.1,153.7,575.4,402.5,717.8285714285714,672.1,609.2,2.0,7963,5,4.0,1
3,21.3,46.3,233.2,589.4,405.4,741.0,696.1,627.7,1.0,5820,5,5.0,3
3,22.3,47.7,147.8,570.4,397.8,702.1,663.0,584.6,2.0,7963,3,5.0,2
3,21.9,48.2,146.9,579.4,416.1,712.3,666.8,603.1,2.0,7963,4,4.0,1
3,22.2,47.8,146.3,577.2,405.2,710.3,674.7,599.1,2.0,7963,1,4.0,1
3,22.1,51.6,123.2,540.5,431.1,644.2,582.1,513.6,4.0,7058,2,3.0,2
3,29.580000000000002,46.6,149.6,580.6,414.1,719.5,674.5,606.1,2.0,7963,2,5.0,1
1,18.4,40.0,70.3,618.3,534.1,783.8,757.7,688.4,1.0,8374,3,5.0,2
1,18.2,39.8,71.7,625.1,551.1,791.0571428571428,762.3,708.3,1.0,8374,1,5.0,1
1,17.6,48.7,112.9,593.1,433.5,753.6,696.3,618.8,1.0,3418,5,3.0,2
2,19.1,54.8,117.3,576.4,415.5,728.3,690.2,610.7,1.0,3074,1,5.0,1
3,29.5,48.5,145.6,578.3,414.4,713.0714285714287,665.6,594.8,2.0,7963,3,1.0,1
3,22.3,48.1,156.2,564.5,434.8,715.4,667.3,592.1,2.0,7963,6,4.0,1
3,22.3,47.5,151.4,574.0,420.1,712.0,668.7,593.8,2.0,7963,2,2.0,1
4,20.9,57.4,133.7,557.7,439.5,707.2,650.1,581.6,1.0,4761,4,1.0,1
4,22.0,52.2,99.4,550.9,474.0,713.6,652.6,583.2,1.0,4703,4,5.0,1
4,21.8,51.6,44.4,572.2,407.3,717.4,673.1,590.8,2.0,1826,1,4.0,1
3,22.7,46.9,152.3,577.6,438.8,710.7857142857143,668.4,589.4,2.0,7963,6,4.0,1
4,19.7,55.5,139.4,573.8,459.3,721.0,659.6,603.8,1.0,4507,5,4.0,1
2,21.9,45.2,87.8,584.7,502.7,754.6,500.5,648.2,0.0,1826,3,2.0,2
3,22.2,50.3,196.9,558.1,425.1,701.1,642.0,586.2,2.0,7963,5,4.0,1
1,18.3,46.5,61.3,623.0,583.0,785.1,770.7,699.0,0.0,1482,1,4.0,2
1,19.0,55.8,114.5,555.3,498.2,716.2,656.9,587.1,2.0,7058,3,3.0,1
3,23.0,47.2,166.8,575.5,430.6,714.4,674.6,584.4,2.0,7963,2,4.0,1
4,21.9,52.2,126.5,577.6,429.2,702.2,665.0,589.9,1.0,4507,1,4.0,1
3,23.0,46.7,153.7,569.1,435.0,709.6142857142858,661.8,585.6,3.0,7963,3,4.0,1
3,23.1,46.2,153.4,571.2,427.1,698.8,663.2,586.2,2.0,7963,2,4.0,1
2,19.5,59.0,141.2,547.8,505.3,714.6,654.8,591.5,2.0,1458,6,2.0,1
3,23.1,46.1,151.6,577.3,431.8,719.9,670.7,592.4,2.0,7963,1,3.0,1
3,22.2,47.8,151.3,576.1,430.4,708.7,676.1,586.1,2.0,7963,6,4.0,1
2,17.5,53.9,231.1,607.9,536.9,775.8,749.6,685.7,0.0,4129,4,5.0,2
3,23.0,46.8,159.8,579.1,429.0,712.3142857142857,665.5,599.5,1.0,7963,5,5.0,1
2,18.1,50.2,85.7,613.7,511.5,773.3000000000001,729.8,678.1,0.0,4129,6,4.0,1
3,23.1,46.8,149.5,583.3,420.0,712.4,672.8,594.3,2.0,7963,6,5.0,1
3,23.4,46.0,30.0,573.5,429.9,716.2,672.2,584.3,2.0,7963,6,4.0,1
2,22.2,52.5,141.7,554.1,438.2,711.4,668.5,603.8,1.0,9385,6,3.0,1
3,23.7,45.2,152.9,578.1,442.2,710.5,672.9,599.5,2.0,7963,5,4.0,1
3,23.7,45.2,146.7,575.2,444.9,709.157142857143,668.3,586.4,2.0,7963,5,4.0,1
4,29.230000000000004,50.2,120.9,587.0,468.0,748.0,701.9,654.7,1.0,5820,2,5.0,3
3,23.6,45.3,152.7,582.4,447.5,707.8,671.5,592.8,2.0,7963,4,2.0,1
3,22.9,46.5,150.3,577.3,439.1,701.3428571428573,655.6,568.3,2.0,7963,5,5.0,1
3,29.62,46.3,153.7,573.6,447.3,705.8,656.3,576.4,2.0,7963,6,2.0,1
3,23.6,45.4,152.1,572.6,425.2,705.0,657.2,568.9,1.0,7963,5,5.0,1
3,23.1,53.8,114.9,551.7,455.1,696.1,655.5,581.8,2.0,5214,4,5.0,1
3,23.5,45.4,143.4,576.6,458.3,702.4714285714286,659.3,574.9,1.0,7963,6,2.0,1
3,29.650000000000002,52.4,113.6,555.9,415.6,693.8,660.5,592.2,2.0,5214,5,4.0,1
3,23.0,46.2,143.8,578.2,436.2,709.8,829.9,583.6,1.0,7963,3,3.0,1
3,20.8,46.0,100.2,593.5,501.1,728.2,678.2,615.6,1.0,8052,1,4.0,1
3,22.6,47.1,141.8,578.8,439.3,702.5,668.7,589.3,1.0,7963,5,5.0,1
3,22.5,47.2,141.6,574.0,436.6,699.9,659.4,571.8,1.0,7963,1,4.0,2
2,21.5,51.0,128.0,570.7,466.0,722.1,666.2,594.0,2.0,9184,3,4.0,1
4,19.3,50.4,113.5,594.6,462.5,740.4,702.4,622.1,1.0,2105,4,5.0,1
2,28.4,53.0,117.4,554.2,474.1,705.1,658.2,582.2,1.0,8936,1,5.0,1
4,19.9,54.8,119.9,598.2,485.5,731.6,691.5,614.5,1.0,5693,3,4.0,1
3,21.4,49.3,131.4,581.2,435.0,706.5,671.6,571.8,1.0,7963,6,5.0,1
3,21.1,49.8,135.8,580.0,448.3,719.9,797.9,581.5,1.0,7963,1,4.0,1
3,20.8,50.4,130.2,583.8,451.8,708.3,668.8,596.9,1.0,7963,6,4.0,1
3,24.1,51.7,112.6,551.2,440.3,688.3,661.5,593.4,2.0,5214,6,1.0,1
2,21.6,44.5,109.9,596.2,434.1,739.5,466.3,634.4,1.0,1374,2,5.0,2
3,20.4,51.3,133.8,584.2,444.4,718.5,662.9,588.3,1.0,7963,2,4.0,2
3,20.4,51.3,130.8,584.0,455.8,721.7,667.1,598.2,1.0,7963,4,4.0,3
3,20.3,51.4,133.4,575.0,445.0,718.0571428571428,681.8,592.8,1.0,7963,5,4.0,2
1,27.6,57.6,213.1,558.7,476.4,718.3285714285713,479.1,595.6,1.0,4761,5,5.0,2
3,22.7,49.7,108.0,559.6,459.4,731.2,680.1,612.3,1.0,2847,3,4.0,2
4,20.0,51.9,138.6,577.7,457.4,729.0,683.5,600.1,1.0,7963,2,5.0,1
2,18.2,48.4,67.4,564.9,563.1,776.0,738.9,687.3,0.0,4703,5,5.0,2
4,19.9,52.0,144.2,571.6,451.2,725.5,806.4,613.6,1.0,7963,2,3.0,1
2,29.330000000000002,49.4,76.0,619.5,443.4,763.5,508.0,652.0,2.0,7241,5,3.0,1
4,19.7,52.4,136.3,573.6,464.7,733.0,678.1,608.8,2.0,7963,5,4.0,3
4,29.27,52.4,128.1,585.2,455.9,733.4,681.9,606.2,1.0,7963,4,3.0,2
1,19.5,45.3,83.1,613.1,416.4,756.9,709.2,641.8,0.0,2105,6,5.0,2
4,19.6,52.4,130.2,577.8,447.8,726.9,677.7,610.8,1.0,7963,2,4.0,2
4,19.6,52.3,140.3,580.5,462.9,729.1142857142858,686.4,613.5,1.0,7963,3,5.0,2
4,19.5,52.4,137.1,581.8,462.2,729.0,691.2,594.1,1.0,7963,5,1.0,2
3,25.0,52.3,131.4,550.9,447.9,697.8,643.8,579.8,2.0,8936,3,5.0,1
4,19.5,52.4,137.3,582.4,473.8,724.8,681.5,615.5,1.0,7963,3,5.0,2
3,22.6,46.4,126.1,584.7,460.0,724.5,681.5,599.6,2.0,1374,1,1.0,1
4,19.4,52.5,132.7,576.5,456.8,725.2,686.3,607.1,1.0,7963,3,5.0,1
4,20.3,54.6,124.7,545.2,462.4,676.2,797.4,541.6,3.0,7058,3,3.0,1
4,19.2,52.8,144.2,586.5,456.8,730.6857142857143,681.6,619.3,1.0,7963,5,3.0,2
4,29.22,52.9,134.6,585.5,470.0,730.9857142857143,696.7,615.9,1.0,7963,3,3.0,3
4,19.2,52.8,23.1,582.5,464.2,735.3,687.4,621.0,1.0,7963,2,4.0,2
4,19.2,52.7,137.4,581.4,464.3,730.7714285714285,697.5,615.9,1.0,7963,6,2.0,2
4,20.3,58.6,119.4,546.0,477.6,716.7428571428571,676.5,608.4,1.0,8936,4,4.0,1
2,16.4,45.7,65.2,616.2,631.4,793.7,752.1,706.5,0.0,3418,6,4.0,1
4,19.0,53.0,136.6,585.8,457.7,735.7,698.9,620.7,1.0,7963,1,5.0,2
4,18.9,53.1,138.2,576.4,483.6,732.342857142857,690.9,629.8,1.0,7963,3,3.0,2
4,18.3,52.4,111.8,598.1,476.3,761.4,704.3,643.5,1.0,1374,1,2.0,1
3,22.6,45.8,109.6,599.2,444.4,727.9,683.4,614.8,2.0,2105,2,2.0,2
4,18.8,53.3,136.3,579.9,466.8,728.0,682.0,621.9,1.0,7963,5,5.0,3
4,18.8,53.3,139.3,585.3,482.5,732.7142857142857,692.6,620.2,1.0,7963,3,4.0,2
3,21.1,45.7,110.7,585.5,473.2,720.9,673.4,590.1,3.0,2679,2,5.0,3
4,18.7,53.5,5.5,582.1,480.1,731.5,703.8,624.2,1.0,7963,5,5.0,2
4,29.260000000000005,54.8,103.3,599.8,479.4,739.2,695.4,619.7,1.0,9127,4,5.0,3
4,18.6,53.7,131.6,583.0,494.5,732.8,692.6,623.2,1.0,7963,1,4.0,2
1,18.9,51.5,111.1,596.7,475.2,747.4,702.3,634.9,1.0,8374,3,4.0,3
4,9.5,53.7,134.0,585.8,475.3,726.8,568.6,611.9,1.0,7963,2,3.0,1
4,18.5,53.8,134.5,585.2,485.4,735.8,830.8,622.3,1.0,7963,4,4.0,1
4,18.4,53.8,137.2,581.8,480.1,732.7142857142857,695.1,621.5,1.0,7963,6,4.0,3
4,30.5,54.0,136.0,586.5,490.1,731.5,688.2,624.8,1.0,7963,2,1.0,2
4,23.2,52.6,115.8,547.3,480.9,687.8,608.4,554.4,1.0,6817,2,4.0,1
4,18.4,53.9,132.1,585.7,499.5,726.1,705.8,619.4,1.0,7963,4,1.0,2
4,18.4,53.9,133.2,585.0,480.0,739.6142857142858,688.3,630.2,1.0,7963,4,5.0,3
3,24.8,49.4,142.6,561.8,416.9,682.3,607.5,541.8,2.0,1903,1,2.0,1
4,18.3,54.0,141.9,586.5,483.2,737.4571428571428,691.0,631.4,1.0,7963,4,5.0,2
3,29.460000000000004,46.3,96.2,591.2,501.5,742.2,698.2,641.2,0.0,3418,6,4.0,1
4,31.1,54.4,132.7,587.8,490.4,739.7,693.4,630.5,1.0,7963,2,5.0,3
1,17.0,53.1,78.7,606.5,534.1,761.4,721.0,660.8,1.0,9658,2,1.0,2
2,21.1,44.3,97.0,600.4,492.4,751.7,723.5,670.4,1.0,5820,4,2.0,2
4,18.1,54.4,139.0,583.2,486.8,733.1,678.9,602.8,1.0,7963,5,4.0,3
4,29.12,54.4,135.2,590.2,481.6,735.7,670.7,603.8,1.0,7963,5,4.0,2
4,18.2,54.2,236.8,581.1,486.8,728.6,665.1,596.7,1.0,7963,3,4.0,2
4,18.0,54.6,133.3,580.2,487.1,732.3,663.6,592.4,1.0,7963,6,4.0,3
4,18.1,54.3,134.8,583.6,487.0,729.7,671.7,593.1,1.0,7963,1,3.0,2
4,18.0,54.4,132.7,584.3,501.1,729.1571428571427,677.4,589.0,1.0,7963,2,4.0,1
1,18.0,54.4,134.8,585.9,490.6,721.4,672.3,588.6,1.0,7963,4,4.0,2
4,20.5,54.7,118.6,560.4,445.6,714.4,668.6,606.9,2.0,9385,1,4.0,1
3,23.9,52.6,115.8,544.9,471.8,716.2142857142856,670.4,606.1,1.0,3592,1,4.0,1
1,18.0,54.4,130.7,586.9,483.5,731.8,674.0,587.7,1.0,7963,5,5.0,2
1,17.9,54.5,184.5,584.2,489.0,723.4,669.1,601.1,2.0,7963,2,5.0,3
3,24.0,49.3,118.4,549.4,465.1,730.9,677.0,627.2,1.0,9241,3,5.0,2
1,18.0,54.3,129.3,588.7,483.2,723.7,671.0,601.8,1.0,7963,4,4.0,2
1,17.9,54.4,123.9,584.7,474.2,736.0,675.8,593.1,1.0,7963,6,5.0,3
3,23.4,46.9,114.6,591.1,441.9,729.8,676.3,614.7,2.0,9658,2,1.0,1
1,17.8,54.8,122.1,585.3,485.9,732.6,676.6,593.8,1.0,7963,2,3.0,1
4,19.6,52.8,118.9,559.9,477.5,723.6,673.0,606.2,1.0,2847,2,2.0,1
2,18.0,53.7,112.5,592.7,485.4,757.0,709.7,625.5,1.0,4129,5,4.0,2
1,17.8,54.9,128.1,575.6,496.5,730.4,676.3,595.8,1.0,7963,5,5.0,2
1,17.8,54.8,138.4,591.5,494.2,727.8,671.5,593.8,1.0,7963,4,4.0,3
3,22.6,55.0,134.7,562.6,419.9,691.4428571428571,627.8,554.7,2.0,4761,4,3.0,1
3,24.4,49.9,114.4,544.8,452.7,687.4,658.5,583.5,3.0,6817,6,3.0,1
1,17.7,55.1,131.8,582.7,499.6,736.6,679.1,601.0,1.0,7963,1,4.0,1
4,22.5,53.9,128.8,549.5,466.7,705.5,661.4,594.9,1.0,3592,3,5.0,1
1,17.7,55.0,127.6,592.3,491.8,732.2,681.9,599.9,1.0,7963,3,3.0,1
1,17.6,55.1,138.5,579.4,497.6,733.1,683.0,597.3,1.0,7963,5,3.0,2
1,17.6,55.2,130.1,587.8,496.4,734.5,684.9,612.0,1.0,7963,5,3.0,2
3,23.3,45.6,234.3,605.9,456.0,729.8,689.0,617.4,1.0,1482,2,4.0,2
3,21.5,53.7,138.6,575.8,469.1,702.5,660.3,583.3,2.0,9184,1,4.0,2
1,17.6,55.1,128.6,586.5,491.4,730.5,688.6,602.1,1.0,7963,1,5.0,2
3,23.4,52.6,117.5,554.8,473.3,703.3,673.4,592.5,1.0,3592,6,5.0,1
2,20.5,51.2,97.5,582.7,415.2,709.7,668.7,588.4,2.0,7395,4,3.0,1
3,22.7,52.1,132.7,569.4,364.5,691.0,635.3,545.4,3.0,8649,3,4.0,2
1,17.0,49.3,78.9,604.2,560.2,768.9,725.0,652.7,1.0,7963,1,4.0,2
1,16.9,49.6,81.8,611.6,552.7,762.7,714.8,660.6,1.0,7963,3,5.0,1
1,16.9,49.3,75.1,602.7,573.1,769.5,845.6,662.3,1.0,7963,3,3.0,2
1,16.9,49.3,80.0,604.3,560.6,768.9,730.9,670.0,1.0,7963,4,3.0,2
1,16.8,49.5,73.1,612.5,553.6,768.3,730.0,684.5,1.0,7963,3,4.0,1
1,16.7,49.7,77.0,606.1,565.5,764.8,727.2,663.5,1.0,7963,6,3.0,2
1,16.7,49.8,76.4,612.9,566.2,771.0,726.6,677.9,1.0,7963,5,3.0,1
1,16.7,49.2,77.1,608.8,566.0,771.5,731.8,674.1,1.0,7963,6,1.0,2
1,16.2,49.1,65.7,612.9,589.7,781.8,754.3,689.6,1.0,7963,2,4.0,1
1,16.2,49.0,74.3,614.7,589.3,774.1,478.3,706.3,1.0,7963,3,2.0,2
4,18.2,54.1,135.0,585.9,477.0,733.8142857142858,832.0,610.4,1.0,7963,1,5.0,1
1,18.8,49.6,73.9,601.1,554.9,764.8,735.2,670.2,0.0,7395,5,4.0,2
2,19.4,48.3,82.3,610.4,568.1,778.9857142857144,751.5,671.4,1.0,7241,6,5.0,2
1,16.4,48.1,67.9,611.3,611.8,784.3,754.3,713.4,0.0,7963,5,4.0,1
1,16.3,49.3,72.8,614.4,615.6,788.5,749.5,716.8,0.0,3418,5,3.0,1
1,16.4,49.5,77.4,612.6,603.7,791.2,748.8,692.1,0.0,3418,6,5.0,1
1,16.6,49.6,77.9,609.3,591.3,781.5,743.7,700.3,0.0,3418,2,5.0,1
4,19.9,53.8,102.9,608.8,449.9,732.4,694.8,606.9,1.0,9127,3,4.0,3
4,20.1,58.9,122.6,546.9,464.1,728.8,687.9,624.3,1.0,8936,6,4.0,3
1,16.8,50.6,83.7,610.1,590.1,777.2,746.9,694.6,0.0,3418,4,5.0,2
2,18.4,52.3,91.3,593.5,516.1,751.4,717.2,651.6,0.0,7395,2,3.0,2
1,16.8,50.9,82.2,603.5,585.6,775.2,743.6,677.0,0.0,3418,3,4.0,1
1,16.8,51.1,84.6,600.5,576.7,777.2,746.2,686.4,0.0,3418,5,5.0,2
1,17.4,50.3,85.7,608.8,551.4,764.2,729.0,683.2,0.0,3418,1,3.0,2
1,17.7,49.2,86.4,606.4,550.4,777.4,737.0,689.8,0.0,3418,6,5.0,2
1,17.0,47.2,75.0,606.9,596.6,786.4,766.1,696.1,0.0,3418,5,2.0,1
1,17.3,44.5,62.8,631.2,615.1,791.7,769.1,724.2,0.0,5693,4,5.0,1
1,16.9,47.3,69.6,616.2,601.6,784.6,762.2,715.9,0.0,3418,3,3.0,1
2,16.8,47.0,64.9,612.1,609.7,785.3,761.4,714.3,0.0,3418,3,4.0,2
2,16.8,47.0,65.8,614.8,615.8,792.1,758.3,715.3,0.0,3418,3,4.0,1
2,16.8,46.5,67.1,619.6,606.7,786.3,751.7,721.7,0.0,3418,4,4.0,2
2,16.7,46.2,61.9,615.5,625.9,787.4,760.9,718.7,0.0,3418,6,5.0,1
2,29.53,41.8,77.3,612.4,531.6,762.4,727.3,660.9,0.0,5693,6,3.0,1
2,16.7,46.3,65.3,619.8,613.0,782.4,750.3,721.2,0.0,3418,4,5.0,1
1,28.950000000000003,42.3,75.4,609.7,570.3,787.4,762.0,699.3,0.0,3418,1,4.0,1
2,16.6,45.8,63.6,615.3,632.9,789.6,769.0,707.7,0.0,3418,5,4.0,2
2,16.6,45.9,70.5,623.1,618.4,784.0,765.3,707.4,0.0,3418,4,5.0,1
2,16.6,46.2,70.9,614.9,627.7,789.6,760.3,694.7,0.0,3418,5,3.0,2
3,24.8,47.4,114.6,601.0,446.9,708.0,669.4,578.9,1.0,9127,3,4.0,1
2,16.7,45.7,61.9,613.5,616.8,782.6,757.9,710.2,0.0,3418,3,2.0,1
2,15.9,49.5,64.7,609.5,592.5,786.1999999999999,759.5,698.8,0.0,6431,2,5.0,2
2,16.4,45.7,65.2,616.2,631.4,793.7,752.1,706.5,0.0,3418,6,4.0,1
2,17.1,45.9,65.6,616.0,591.7,776.5,746.8,696.5,0.0,3418,4,5.0,2
2,17.4,46.1,68.3,612.6,578.1,772.5,737.2,677.5,0.0,3418,4,5.0,2
2,17.4,46.4,69.9,613.4,556.7,773.7,731.1,674.3,0.0,3418,2,4.0,1
2,17.6,46.6,70.2,608.8,546.6,764.0,728.6,676.3,0.0,3418,4,5.0,2
2,19.3,54.9,70.0,585.9,536.2,755.5,713.1,643.9,0.0,6528,4,5.0,1
2,17.3,47.6,82.6,613.1,438.3,758.0,725.5,649.6,0.0,3418,1,4.0,2
2,17.2,47.5,208.8,613.5,466.3,765.2,736.7,673.0,0.0,3418,2,2.0,1
2,17.0,47.8,75.5,617.6,466.8,775.8,745.2,677.7,0.0,3418,4,4.0,2
2,18.4,46.1,71.3,609.5,449.0,763.9,717.2,660.8,0.0,3418,6,4.0,2
2,18.0,47.2,73.3,607.1,413.8,758.4,725.8,664.1,0.0,3418,5,4.0,2
2,17.7,47.8,80.7,607.3,411.4,757.1,722.9,655.4,0.0,3418,5,3.0,1
2,18.2,47.2,82.0,611.7,445.9,757.3,723.0,665.4,0.0,3418,4,4.0,2
2,18.1,47.7,84.1,603.3,443.0,754.4,714.3,656.6,0.0,3418,3,3.0,2
2,28.53,48.8,83.8,602.0,433.8,762.9857142857144,717.5,651.4,0.0,3418,2,1.0,2
2,17.3,50.5,103.6,589.7,480.8,716.2,637.6,571.5,1.0,3418,5,5.0,2
2,18.3,47.6,85.9,606.0,474.6,757.5,728.5,657.1,0.0,3418,1,5.0,2
2,17.8,48.7,90.4,609.2,461.0,755.4,709.0,654.2,0.0,3418,1,4.0,3
4,22.1,51.5,121.9,562.8,384.2,685.9,628.8,557.2,3.0,7395,4,4.0,1
2,17.8,49.3,89.4,605.7,472.2,753.5,715.4,647.8,0.0,3418,3,5.0,3
2,17.9,49.2,95.3,603.3,473.2,749.6,709.8,651.0,0.0,3418,2,4.0,3
2,17.8,49.6,189.4,599.0,483.0,749.7142857142857,715.5,648.5,0.0,3418,4,4.0,3
3,21.5,46.7,99.6,601.6,510.8,742.2,699.6,642.7,1.0,3418,2,3.0,2
1,16.9,54.2,121.4,593.1,494.1,761.7,721.6,666.7,1.0,5820,3,3.0,1
2,17.5,50.7,95.5,597.1,461.9,758.7,712.9,635.8,0.0,3418,2,4.0,3
4,20.1,53.6,117.6,575.1,484.9,741.5,685.2,618.6,1.0,1826,4,5.0,3
1,18.0,51.3,194.0,574.2,492.0,743.9,700.1,654.9,1.0,6431,3,3.0,3
3,20.7,48.1,109.7,590.3,429.4,739.7714285714285,699.2,624.1,1.0,5820,6,3.0,1
4,21.3,51.5,93.2,606.4,445.2,722.2,672.3,574.6,1.0,9127,6,4.0,3
2,18.6,48.6,100.7,593.8,475.9,758.1,716.3,648.1,0.0,3418,4,3.0,2
2,18.0,49.6,100.5,598.5,472.4,748.9,702.9,637.1,0.0,3418,3,3.0,1
2,18.6,52.6,106.0,598.3,500.8,747.4,714.4,638.2,1.0,9658,1,5.0,1
2,20.9,46.0,94.8,587.1,455.6,723.1,680.8,609.3,2.0,6431,4,5.0,2
2,29.22,47.9,91.7,600.0,521.6,764.7,719.8,674.0,0.0,3418,1,3.0,1
2,19.0,47.9,200.6,600.0,521.6,760.3714285714285,719.8,674.0,0.0,3418,1,3.0,1
2,19.2,48.0,95.6,605.0,512.1,761.3142857142858,717.1,662.1,0.0,3418,5,4.0,1
1,19.5,55.6,124.0,561.9,466.4,740.4,695.5,630.7,1.0,2847,1,1.0,3
1,22.5,51.6,102.9,555.4,475.0,713.7,667.0,585.0,1.0,7058,3,4.0,3
4,20.8,48.2,114.8,602.6,451.4,734.2,691.5,625.0,2.0,2105,5,5.0,1
2,20.2,47.4,93.9,598.8,517.2,756.3,718.7,643.4,0.0,3418,3,3.0,3
4,20.5,53.4,104.9,546.2,470.0,716.7,673.2,583.7,1.0,4703,1,5.0,1
3,8.8,45.8,102.8,593.7,479.9,718.0,665.6,588.7,1.0,9127,5,4.0,3
1,19.8,59.1,233.0,550.2,493.4,726.5,689.2,614.8,1.0,8936,4,2.0,3
3,21.6,45.4,91.8,593.9,500.4,738.9,708.2,641.4,0.0,3418,1,5.0,2
3,24.0,49.8,141.8,557.1,397.9,700.1285714285714,489.5,563.8,2.0,5172,5,5.0,3
3,21.3,46.9,88.5,591.7,505.3,743.0,800.1,633.3,0.0,3418,3,5.0,1
3,21.4,46.9,100.0,598.9,498.2,745.2,698.0,630.2,0.0,3418,3,5.0,2
3,22.6,47.8,149.4,577.6,434.1,699.8,657.6,567.3,2.0,3418,1,4.0,1
3,23.4,45.6,140.9,581.8,399.2,699.4,503.6,568.6,2.0,3418,4,3.0,3
3,23.1,44.6,129.2,588.8,414.7,721.1285714285714,684.5,600.5,2.0,3418,4,4.0,1
3,23.4,45.0,123.1,582.2,446.7,726.2,681.4,612.2,1.0,1374,4,3.0,2
1,18.2,57.4,112.0,595.9,501.4,749.5,696.2,635.2,1.0,9127,2,5.0,2
3,23.1,43.8,102.8,591.3,443.9,735.1,694.9,621.1,1.0,3418,5,4.0,2
3,29.630000000000003,44.4,104.9,583.6,464.2,734.3000000000001,693.4,628.5,1.0,3418,2,5.0,1
3,23.4,43.9,107.2,595.9,465.0,735.1,698.9,624.6,3.0,3418,4,4.0,1
3,23.0,45.1,106.8,591.4,482.5,735.2571428571428,689.6,624.1,1.0,3418,1,4.0,1
2,21.4,53.5,188.7,542.8,446.0,690.0,623.5,561.6,2.0,7058,4,5.0,2
3,23.0,45.6,21.6,594.5,475.1,729.2,691.9,619.1,1.0,3418,3,3.0,1
2,19.1,55.6,70.9,596.9,513.4,753.3,709.8,628.8,0.0,6528,1,4.0,1
3,23.0,45.4,104.7,593.3,488.8,738.6,689.5,637.1,1.0,3418,5,3.0,2
3,23.1,45.2,108.1,593.1,488.1,739.6,700.6,634.1,1.0,3418,1,5.0,2
3,23.7,43.8,110.3,588.3,474.3,737.5571428571429,687.9,636.4,1.0,3418,2,3.0,3
4,21.5,51.4,109.5,549.9,458.7,734.1857142857142,684.7,640.1,1.0,9241,5,1.0,3
3,22.3,43.5,209.0,587.5,459.4,728.9714285714284,673.0,616.7,1.0,8052,3,3.0,1
3,24.0,43.7,102.8,590.6,487.8,732.7,693.7,608.2,1.0,3418,6,4.0,2
3,23.9,43.8,33.5,587.4,477.3,727.1,683.9,609.1,1.0,3418,6,4.0,1
3,23.1,45.5,114.2,590.3,499.0,725.7,694.2,605.6,1.0,3418,2,5.0,2
3,29.59,46.1,110.8,586.4,485.9,724.7,696.3,614.7,1.0,3418,2,1.0,1
3,23.0,45.6,107.9,589.4,481.5,731.6,685.9,617.4,1.0,3418,3,5.0,1
4,21.6,52.8,128.5,574.5,444.4,714.6,668.1,590.2,1.0,4507,6,3.0,1
3,23.1,45.4,109.7,585.1,421.9,724.5,675.2,596.8,1.0,3418,3,1.0,2
3,23.3,45.1,107.4,592.3,431.8,726.8,670.8,616.5,1.0,3418,5,5.0,2
3,23.3,45.0,113.2,586.4,411.2,716.5285714285714,661.8,597.0,1.0,3418,2,4.0,2
3,23.0,45.5,112.8,591.5,382.5,722.4,661.4,586.6,1.0,3418,3,5.0,1
3,22.9,45.4,114.0,580.1,388.6,720.4,673.1,589.9,1.0,3418,1,2.0,1
3,22.7,45.9,108.8,587.7,394.7,717.3,678.6,594.1,1.0,3418,2,5.0,1
3,22.6,46.0,113.9,591.3,390.8,719.9,664.8,590.4,1.0,3418,4,4.0,1
3,22.5,46.3,112.5,582.9,387.5,721.6,665.4,597.1,1.0,3418,2,4.0,1
3,29.560000000000002,46.2,108.5,588.9,369.5,713.5,658.5,571.0,1.0,3418,4,4.0,1
3,22.3,46.0,110.0,585.5,391.1,710.3,641.7,569.6,1.0,3418,3,4.0,1
3,22.7,45.9,106.1,587.4,370.1,703.8,639.0,544.6,1.0,3418,3,4.0,1
3,22.6,46.1,109.6,589.6,361.5,701.0142857142857,616.2,545.6,2.0,3418,2,5.0,1
4,21.0,54.7,222.2,568.1,450.9,702.4,656.6,574.6,2.0,9184,3,5.0,1
3,22.4,46.2,105.5,593.1,353.1,685.7,600.7,514.7,2.0,3418,1,4.0,1
3,24.5,52.6,123.1,547.7,472.4,705.9,648.6,566.4,1.0,8936,2,4.0,1
1,18.8,49.2,85.9,581.6,507.0,751.7,723.4,640.1,2.0,5172,5,3.0,2
3,22.2,45.9,104.1,593.7,355.6,680.9,597.9,517.2,2.0,3418,6,4.0,3
3,24.1,51.7,112.6,551.2,440.3,688.3,661.5,593.4,2.0,5214,6,1.0,1
4,29.49,45.9,107.3,590.4,373.9,690.9,594.6,519.9,2.0,3418,6,5.0,1
2,20.8,51.6,102.8,570.6,500.9,702.2,639.9,574.3,2.0,1903,5,5.0,2
4,21.8,46.3,105.7,592.5,380.1,692.8,610.3,533.0,2.0,3418,3,2.0,1
2,18.7,44.4,64.1,572.7,563.0,781.9,728.2,697.2,0.0,2586,4,5.0,1
3,21.4,47.0,110.3,590.5,412.0,736.9,695.0,622.4,1.0,5820,3,1.0,1
4,21.3,47.2,106.2,589.6,348.5,687.6,605.2,519.2,2.0,3418,1,5.0,1
4,21.4,46.7,101.7,593.4,356.9,692.2,616.0,528.4,2.0,3418,2,3.0,1
4,20.6,55.4,138.5,559.8,360.7,682.5,533.4,537.3,2.0,3074,3,5.0,1
4,31.5,45.7,110.1,593.9,373.5,697.4,616.9,532.6,2.0,3418,5,1.0,1
4,21.4,46.3,182.6,590.4,370.9,697.9,618.2,535.8,2.0,3418,3,5.0,1
4,21.3,46.6,108.2,592.2,378.1,703.2,624.9,533.0,2.0,3418,2,5.0,1
3,28.0,47.7,109.9,581.8,480.5,728.1,694.1,614.4,1.0,1826,4,1.0,1
4,21.2,46.7,104.9,581.9,375.5,697.4,631.8,538.7,2.0,3418,1,5.0,1
4,21.2,46.4,110.0,585.2,376.7,697.0,632.3,533.4,2.0,3418,4,4.0,1
4,21.0,47.0,99.3,592.9,389.5,697.4142857142858,628.1,537.0,2.0,3418,5,4.0,1
4,20.4,58.5,18.6,549.3,485.8,716.5,686.0,614.1,1.0,8936,4,4.0,1
4,20.2,48.9,110.0,590.1,356.0,703.5,628.9,544.1,2.0,3418,6,5.0,1
4,20.2,48.9,119.1,587.4,354.3,707.2,618.6,533.7,2.0,3418,1,2.0,1
4,20.1,49.4,113.1,590.7,354.8,700.2,625.2,537.1,2.0,3418,6,5.0,1
4,20.1,49.1,117.4,589.3,370.9,701.6,638.9,553.6,2.0,3418,5,3.0,1
2,17.2,42.1,56.1,632.5,619.6,791.8,466.8,721.5,0.0,8374,6,5.0,2
4,19.8,49.4,108.9,587.8,375.1,706.4,643.5,541.9,2.0,3418,6,4.0,1
4,18.2,51.8,120.2,593.6,479.5,748.9,713.6,642.3,0.0,5820,5,5.0,2
3,24.3,48.8,107.5,547.8,433.5,717.5428571428572,661.1,582.4,2.0,4703,2,5.0,1
4,19.6,49.8,112.0,590.6,385.6,706.0,630.0,559.2,2.0,3418,1,5.0,1
1,19.8,55.7,114.1,553.5,530.9,724.6,686.8,604.3,1.0,1458,6,3.0,3
4,19.7,49.2,118.1,589.5,386.2,709.7,645.0,562.0,2.0,3418,6,4.0,1
4,19.6,49.7,113.3,590.1,380.5,708.5,651.3,550.5,2.0,3418,4,4.0,1
2,22.7,52.2,105.0,565.2,423.2,642.2,555.6,497.1,3.0,1903,2,5.0,1
4,19.5,49.5,115.7,586.4,390.2,722.4,656.1,556.8,1.0,3418,5,3.0,1
4,19.3,49.9,113.8,589.0,391.7,713.1,647.8,549.0,1.0,3418,1,5.0,1
1,17.9,54.6,128.6,586.2,484.3,732.8,797.0,589.9,1.0,7963,3,4.0,2
2,19.0,54.1,107.3,588.1,473.4,737.7,686.1,627.6,1.0,4507,4,5.0,3
4,19.1,50.2,117.6,581.3,390.9,718.0,648.1,564.1,1.0,3418,4,5.0,1
4,19.0,50.5,110.7,586.8,380.7,721.9,648.6,548.0,2.0,3418,1,4.0,2
1,19.4,57.4,141.5,559.6,401.5,688.5,882.9,555.8,2.0,6528,6,2.0,1
4,29.210000000000004,50.5,113.4,590.0,379.2,720.9,652.5,560.9,1.0,3418,4,3.0,1
4,18.8,50.6,119.9,593.1,397.6,721.5,817.9,548.6,1.0,3418,6,4.0,1
4,18.8,50.4,109.5,587.3,390.6,731.8,656.5,560.7,1.0,3418,5,3.0,1
3,21.2,47.3,115.9,594.2,427.9,740.8285714285714,700.1,632.1,1.0,5820,2,5.0,1
4,18.8,50.4,114.3,588.8,386.5,730.1000000000001,664.6,567.3,1.0,3418,2,5.0,1
4,18.6,50.9,115.1,577.3,393.3,714.4,803.7,549.7,1.0,3418,3,4.0,1
2,20.4,55.6,131.5,551.3,447.3,710.1,672.8,596.2,2.0,9385,6,3.0,1
4,18.6,50.7,109.1,581.0,397.6,735.1,661.3,579.2,1.0,3418,4,4.0,2
3,25.3,49.1,145.2,569.4,450.9,719.5,674.8,604.6,2.0,1826,2,4.0,1
4,18.6,50.6,112.3,586.9,379.9,730.7,661.4,563.9,1.0,3418,5,3.0,2
4,18.4,50.9,28.4,585.2,378.7,733.2,663.9,562.9,1.0,3418,2,4.0,3
4,18.5,50.7,122.4,585.0,396.0,723.3,662.4,570.2,1.0,3418,3,1.0,3
4,18.4,50.8,113.4,587.9,394.8,727.8,658.5,572.5,1.0,3418,4,5.0,1
4,18.4,51.0,116.1,591.1,390.5,729.5,664.7,563.6,1.0,3418,5,3.0,1
4,18.4,50.9,114.2,585.3,383.2,733.3,657.3,568.3,1.0,3418,4,3.0,2
1,19.9,56.0,197.4,560.4,484.3,731.5,667.3,596.4,1.0,1903,6,5.0,2
4,18.3,51.1,121.3,593.4,415.4,727.6,668.1,570.7,1.0,3418,3,5.0,2
4,18.3,51.0,116.6,587.8,377.3,731.7,668.5,559.2,1.0,3418,3,4.0,1
4,17.3,49.0,112.2,584.4,504.3,748.7,700.7,649.7,2.0,8052,4,5.0,2
4,18.2,51.2,119.5,583.2,410.0,734.4,663.1,588.2,1.0,3418,4,4.0,2
4,18.1,51.1,117.3,594.8,438.1,739.3,679.2,581.9,1.0,3418,6,5.0,2
4,18.1,51.0,112.8,592.6,404.4,739.3,681.7,587.2,1.0,3418,6,4.0,2
4,29.510000000000005,52.2,106.2,547.0,460.0,717.7,650.4,583.6,1.0,4703,3,4.0,1
1,17.9,51.3,114.3,583.9,419.6,743.0,670.5,583.2,1.0,3418,6,4.0,2
1,19.0,55.8,115.1,599.4,506.9,745.1,692.2,611.0,1.0,5693,2,4.0,3
1,17.7,55.2,118.9,592.7,493.0,746.0,546.8,632.0,1.0,9658,2,5.0,3
1,19.6,54.9,105.5,549.0,473.3,720.9285714285714,677.2,597.9,1.0,4703,4,5.0,3
1,19.3,57.4,138.6,557.9,418.7,684.9,639.4,563.5,2.0,6528,3,4.0,1
1,19.8,59.0,127.3,552.5,485.2,727.3,689.9,624.6,1.0,8936,2,4.0,1
4,21.8,51.7,127.8,569.7,411.0,704.6,672.1,584.8,2.0,1826,3,4.0,1
3,22.8,54.9,132.7,559.2,404.1,684.657142857143,628.7,549.1,2.0,4761,3,5.0,1
1,17.8,51.3,116.5,586.8,458.8,744.6,689.6,612.3,1.0,3418,6,4.0,3
1,17.9,51.0,116.8,586.8,447.5,735.1,682.1,612.0,1.0,3418,2,2.0,2
1,17.9,50.9,112.9,591.4,421.5,738.0,684.3,602.0,1.0,3418,4,4.0,1
2,21.6,49.0,160.0,575.3,402.0,707.2,666.5,583.2,2.0,7963,3,5.0,1
1,16.0,44.1,66.7,612.8,603.0,793.7,757.7,710.7,0.0,5820,1,4.0,1
1,17.8,51.2,116.6,590.7,456.4,748.9,504.7,609.6,1.0,3418,6,4.0,2
4,20.6,56.9,124.3,550.9,461.2,712.5,678.7,601.4,1.0,3592,3,5.0,1
1,17.8,51.2,116.5,589.0,438.3,741.0,685.7,595.2,1.0,3418,6,3.0,1
1,17.9,50.9,113.0,590.6,449.4,745.8,693.0,610.4,1.0,3418,3,4.0,3
1,17.6,51.5,123.0,594.9,446.8,745.1,558.3,591.0,1.0,3418,6,5.0,2
1,17.5,51.8,116.3,588.3,438.3,742.5,687.8,602.6,1.0,3418,2,4.0,1
1,29.060000000000002,51.7,117.5,586.9,431.5,744.0,685.2,603.0,1.0,3418,1,5.0,2
2,29.310000000000002,50.3,105.3,582.8,448.6,717.6714285714286,672.7,605.7,2.0,6431,2,4.0,2
1,17.4,45.5,45.6,587.6,400.1,757.4,705.5,609.1,1.0,3418,3,5.0,2
3,23.9,50.6,158.9,546.5,437.3,705.7142857142857,661.3,600.2,1.0,9385,2,2.0,1
1,17.0,43.1,90.2,601.4,397.4,763.2,724.5,625.2,1.0,3418,4,4.0,2
1,16.9,43.1,87.8,601.6,399.2,767.7,731.3,625.9,1.0,3418,2,5.0,3
2,18.1,53.7,105.7,598.4,517.7,758.3,713.1,644.5,1.0,9658,4,5.0,1
1,16.8,42.6,79.0,599.6,399.3,768.5,724.7,643.4,1.0,3418,3,5.0,2
1,16.7,42.8,80.5,603.0,426.0,771.5,738.0,632.4,1.0,3418,4,4.0,2
1,28.97,43.2,81.3,608.7,450.4,766.5285714285716,730.3,642.1,1.0,3418,2,5.0,1
1,16.5,43.9,75.9,602.2,446.6,779.0,731.4,641.5,1.0,3418,5,4.0,2
1,19.3,48.7,79.7,612.1,524.4,758.6,730.6,670.0,0.0,3856,4,4.0,2
4,29.32,56.3,124.5,572.5,382.5,694.0,647.8,552.8,2.0,6528,2,5.0,1
1,16.4,44.7,70.7,606.4,442.9,771.4857142857144,746.6,661.3,1.0,3418,4,4.0,1
1,16.4,45.0,73.0,613.2,461.7,776.8,737.8,660.8,1.0,3418,1,2.0,1
1,16.3,45.0,70.7,614.4,467.8,768.2,733.2,664.1,1.0,3418,5,4.0,1
1,16.3,45.0,70.2,611.6,458.9,778.9,459.4,656.0,1.0,3418,4,3.0,1
1,28.939999999999998,43.0,73.2,609.7,503.8,788.9,758.2,695.0,1.0,3418,2,4.0,2
1,16.0,41.6,64.4,616.7,518.3,792.3,758.1,698.4,1.0,3418,5,3.0,2
2,23.2,50.6,125.6,561.3,413.0,710.1,650.0,570.7,2.0,3074,1,5.0,1
1,16.1,41.3,38.4,616.7,532.0,787.2,768.0,710.4,0.0,3418,5,5.0,1
1,16.2,43.3,70.6,609.3,513.3,781.0,504.2,671.8,0.0,3418,2,4.0,2
1,16.4,43.5,79.2,606.8,517.3,788.0,893.1,656.9,0.0,3418,4,5.0,2
1,16.6,43.9,70.9,612.7,515.9,781.7,747.3,667.5,0.0,3418,3,3.0,1
1,16.8,44.6,79.6,602.3,492.7,768.5,741.8,651.5,0.0,3418,3,2.0,1
1,16.8,44.9,46.0,606.0,492.7,773.6,739.4,650.1,0.0,3418,5,5.0,2
4,21.3,54.0,104.7,555.4,492.9,716.4,662.3,592.9,1.0,6817,3,3.0,1
1,17.4,44.6,78.1,609.0,427.0,765.4,725.6,631.9,0.0,3418,2,4.0,1
1,17.5,44.7,88.6,601.8,442.7,766.6,723.8,663.0,0.0,3418,5,5.0,2
1,17.8,45.0,93.0,603.3,461.0,760.8,732.4,655.5,0.0,3418,6,5.0,2
1,18.0,44.8,99.8,591.5,425.2,748.3,720.8,652.8,0.0,3418,6,2.0,2
2,21.2,49.3,84.5,614.4,502.4,752.3,699.8,631.5,1.0,3856,6,4.0,2
3,23.3,50.3,146.1,569.8,385.4,681.8285714285714,620.3,552.7,2.0,9184,1,5.0,1
1,18.5,52.4,66.8,574.2,585.8,759.9,727.1,672.3,0.0,3592,2,5.0,1
1,16.4,42.3,75.4,609.7,570.3,783.8571428571429,762.0,699.3,0.0,3418,1,4.0,1
1,16.4,42.2,69.1,610.9,562.2,780.2,754.9,701.5,0.0,3418,2,5.0,2
1,16.4,42.1,68.4,609.8,580.5,791.5428571428572,776.6,703.4,0.0,3418,5,5.0,2
2,16.3,42.1,69.0,611.8,579.6,793.9,754.8,714.7,0.0,3418,6,4.0,2
2,12.4,47.0,94.8,597.4,445.7,751.7,703.5,633.4,1.0,5820,3,4.0,3
2,16.5,41.5,62.1,616.3,610.0,794.1,753.8,710.4,0.0,3418,5,4.0,2
4,20.5,55.3,126.3,565.1,378.7,692.6,641.5,553.4,2.0,6528,3,2.0,1
4,21.3,47.6,18.5,598.5,450.0,734.6,691.6,630.9,3.0,2105,6,4.0,3
3,25.3,48.2,144.6,564.1,454.7,727.0,681.1,612.2,1.0,1826,1,1.0,1
4,21.7,52.6,125.9,574.9,441.6,707.6,667.4,592.9,1.0,4507,5,1.0,3
2,16.3,41.6,70.6,606.5,554.6,786.4,755.5,695.5,0.0,3418,6,4.0,1
2,16.3,42.4,70.9,607.5,572.4,785.5,750.2,699.7,0.0,3418,4,4.0,2
2,19.3,45.6,100.9,598.0,392.7,745.3,700.3,633.3,2.0,5820,1,5.0,1
2,28.92,42.6,66.3,612.6,592.5,785.0,758.7,715.7,0.0,3418,1,4.0,3
2,16.0,42.7,67.5,610.4,596.9,792.6571428571427,763.8,715.1,0.0,3418,2,5.0,2
1,18.0,52.4,122.6,592.4,471.0,743.1,688.9,626.2,1.0,1374,1,4.0,2
1,19.0,57.3,146.0,561.4,425.1,719.0,690.8,613.3,2.0,8649,2,3.0,1
2,17.6,40.4,70.5,615.3,572.3,757.2,695.6,618.9,0.0,3418,6,3.0,2
2,17.9,41.9,237.7,613.9,528.3,746.4,683.0,615.6,0.0,3418,2,4.0,2
3,24.5,42.8,114.1,594.8,467.1,744.8142857142858,706.6,637.1,1.0,2105,4,4.0,2
2,18.6,42.0,81.9,607.5,535.6,739.8,679.5,611.2,0.0,3418,3,4.0,2
2,18.0,43.8,14.2,599.9,524.4,743.1,678.8,612.3,0.0,3418,3,5.0,1
4,20.6,54.6,108.8,546.7,501.4,723.6,668.8,618.7,1.0,6817,4,2.0,1
2,18.0,44.1,79.2,605.3,533.1,746.6,699.5,617.0,0.0,3418,6,5.0,2
3,23.2,50.4,104.8,550.7,450.8,728.5,683.6,619.4,1.0,9241,5,5.0,1
2,27.7,43.9,89.8,601.3,526.9,730.3,671.6,601.6,0.0,3418,6,5.0,2
1,19.5,53.1,121.2,570.8,414.4,721.2857142857143,676.6,598.5,2.0,5172,3,4.0,1
1,17.6,54.7,123.9,415.7,479.0,792.0,724.4,589.3,4.0,4703,6,4.0,1
2,18.1,44.5,86.2,598.6,533.8,739.4,686.5,608.2,0.0,3418,5,1.0,2
2,17.7,45.8,90.2,597.3,524.3,726.0,679.0,585.2,0.0,3418,4,4.0,3
2,17.7,46.1,99.5,592.6,489.5,705.4,657.1,560.9,0.0,3418,1,4.0,1
4,19.7,51.2,115.0,586.0,442.2,741.7,706.0,629.4,1.0,9658,4,5.0,1
2,17.2,49.5,99.0,593.6,493.8,715.0857142857142,651.4,574.1,1.0,3418,4,5.0,2
2,17.3,52.7,115.9,586.2,461.3,692.0,645.9,549.9,1.0,3418,6,3.0,1
2,17.2,55.0,108.5,596.5,433.3,704.1,646.6,553.8,1.0,3418,6,4.0,1
4,19.9,49.4,113.9,589.6,434.3,737.0,691.7,621.0,1.0,2105,6,4.0,2
2,17.0,48.9,83.9,599.9,506.4,741.8,697.1,638.5,1.0,3418,1,5.0,1
4,21.2,54.2,119.2,551.1,431.8,701.3,651.6,598.4,2.0,9385,2,5.0,1
2,23.2,51.6,111.1,544.2,460.9,685.6,649.1,557.5,3.0,6817,1,5.0,1
2,16.4,47.2,81.2,600.6,525.3,759.7,728.8,657.9,1.0,3418,2,3.0,2
2,16.2,46.5,81.6,611.4,533.9,770.3,734.8,665.5,1.0,8052,1,5.0,2
1,18.8,51.9,97.0,584.9,497.0,739.1142857142858,855.4,631.3,1.0,1826,4,2.0,2
3,23.2,51.6,110.6,574.7,422.1,720.1,672.5,600.1,1.0,1826,5,5.0,1
2,16.5,43.2,73.3,606.6,539.0,780.4,743.8,685.5,0.0,8052,5,4.0,2
2,16.2,44.2,70.6,613.1,539.1,783.3,747.4,681.2,0.0,8052,3,4.0,2
1,18.8,48.7,86.2,562.0,512.7,755.1,715.8,661.9,0.0,4703,4,4.0,3
2,16.1,45.0,80.9,609.3,540.5,776.8,736.0,667.0,0.0,8052,6,1.0,1
2,16.2,45.5,77.8,601.6,543.5,770.3,744.0,663.5,0.0,8052,6,4.0,1
2,19.0,57.7,87.1,562.0,531.7,746.6,719.9,648.5,1.0,3592,4,1.0,2
2,16.3,46.4,236.8,611.4,527.6,777.2,729.4,668.7,0.0,8052,1,5.0,2
2,16.3,46.9,82.3,602.0,534.5,767.5,736.4,659.7,0.0,8052,3,5.0,2
3,29.53,53.2,137.8,559.2,379.6,679.8,638.8,547.4,3.0,8649,1,5.0,1
2,16.3,47.5,77.7,602.9,525.1,764.5,478.2,650.3,0.0,8052,6,2.0,1
3,24.7,46.9,101.8,602.6,482.0,732.4,676.6,607.8,1.0,3856,1,4.0,3
2,18.6,43.7,1.5,604.5,516.7,754.4,714.7,657.3,0.0,8052,3,5.0,1
2,18.2,45.1,83.6,601.5,526.0,758.3,709.3,648.7,0.0,8052,4,5.0,1
2,18.0,46.7,88.0,603.3,494.6,750.7857142857143,486.5,641.5,0.0,8052,4,3.0,1
2,18.3,46.3,86.9,601.0,480.4,740.0,702.8,617.6,0.0,8052,4,1.0,3
2,18.8,45.6,92.6,599.3,491.7,745.5,701.1,626.1,0.0,8052,4,3.0,2
2,19.1,51.8,110.5,561.9,493.3,747.9,694.1,649.3,1.0,2847,3,1.0,2
2,19.3,45.0,96.5,602.2,517.1,751.4285714285714,711.8,642.7,0.0,8052,3,5.0,2
2,19.4,45.0,94.0,602.0,526.4,746.6,705.9,644.1,0.0,8052,3,3.0,2
2,19.6,44.9,94.9,601.0,531.5,747.2,536.1,625.3,1.0,8052,6,5.0,3
3,19.9,44.5,97.6,591.0,521.5,749.4,706.5,629.2,1.0,8052,1,4.0,2
3,28.22,44.7,94.3,597.2,523.7,748.1,708.6,630.8,1.0,8052,3,1.0,1
2,19.2,50.0,85.4,612.7,540.7,760.4714285714286,717.2,652.1,0.0,1482,5,3.0,2
3,20.5,44.0,93.9,598.4,521.4,740.2,700.6,636.2,1.0,8052,5,1.0,1
3,20.4,44.5,93.8,593.3,529.2,740.5,699.1,622.8,1.0,8052,5,5.0,3
2,22.4,48.1,100.1,589.5,487.0,739.2428571428572,706.3,637.2,1.0,1826,4,5.0,1
3,20.1,45.5,99.4,600.0,500.4,738.4285714285714,687.9,629.0,1.0,8052,6,4.0,2
4,21.5,53.7,117.9,572.2,397.1,691.9,650.1,574.7,3.0,6528,2,4.0,1
3,20.2,45.3,97.7,598.0,500.8,736.4,700.9,624.2,1.0,8052,6,4.0,3
3,9.0,45.7,102.3,588.6,506.0,743.6,692.9,625.8,1.0,8052,5,4.0,2
4,21.9,54.8,125.7,548.2,462.7,704.3857142857144,667.3,587.0,1.0,3592,6,3.0,2
1,17.6,55.3,128.8,582.6,508.0,730.1,673.7,610.2,1.0,7963,5,4.0,2
3,20.4,45.6,89.8,594.9,503.6,732.0,694.2,625.6,1.0,8052,4,5.0,3
3,22.1,53.7,123.1,592.7,408.5,714.3,673.9,593.0,3.0,7241,5,4.0,1
3,21.6,43.9,90.6,594.2,522.2,732.3,700.7,622.6,1.0,8052,5,5.0,2
1,19.2,50.2,14.1,591.2,424.7,735.4,691.7,628.8,1.0,2105,4,3.0,2
1,19.1,52.1,87.7,612.7,498.0,756.3,856.6,644.5,1.0,3856,2,4.0,2
3,21.6,44.0,93.1,596.4,502.2,741.8,691.9,630.4,1.0,8052,1,5.0,3
3,25.5,44.4,116.9,599.5,384.8,713.3000000000001,662.5,578.2,1.0,9127,1,1.0,1
2,18.3,49.6,83.7,608.2,517.9,777.6,726.8,679.5,0.0,4129,2,4.0,2
2,23.2,54.0,113.6,554.4,482.2,701.5,651.0,580.6,1.0,8936,6,3.0,1
3,21.2,45.1,105.6,588.9,485.0,724.8,685.8,613.1,1.0,8052,1,4.0,1
3,21.0,45.6,97.2,589.0,487.7,733.8,687.4,618.7,1.0,8052,1,2.0,1
2,21.3,50.9,126.7,570.5,483.4,727.8,684.1,614.1,2.0,9184,2,5.0,2
3,20.8,46.5,103.2,591.8,484.7,721.1,690.8,608.6,1.0,8052,4,1.0,3
3,22.8,51.7,103.6,547.9,445.9,714.0,624.8,567.1,1.0,4703,3,5.0,1
3,22.4,44.3,223.9,585.6,479.9,715.2,673.2,605.9,1.0,8052,5,2.0,1
2,22.0,53.3,146.6,566.0,338.8,685.2,629.6,556.0,2.0,5172,4,5.0,1
3,23.1,42.6,109.2,590.5,487.2,738.8,678.8,602.7,1.0,8052,6,3.0,2
1,16.5,42.8,76.5,614.0,461.8,769.5285714285714,738.0,685.3,0.0,3418,2,3.0,2
3,23.7,41.8,111.8,591.8,445.9,717.1,675.4,617.6,1.0,8052,4,4.0,3
3,29.6,43.5,114.1,584.6,456.1,723.342857142857,688.5,604.2,1.0,8052,3,4.0,1
3,22.3,44.5,116.3,584.1,448.0,722.342857142857,876.7,601.0,1.0,8052,3,2.0,2
2,18.9,53.1,74.2,617.2,533.6,758.3,489.4,662.9,1.0,3856,3,5.0,1
3,22.0,44.4,108.6,589.4,452.8,729.6285714285715,684.5,617.5,1.0,8052,5,5.0,2
3,22.1,44.8,115.2,590.8,442.6,733.6857142857144,688.0,595.3,1.0,8052,4,5.0,2
3,22.3,44.6,110.1,585.9,440.0,706.0,669.3,602.2,1.0,8052,4,4.0,3
3,22.4,44.1,113.6,592.8,429.2,715.4,677.0,603.5,1.0,8052,4,4.0,2
3,22.7,43.4,105.4,593.7,452.6,715.6,668.1,603.0,1.0,8052,6,5.0,2
3,23.0,45.5,112.8,591.5,382.5,715.0000000000001,661.4,586.6,1.0,3418,3,5.0,1
3,21.8,51.7,129.9,573.8,470.4,730.4,688.7,623.9,2.0,6528,6,4.0,2
3,22.3,43.2,109.1,591.3,465.1,728.1,673.9,623.4,1.0,8052,3,4.0,2
1,18.9,45.2,75.5,601.2,564.9,769.6285714285715,736.4,673.4,0.0,1826,1,4.0,2
3,21.4,44.7,116.6,586.9,468.9,721.7,672.1,604.9,3.0,8052,1,4.0,2
3,25.0,52.0,4.0,551.5,466.5,698.2,667.0,583.1,2.0,8936,1,1.0,1
3,21.0,45.5,108.1,587.7,481.3,723.2,683.5,614.9,1.0,8052,5,5.0,3
3,23.0,50.4,105.4,599.2,410.7,686.2,602.7,519.9,1.0,3856,4,5.0,1
3,21.1,44.7,105.4,584.0,470.7,720.0,676.2,604.2,1.0,8052,1,2.0,3
3,21.4,44.2,216.4,589.1,466.8,715.6,672.7,602.4,1.0,8052,2,4.0,2
3,21.1,44.5,102.5,589.4,463.5,716.2,670.4,598.4,2.0,8052,5,2.0,2
3,24.0,50.0,104.8,544.4,389.2,721.4,646.7,585.7,2.0,4703,6,5.0,1
2,20.9,49.5,108.3,594.0,507.2,745.8,700.9,626.6,1.0,4129,2,4.0,3
1,18.9,51.8,115.2,597.2,478.5,738.8142857142858,534.5,629.8,1.0,8374,2,4.0,2
3,21.0,44.5,104.6,588.4,455.7,711.0,665.5,599.1,2.0,8052,5,5.0,1
3,21.0,44.3,110.4,589.4,438.0,714.3,661.3,600.3,3.0,8052,2,3.0,1
4,20.8,44.6,109.4,586.6,449.6,712.9,665.0,593.8,2.0,8052,4,3.0,2
1,20.8,55.6,122.8,546.5,493.1,711.8,648.6,583.3,2.0,3592,3,5.0,1
4,20.6,44.8,113.3,589.7,460.6,712.2,653.9,601.5,3.0,8052,5,5.0,1
4,21.0,54.7,142.8,568.1,450.9,702.4,656.6,574.6,2.0,9184,3,5.0,1
4,20.4,44.9,104.9,586.5,449.0,706.4,657.6,591.9,3.0,8052,1,5.0,3
4,20.2,45.1,41.7,590.7,445.4,718.9,667.9,607.5,2.0,8052,3,1.0,1
4,21.5,46.2,100.5,591.7,375.8,702.9,617.7,540.9,2.0,3418,2,4.0,1
4,20.1,45.2,108.7,585.4,442.5,716.5,657.3,590.5,3.0,8052,3,5.0,1
4,29.28,52.2,141.8,587.1,457.9,732.1,868.9,603.2,1.0,7963,4,5.0,1
4,20.0,45.4,110.5,585.3,443.4,711.6,667.3,597.3,3.0,8052,3,4.0,1
2,18.3,45.6,72.6,617.6,546.4,764.4571428571428,723.2,668.8,1.0,5693,1,1.0,2
4,19.1,47.2,113.6,587.1,449.1,716.7,669.3,597.4,3.0,8052,4,5.0,2
4,29.22,47.4,113.6,585.5,435.7,714.3,661.1,597.4,3.0,8052,1,3.0,1
4,18.9,47.6,115.1,586.2,464.9,725.0428571428572,666.7,595.3,3.0,8052,1,5.0,1
4,18.9,47.6,117.9,584.3,461.9,710.6,668.8,587.8,3.0,8052,5,5.0,1
2,19.8,53.2,85.3,564.9,512.1,739.9,700.2,642.3,2.0,6817,1,4.0,1
4,18.8,47.6,116.0,588.7,469.8,718.3,681.5,605.6,3.0,8052,1,5.0,1
4,29.230000000000004,46.4,112.5,585.9,461.8,720.6,678.7,604.9,3.0,8052,5,3.0,1
3,29.680000000000003,51.8,111.1,547.0,474.4,686.5,614.8,556.2,1.0,6817,1,4.0,1
4,29.200000000000003,46.9,112.8,586.4,465.8,728.0,676.0,605.8,3.0,8052,2,5.0,2
3,29.430000000000003,46.6,110.1,587.5,411.8,741.2,696.5,635.4,1.0,5820,6,5.0,2
4,18.7,47.1,117.4,587.9,455.3,723.2,679.4,615.7,3.0,8052,4,5.0,2
4,18.8,46.9,110.2,585.3,467.6,723.5,673.8,619.0,3.0,8052,3,3.0,3
4,29.200000000000003,46.6,110.7,586.0,466.0,724.1,821.0,609.9,3.0,8052,3,3.0,1
4,18.1,48.6,110.8,583.0,461.9,722.9,679.1,612.2,3.0,8052,6,5.0,2
4,18.1,48.4,113.8,586.2,476.9,726.4,680.9,615.8,3.0,8052,3,2.0,3
4,20.0,52.4,107.1,562.0,474.0,720.8,674.8,610.0,1.0,2847,2,5.0,2
1,16.2,44.4,69.4,616.2,566.6,794.4,751.0,695.0,1.0,5820,6,5.0,2
4,29.130000000000003,48.1,118.1,583.3,472.0,734.8,679.6,623.0,3.0,8052,2,5.0,3
1,18.1,52.3,122.8,589.8,472.3,751.1,684.5,621.5,1.0,1374,6,5.0,2
4,17.9,48.6,114.1,582.4,468.7,724.8,684.2,619.2,3.0,8052,2,5.0,3
3,23.3,46.2,110.2,599.3,452.7,737.7,688.1,616.5,3.0,8374,1,5.0,1
3,22.8,48.2,101.8,564.0,441.6,704.6,650.0,581.9,1.0,2847,1,3.0,1
4,17.9,48.6,114.6,588.2,463.2,730.1,691.9,621.4,1.0,8052,4,1.0,1
4,29.1,48.6,114.4,584.8,471.9,742.7,692.2,625.7,2.0,8052,6,4.0,1
4,17.7,48.8,112.5,584.6,467.5,732.1,687.5,628.8,2.0,8052,5,4.0,2
4,22.4,51.2,121.7,572.6,429.5,707.7,654.0,599.6,1.0,4507,1,5.0,1
2,20.0,45.0,110.2,590.2,493.6,735.0,684.9,608.6,2.0,2679,5,4.0,2
1,16.5,48.2,113.3,585.9,520.7,757.7,730.9,669.4,1.0,8052,5,2.0,1
4,17.5,49.0,116.2,587.7,474.5,735.1,697.4,633.5,2.0,8052,1,4.0,2
1,16.8,41.3,66.5,610.5,571.5,793.6,770.5,711.5,0.0,3418,5,3.0,1
3,23.7,51.2,185.2,554.2,463.8,706.1,648.0,590.3,3.0,6817,4,5.0,1
4,17.6,48.6,11.7,584.9,483.8,732.1,699.4,632.7,2.0,8052,2,3.0,1
2,29.8,44.0,96.3,607.5,476.7,743.7,840.7,626.1,1.0,9127,4,5.0,1
4,17.5,48.8,32.1,581.3,502.4,741.4,696.2,626.1,2.0,8052,3,5.0,2
4,17.5,48.6,115.7,580.5,484.6,740.0,554.5,642.2,2.0,8052,1,4.0,1
4,17.6,48.5,110.9,584.7,484.2,744.1,699.3,631.7,2.0,8052,4,3.0,2
4,22.8,52.1,144.0,559.3,339.4,668.9,603.1,525.8,2.0,3074,1,5.0,1
4,17.5,48.7,120.7,586.3,496.5,741.7428571428571,695.5,630.2,2.0,8052,6,4.0,1
3,24.1,51.6,118.1,549.1,489.6,717.5,676.1,595.8,1.0,3592,1,5.0,1
4,17.3,49.0,117.5,577.0,489.4,741.0,700.6,643.4,2.0,8052,4,3.0,2
4,17.3,49.0,115.8,583.8,492.1,738.5,882.9,640.2,2.0,8052,3,4.0,1
4,17.2,49.1,114.6,580.8,495.0,739.3,703.1,640.0,2.0,8052,2,4.0,2
4,29.04,49.0,111.8,585.9,490.1,743.5,698.2,631.2,2.0,8052,6,5.0,3
4,22.4,52.7,143.3,562.3,339.7,675.4,597.1,521.6,3.0,3074,4,4.0,1
3,25.7,46.5,125.6,576.6,440.8,716.4,563.4,605.7,2.0,1826,2,4.0,1
4,20.6,57.6,191.9,557.7,445.2,709.0,656.0,582.5,1.0,4761,6,4.0,1
1,19.0,56.2,228.7,603.3,485.8,727.0,681.8,595.8,1.0,3856,6,4.0,1
3,23.7,49.4,139.9,572.5,436.4,706.0,644.2,580.5,2.0,9184,2,5.0,1
1,16.9,49.6,112.4,582.2,490.2,749.1,699.2,636.2,2.0,8052,6,3.0,3
3,22.3,45.2,121.2,582.5,473.6,711.6,660.5,594.7,2.0,2679,1,5.0,1
1,16.8,49.8,113.7,588.0,509.2,745.4,707.1,646.2,2.0,8052,4,4.0,2
1,19.7,54.9,112.5,545.5,472.5,734.0,672.6,621.9,1.0,4703,4,5.0,2
1,16.7,49.8,110.0,575.6,508.5,749.5,704.8,648.2,2.0,8052,5,4.0,2
1,16.8,49.7,114.5,578.5,497.9,745.2,704.8,645.0,1.0,8052,3,4.0,2
1,16.7,49.8,117.5,579.5,510.9,745.4,705.6,653.0,1.0,8052,6,4.0,1
3,23.2,46.1,91.7,606.3,451.1,737.3,802.2,608.6,1.0,1482,3,4.0,2
1,18.9,57.5,138.7,567.5,442.8,721.9,687.0,616.4,1.0,8649,2,4.0,1
1,16.5,50.0,118.0,583.7,508.2,754.0,709.9,645.7,1.0,8052,2,4.0,1
1,16.5,50.0,185.2,579.7,522.6,744.3,710.4,655.4,1.0,8052,3,4.0,2
1,16.4,50.2,117.9,583.1,494.0,751.0,698.0,646.2,1.0,8052,4,2.0,3
1,16.4,50.1,116.1,585.1,511.6,748.3857142857142,699.2,656.2,1.0,8052,1,5.0,2
1,28.939999999999998,50.4,115.4,587.8,514.2,745.7,711.3,654.4,1.0,8052,4,5.0,2
1,16.4,50.2,118.2,582.5,517.7,747.5,485.0,648.8,1.0,8052,2,3.0,2
1,19.2,53.6,92.3,550.6,467.8,722.9,642.2,593.1,2.0,4703,4,5.0,1
1,28.7,50.4,122.1,582.8,514.6,744.1857142857143,705.1,647.1,1.0,8052,3,5.0,1
1,19.1,55.8,111.3,551.4,497.9,714.4,679.6,589.7,2.0,7058,6,4.0,1
1,17.4,44.0,107.9,592.4,532.7,772.2,729.5,655.4,1.0,8052,6,5.0,1
1,11.1,42.7,86.4,604.4,408.7,770.7,721.9,634.2,1.0,3418,4,5.0,2
1,16.8,42.5,89.7,593.6,540.1,759.0,717.1,660.4,1.0,8052,2,4.0,2
1,17.1,41.6,207.8,596.2,552.0,759.3,728.7,662.8,1.0,8052,4,4.0,2
1,16.5,41.9,78.0,598.2,539.8,764.0,734.5,667.8,1.0,8052,4,5.0,2
4,22.9,55.2,129.7,541.2,438.3,697.5,648.9,574.3,2.0,8936,4,2.0,1
1,19.4,55.1,119.7,561.6,463.2,724.5,664.6,602.4,2.0,2847,1,2.0,1
4,20.8,48.3,113.4,593.3,451.7,731.0,694.2,621.8,2.0,2105,6,4.0,3
2,24.0,53.4,116.7,547.7,477.3,705.3,653.9,582.6,1.0,8936,4,3.0,1
1,16.3,41.0,72.0,611.8,578.8,789.9,747.8,700.8,1.0,8052,6,3.0,1
4,22.5,53.9,128.8,549.5,466.7,705.5,661.4,594.9,1.0,3592,3,5.0,1
1,28.84,42.9,71.1,593.4,568.2,793.3,752.2,703.2,1.0,8052,5,4.0,2
1,11.6,42.7,71.9,601.2,570.8,784.2,756.9,707.8,1.0,8052,2,4.0,2
3,23.1,49.7,106.4,572.7,466.2,724.6,674.2,609.8,1.0,6528,2,5.0,3
1,17.1,40.1,80.1,599.3,549.2,785.3,737.0,691.9,1.0,8052,4,2.0,2
3,30.57,46.6,105.2,599.1,374.3,721.7,658.5,602.7,2.0,3856,4,5.0,1
1,17.7,40.9,85.5,599.8,518.0,766.4,742.2,671.3,1.0,8052,5,3.0,1
1,17.8,41.2,81.8,595.9,513.6,768.3,729.5,673.5,1.0,8052,5,5.0,2
1,16.1,43.7,88.1,605.2,544.4,773.4285714285716,555.7,695.0,1.0,8052,6,5.0,2
1,16.2,43.4,230.2,616.5,606.6,797.6,765.7,709.2,0.0,5820,1,2.0,1
1,15.6,42.8,77.7,599.8,558.9,785.0,743.1,691.8,1.0,8052,4,4.0,1
1,15.6,42.1,68.1,609.1,560.9,783.1428571428571,748.0,693.6,1.0,8052,3,4.0,2
1,15.6,42.0,12.1,605.6,569.9,771.4,746.9,692.4,1.0,8052,3,4.0,2
1,28.87,42.1,74.0,603.0,585.4,784.5,757.5,702.1,1.0,8052,5,4.0,1
1,15.5,42.2,69.9,605.2,582.4,787.8857142857142,754.1,704.6,1.0,8052,1,3.0,1
4,20.0,53.9,118.8,598.8,464.7,738.4,695.7,610.2,1.0,5693,2,1.0,3
1,15.3,43.2,70.8,606.4,557.4,779.5,745.3,700.3,0.0,2679,4,3.0,1
1,15.2,43.6,71.2,606.3,577.0,782.2,756.3,697.9,0.0,2679,5,4.0,2
1,15.2,43.8,64.8,604.2,582.1,786.4,742.3,695.6,0.0,2679,1,3.0,1
1,15.1,43.9,64.1,607.4,596.3,783.6,748.7,695.6,0.0,2679,5,5.0,2
3,22.7,49.3,107.3,551.2,471.9,736.6,685.8,624.8,1.0,2847,2,4.0,2
2,15.1,44.2,63.9,609.8,579.9,779.5,756.3,695.8,0.0,2679,2,4.0,1
4,20.2,53.4,129.0,571.5,435.9,726.9,687.0,612.7,1.0,7395,4,4.0,2
2,15.3,44.4,68.9,603.5,587.9,786.7,741.5,696.5,0.0,2679,1,4.0,1
2,15.6,45.2,75.9,603.3,502.2,772.7,733.7,669.5,0.0,2679,3,1.0,2
2,15.3,45.6,82.5,605.0,511.8,772.2,740.6,681.8,0.0,2679,6,3.0,1
2,15.0,45.5,70.0,604.9,567.4,784.1,484.4,707.1,0.0,2679,3,3.0,2
2,14.9,45.1,67.8,607.6,576.3,777.4,745.8,693.1,0.0,2679,2,4.0,2
4,19.7,47.3,112.7,580.6,457.4,723.2,684.7,617.7,2.0,2679,6,5.0,1
2,15.0,45.3,9.3,604.2,567.1,782.8,745.6,687.9,0.0,2679,2,5.0,2
2,15.2,45.5,72.8,606.3,576.4,774.5857142857142,740.5,686.4,1.0,2679,4,4.0,2
2,29.110000000000003,44.4,62.9,625.6,574.9,783.3,755.2,701.4,0.0,5693,3,5.0,2
3,29.560000000000002,52.7,145.2,560.7,349.2,683.0,634.0,540.6,3.0,8649,2,2.0,1
1,16.9,49.6,114.6,583.2,495.5,743.5,692.4,639.9,2.0,8052,6,5.0,2
3,23.8,53.0,123.4,554.9,482.8,713.6,674.2,612.9,2.0,3592,4,5.0,1
2,15.6,47.2,81.1,604.6,542.5,754.4,720.9,657.9,1.0,2679,2,5.0,2
4,18.5,50.8,201.6,590.2,384.3,723.8,666.3,573.3,2.0,3418,6,5.0,2
2,17.5,45.0,89.7,594.9,514.1,742.9,696.6,638.3,1.0,2679,2,4.0,1
2,17.6,45.3,89.6,591.3,489.3,743.4,696.4,634.2,1.0,2679,1,3.0,1
2,17.6,45.0,94.3,593.2,472.7,738.7,693.4,637.3,1.0,2679,6,3.0,1
2,17.3,45.6,84.7,592.6,432.5,739.5,702.6,625.7,1.0,2679,5,5.0,3
2,17.0,45.8,92.6,598.6,436.7,752.4,705.5,631.3,1.0,2679,4,3.0,3
2,16.9,46.1,85.2,590.8,436.1,739.9,705.8,634.3,1.0,2679,1,4.0,2
2,17.0,45.9,92.1,597.3,438.8,744.4428571428572,706.4,639.9,1.0,2679,6,4.0,3
3,22.7,46.0,121.8,588.7,449.9,732.5,689.3,618.6,1.0,1374,4,4.0,1
2,29.650000000000002,51.9,163.6,545.3,431.6,709.5,660.1,595.8,1.0,9385,5,5.0,1
2,17.3,46.9,94.3,594.2,461.4,726.7,797.9,628.6,2.0,2679,1,4.0,2
2,17.3,47.2,90.7,597.8,455.2,735.3,695.0,623.1,2.0,2679,4,4.0,2
2,17.9,46.2,95.1,594.3,444.6,731.1,680.0,628.9,2.0,2679,5,4.0,3
2,17.7,47.0,96.8,590.2,457.9,737.5714285714286,694.3,623.2,2.0,2679,4,4.0,2
2,20.3,53.4,104.9,568.6,396.4,720.8,667.8,613.3,1.0,9385,1,5.0,2
1,28.8,44.0,51.4,573.7,608.6,784.6285714285715,509.4,715.3,0.0,4703,2,1.0,2
2,18.6,45.7,96.1,585.8,490.2,735.6,699.5,637.2,2.0,2679,3,3.0,3
2,18.8,45.6,95.2,592.4,494.4,733.8,701.7,619.6,2.0,2679,5,3.0,2
2,19.0,45.3,3.1,585.5,484.7,739.3,693.8,622.6,2.0,2679,2,5.0,3
2,19.4,44.9,102.5,588.9,487.2,727.8,692.9,627.3,2.0,2679,6,4.0,1
2,19.5,44.8,107.8,583.6,487.8,737.6,685.5,635.1,2.0,2679,4,5.0,1
4,19.9,52.0,133.6,578.0,448.2,717.5,688.4,611.0,1.0,7963,6,4.0,2
2,19.8,44.3,107.4,583.8,488.5,734.4,684.6,624.4,2.0,2679,4,4.0,1
2,19.2,46.0,117.3,591.2,504.1,733.8,697.5,626.6,2.0,2679,6,3.0,1
2,19.6,45.2,106.3,588.8,488.9,733.8,697.8,626.8,2.0,2679,3,5.0,2
2,19.6,45.4,113.7,590.2,482.2,728.8,695.6,624.4,2.0,2679,6,5.0,2
4,20.6,53.4,213.0,555.0,463.5,743.2,656.2,604.4,1.0,4703,4,5.0,1
4,18.6,53.6,141.5,583.4,475.1,726.4,691.6,616.5,1.0,7963,4,2.0,1
2,20.0,45.0,110.2,590.2,493.6,735.0,684.9,608.6,2.0,2679,5,4.0,2
1,18.5,53.7,106.9,598.1,529.0,754.8,719.6,648.4,1.0,9658,1,4.0,1
2,19.9,45.3,113.4,587.1,496.3,736.3000000000001,686.8,620.3,2.0,2679,2,4.0,1
2,20.0,45.4,108.1,587.0,485.6,731.8,486.8,605.4,2.0,2679,6,4.0,2
2,20.1,45.3,100.1,587.9,490.0,733.1,687.1,613.1,2.0,2679,4,3.0,1
2,20.7,44.2,97.1,590.8,487.7,727.5,693.9,609.6,2.0,2679,3,3.0,3
1,29.310000000000002,54.8,111.0,547.5,506.0,697.8714285714285,631.9,562.5,2.0,1458,5,5.0,1
2,21.2,43.6,104.1,580.6,485.4,725.7428571428572,691.4,610.0,2.0,2679,1,4.0,2
2,21.0,44.0,108.4,580.1,488.3,730.5,684.9,621.7,2.0,2679,1,5.0,2
2,21.0,44.3,99.6,582.9,488.3,724.7,693.5,612.6,2.0,2679,2,5.0,1
1,18.2,52.3,121.3,593.8,479.3,738.3,693.6,615.7,1.0,1374,1,4.0,2
2,21.5,43.4,107.4,590.0,484.7,717.9,679.8,603.1,2.0,2679,2,5.0,3
1,18.0,54.5,117.9,590.4,509.6,738.2,690.3,631.0,1.0,9658,4,5.0,1
2,21.3,44.6,109.0,588.5,483.9,720.9,681.9,610.1,2.0,2679,3,2.0,1
4,19.9,56.2,134.7,561.3,403.0,718.0,670.1,580.3,2.0,8649,2,4.0,1
3,21.4,44.5,109.8,582.5,484.1,717.7,688.9,612.1,2.0,2679,2,1.0,3
4,22.8,52.8,118.1,543.6,485.1,695.8,628.1,568.4,1.0,6817,5,4.0,1
4,22.4,55.0,127.8,554.1,419.3,686.1,816.3,568.6,2.0,4761,1,4.0,1
3,24.5,48.7,113.3,552.8,428.8,724.2,674.7,618.7,1.0,9241,4,2.0,1
3,21.4,45.8,122.5,577.2,487.6,714.4,668.5,588.9,2.0,2679,5,4.0,1
3,29.5,46.6,138.7,569.7,450.8,711.8714285714286,667.1,586.9,2.0,2679,6,3.0,1
3,22.2,44.7,125.0,579.4,471.9,714.7,675.7,592.9,2.0,2679,2,4.0,1
3,22.8,45.9,18.4,584.8,466.8,725.4,681.8,614.6,1.0,1374,4,3.0,2
3,22.5,44.0,128.8,578.7,477.7,711.7,679.3,603.5,2.0,2679,3,5.0,1
3,22.4,44.2,125.9,574.9,468.8,713.3,673.6,604.3,2.0,2679,3,4.0,1
3,22.2,44.5,130.8,580.8,494.1,723.3,682.1,598.5,2.0,2679,1,5.0,3
4,21.8,52.6,111.9,571.9,420.5,693.7,647.2,572.3,3.0,6528,2,4.0,1
3,21.9,45.4,121.2,576.2,481.0,722.2,678.2,595.5,2.0,2679,6,2.0,1
3,21.9,45.1,40.4,581.7,485.8,718.9,672.9,596.9,2.0,2679,4,4.0,1
1,18.4,49.2,77.0,589.9,594.8,768.6,736.7,686.4,0.0,1903,6,4.0,1
4,20.8,51.0,103.9,552.8,428.1,723.6,661.4,598.4,2.0,2847,6,3.0,1
3,22.1,45.0,129.3,577.7,486.7,719.0285714285714,679.9,600.1,2.0,2679,2,5.0,1
4,23.2,48.9,121.4,568.2,386.1,681.5,637.3,555.2,3.0,7395,4,5.0,1
2,23.2,44.8,88.1,603.0,438.6,734.5,690.2,621.5,1.0,1482,2,5.0,2
2,16.2,48.8,70.9,603.9,555.5,773.3,741.6,679.7,0.0,6431,2,2.0,1
1,16.2,49.1,65.7,612.9,589.7,781.8,803.1,689.6,1.0,7963,2,4.0,1
3,22.9,43.6,128.7,572.5,477.9,712.6,668.1,598.4,2.0,2679,5,5.0,1
3,23.1,43.4,185.3,587.3,481.9,714.5,669.6,586.9,2.0,2679,5,5.0,1
3,22.9,43.8,122.3,575.6,483.8,713.4,676.9,586.1,2.0,2679,3,4.0,1
3,22.6,44.5,125.2,577.3,470.8,714.8,663.4,590.3,2.0,2679,1,2.0,1
2,29.480000000000004,47.8,129.2,574.1,495.9,718.1,669.5,608.8,2.0,9184,3,4.0,1
3,29.55,45.0,121.9,578.0,467.3,712.2,664.8,587.2,2.0,2679,3,3.0,1
3,22.4,45.1,126.2,570.9,467.1,709.0,665.8,582.3,2.0,2679,1,5.0,1
3,22.6,44.6,127.6,573.3,457.1,714.1,668.7,596.1,2.0,2679,2,1.0,1
3,22.5,44.8,122.1,575.0,459.1,715.1714285714286,666.6,595.2,2.0,2679,2,5.0,1
3,22.6,44.8,128.5,577.1,457.8,714.7285714285715,835.9,587.1,2.0,2679,6,4.0,1
3,23.4,43.3,130.4,581.5,472.5,710.9,663.1,598.3,2.0,2679,3,3.0,1
3,23.4,43.4,131.0,577.8,474.0,714.0857142857142,668.6,606.5,2.0,2679,1,4.0,1
3,29.660000000000004,43.1,128.5,575.7,458.2,719.7,668.0,588.4,2.0,2679,5,3.0,1
3,23.4,43.1,126.4,580.6,450.6,716.9,671.1,596.5,2.0,2679,6,5.0,1
3,23.6,42.9,128.1,578.8,461.1,721.0,665.4,600.0,2.0,2679,4,4.0,1
3,23.1,43.8,128.3,582.3,482.6,717.1999999999999,671.2,596.1,2.0,2679,1,5.0,1
3,23.1,43.7,121.3,576.5,465.1,715.8,669.8,593.0,2.0,2679,4,5.0,1
3,22.5,55.2,132.6,554.6,420.0,688.157142857143,628.8,554.7,2.0,4761,3,5.0,1
3,22.8,44.0,122.0,586.4,472.5,716.0,671.0,613.1,2.0,2679,4,5.0,1
3,22.2,44.8,127.5,581.2,459.9,712.4,669.9,596.1,2.0,2679,5,5.0,1
4,29.34,55.7,135.7,565.1,370.6,693.2,637.2,550.3,2.0,3074,2,4.0,2
3,21.9,45.2,110.1,587.2,474.4,708.5,667.5,601.7,2.0,2679,1,5.0,1
4,29.410000000000004,52.1,125.8,578.0,425.5,717.4,674.1,608.2,1.0,1826,5,4.0,3
3,22.0,44.4,107.2,585.2,462.1,726.4,670.8,605.9,2.0,2679,5,4.0,3
3,22.0,44.5,109.8,585.7,464.8,721.4,553.2,592.4,2.0,2679,4,4.0,2
3,23.4,52.4,113.6,555.9,415.6,703.2714285714285,660.5,592.2,2.0,5214,5,4.0,1
3,21.4,45.4,108.3,577.0,468.7,712.9,686.5,591.2,2.0,2679,6,2.0,3
3,29.460000000000004,45.3,113.9,584.7,453.4,722.8,677.9,595.2,2.0,2679,5,5.0,3
3,21.3,45.8,115.9,587.2,451.3,720.4857142857144,678.8,602.1,2.0,2679,5,4.0,3
3,21.0,46.0,106.0,588.0,455.4,719.8857142857142,677.5,603.9,2.0,2679,2,5.0,3
3,20.7,46.4,114.4,582.6,458.5,726.8,683.0,618.8,2.0,2679,4,3.0,1
4,21.0,45.8,108.0,584.3,453.4,720.5,679.0,608.3,2.0,2679,6,5.0,2
4,20.8,45.9,107.8,584.9,447.9,725.4,684.1,610.5,2.0,2679,3,5.0,3
4,20.6,46.4,113.1,585.9,452.2,732.3,677.9,601.9,1.0,2679,3,4.0,3
4,18.5,52.2,9.0,591.9,473.2,751.4,706.2,647.1,1.0,1374,5,5.0,1
4,20.2,47.0,110.9,581.2,460.3,723.9,677.7,605.5,2.0,2679,6,5.0,1
4,20.1,47.0,114.7,584.9,451.5,722.2,682.7,609.5,2.0,2679,2,2.0,1
4,18.0,52.2,119.6,593.0,496.0,752.3142857142857,713.9,658.1,0.0,5820,4,4.0,2
4,19.2,52.7,134.7,585.9,470.5,727.0,693.2,622.2,1.0,7963,5,3.0,1
4,20.4,57.2,126.0,549.2,467.7,709.1,832.9,605.5,1.0,3592,4,4.0,1
4,19.7,47.4,108.0,589.1,469.9,728.1,674.6,606.6,2.0,2679,2,3.0,3
4,18.8,53.4,125.1,592.9,459.5,741.4,704.3,631.4,1.0,6847,2,3.0,3
4,19.5,48.2,118.1,583.1,470.5,723.0,681.9,607.0,2.0,2679,5,4.0,1
4,19.4,48.0,116.5,579.3,458.2,727.6,679.0,614.9,2.0,2679,3,4.0,2
4,22.2,44.9,108.4,576.6,445.3,727.1,682.9,602.9,2.0,6431,1,4.0,1
4,29.25,48.1,200.6,578.9,465.0,720.3,685.3,612.7,1.0,2679,6,2.0,3
4,19.2,48.2,124.1,582.2,454.8,722.8,548.9,620.4,2.0,2679,3,4.0,1
4,29.230000000000004,48.3,119.1,584.2,458.6,720.8,689.1,620.7,2.0,2679,1,2.0,1
2,20.6,48.2,107.3,585.4,445.2,719.1428571428571,673.4,614.7,2.0,6431,5,5.0,3
2,20.6,51.6,109.5,579.6,459.6,721.7,685.1,612.8,1.0,5172,2,4.0,2
4,19.0,48.4,118.0,579.1,463.1,721.9,846.7,610.1,1.0,2679,1,1.0,1
1,17.2,52.8,123.5,577.7,473.4,714.9142857142858,661.0,592.8,2.0,9184,4,3.0,1
4,19.0,48.3,120.3,575.9,460.4,727.4,673.9,609.2,1.0,2679,2,5.0,2
4,18.8,48.7,120.1,586.7,476.1,730.1,681.5,609.2,1.0,2679,6,5.0,2
4,19.0,48.3,121.9,583.0,462.0,725.8,686.8,614.8,1.0,2679,4,2.0,2
2,23.1,48.3,114.0,580.6,454.1,718.7,685.8,597.4,1.0,4507,1,4.0,1
4,18.6,48.9,123.3,584.0,462.1,723.3,687.6,612.5,1.0,2679,4,4.0,1
4,18.6,48.9,121.2,579.7,468.2,724.2,678.1,620.5,1.0,2679,1,5.0,2
2,29.07,54.5,91.5,600.1,519.0,769.0,740.5,670.4,0.0,4129,5,4.0,2
4,18.5,49.1,117.6,581.3,482.2,730.4,683.9,616.6,1.0,2679,6,3.0,3
4,18.5,49.1,118.1,579.3,469.3,734.0,685.7,624.2,1.0,2679,4,3.0,2
4,18.4,49.3,115.0,581.8,473.2,729.2,690.8,621.9,1.0,2679,1,4.0,3
4,18.3,49.3,121.0,584.7,469.5,726.1,683.8,615.2,1.0,2679,1,3.0,2
4,9.9,49.6,120.4,588.2,474.0,725.2,697.5,619.7,1.0,2679,5,5.0,1
4,18.3,49.1,118.0,582.4,489.6,729.6,682.9,623.5,1.0,2679,5,4.0,1
4,18.1,49.5,115.4,588.9,481.0,731.2,699.6,635.5,1.0,2679,3,4.0,2
4,17.9,49.9,120.9,581.3,491.6,732.2,695.7,629.8,1.0,2679,6,4.0,2
2,24.4,47.7,206.3,534.4,448.6,720.5,640.1,563.0,2.0,4703,6,5.0,1
4,17.9,49.8,117.8,587.3,489.3,734.9,682.8,623.5,1.0,2679,6,5.0,1
1,18.8,46.6,74.4,580.5,570.4,766.2,743.8,695.8,1.0,2847,6,4.0,1
4,17.9,49.7,117.5,583.3,477.7,733.3,687.6,630.6,1.0,2679,1,5.0,2
3,24.2,47.6,114.2,581.6,457.7,727.1,680.9,620.6,2.0,4507,6,5.0,2
4,17.9,49.6,121.6,580.0,479.1,732.7,694.5,620.0,1.0,2679,4,5.0,1
4,17.8,49.7,122.9,577.9,488.3,730.6,692.3,629.9,1.0,2679,2,2.0,1
4,17.7,49.9,113.2,586.9,493.0,744.8714285714285,702.0,633.8,1.0,2679,1,5.0,3
1,19.9,57.3,131.6,562.0,467.5,713.3857142857142,657.1,588.5,1.0,9385,5,4.0,1
4,17.6,50.2,119.8,581.1,498.0,743.9,836.2,634.1,1.0,2679,2,3.0,2
1,17.0,53.6,122.6,581.5,500.5,732.5,672.5,599.8,2.0,9184,6,2.0,1
4,17.6,50.2,114.0,585.2,503.9,744.9,695.2,631.4,1.0,2679,1,1.0,2
4,17.7,50.0,114.3,583.3,502.2,735.7,691.5,633.6,1.0,2679,6,5.0,3
4,17.7,49.9,118.4,582.0,501.3,733.1,701.0,634.6,1.0,2679,4,3.0,3
1,17.6,53.1,122.9,592.6,500.6,751.3,701.2,649.0,1.0,1374,2,1.0,1
4,17.5,50.4,121.1,587.9,488.2,739.5,694.4,629.1,1.0,2679,2,4.0,3
1,19.4,59.7,121.7,546.0,486.2,682.7,613.5,546.9,2.0,8936,5,4.0,1
1,17.4,50.5,118.9,585.1,489.3,745.157142857143,699.2,641.1,1.0,2679,4,4.0,3
3,23.7,44.0,95.2,606.3,470.7,741.4,686.3,626.7,1.0,8374,6,5.0,2
1,17.3,50.7,117.6,580.8,513.7,740.0,700.8,640.6,1.0,2679,3,5.0,1
1,17.4,50.6,190.5,584.6,498.8,734.0,699.2,638.0,1.0,2679,4,4.0,2
2,22.9,52.2,147.0,526.6,470.8,611.2,465.5,412.8,4.0,4703,2,4.0,1
2,21.8,44.0,76.1,557.9,523.5,761.9,712.0,654.7,1.0,2586,1,4.0,2
4,19.6,52.7,109.7,562.4,483.7,722.8,675.9,613.7,1.0,2847,4,1.0,1
1,17.2,50.8,113.7,584.7,497.0,737.3,703.9,637.7,1.0,2679,2,3.0,1
3,24.5,50.7,112.2,549.4,469.9,650.1,559.3,513.8,2.0,6817,3,1.0,1
1,17.1,50.8,114.6,585.3,501.1,739.5,698.6,642.3,1.0,2679,6,4.0,2
2,20.5,45.8,86.9,597.8,484.5,750.5285714285714,706.0,660.3,0.0,1826,3,4.0,2
1,17.0,51.0,119.0,596.5,498.0,751.1,700.4,639.6,1.0,2679,6,5.0,2
4,20.6,58.2,126.6,548.3,488.3,722.5,830.6,601.0,1.0,8936,3,1.0,2
1,17.0,50.9,119.4,584.9,498.5,743.6,706.4,651.7,0.0,2679,3,5.0,2
2,22.8,51.7,107.6,553.4,495.5,705.5,671.0,600.3,2.0,7058,2,4.0,1
1,17.0,51.0,119.0,585.6,495.1,747.0,695.9,647.5,1.0,2679,6,3.0,3
1,19.5,55.7,126.2,563.7,477.3,729.7,693.1,619.5,1.0,2847,4,5.0,2
2,18.6,52.0,109.9,562.8,480.2,703.4,627.3,571.5,1.0,7058,1,4.0,1
4,18.0,49.8,120.3,586.6,484.7,728.9,683.7,608.9,1.0,2679,3,5.0,2
1,17.0,51.0,120.0,584.8,494.0,734.2,701.1,646.0,1.0,2679,6,5.0,2
3,23.8,50.8,138.0,559.5,399.8,684.5,637.1,553.3,2.0,5172,5,5.0,1
1,29.010000000000005,50.9,123.8,582.6,505.6,743.6,702.5,646.3,1.0,2679,3,5.0,2
1,29.0,51.0,121.2,585.8,493.5,748.3142857142857,708.4,642.6,1.0,2679,6,4.0,1
1,16.8,51.2,117.5,585.1,503.9,755.3,694.7,641.3,1.0,2679,1,5.0,1
2,16.8,43.2,55.5,571.3,600.3,797.1285714285715,794.1,719.1,0.0,9241,5,4.0,2
1,16.8,51.2,118.0,577.0,498.8,737.2,694.2,643.2,1.0,2679,3,4.0,3
1,16.9,50.8,111.6,586.3,490.4,742.6,699.7,635.5,1.0,2679,4,5.0,3
3,21.9,46.8,120.2,589.8,462.0,733.2,688.3,627.4,3.0,2105,3,3.0,2
1,16.8,50.1,82.3,604.8,571.5,783.9,737.9,691.0,0.0,3418,3,5.0,1
2,18.0,46.0,71.0,624.3,573.0,786.4857142857143,751.2,704.1,0.0,5693,5,3.0,1
1,16.6,44.3,81.3,595.3,554.8,779.8,736.0,699.9,1.0,2679,6,5.0,1
1,16.5,44.3,80.6,600.0,577.6,781.8571428571428,747.5,706.4,1.0,2679,1,4.0,1
1,16.4,44.2,79.9,600.6,562.5,790.4,746.1,712.6,1.0,2679,2,4.0,2
2,29.430000000000003,44.2,78.4,567.8,533.9,757.6999999999999,721.1,657.5,1.0,2586,2,4.0,2
1,16.2,44.1,75.8,599.5,593.5,790.5,752.3,696.2,1.0,2679,1,2.0,2
1,16.2,44.4,72.2,602.3,589.5,793.3,761.3,718.5,1.0,2679,1,4.0,1
1,16.1,44.8,72.2,605.9,579.1,788.2142857142857,751.1,715.8,1.0,6431,1,4.0,1
1,16.2,45.6,72.6,602.7,571.3,781.0,753.3,710.4,0.0,6431,1,4.0,2
1,28.910000000000004,46.7,79.0,605.5,415.2,765.8714285714286,743.3,661.5,1.0,6431,3,5.0,2
1,18.0,44.0,174.6,605.4,441.1,764.3,737.2,673.8,1.0,6431,4,4.0,2
4,20.2,55.7,106.9,593.7,446.8,711.0,899.2,574.2,2.0,3856,5,3.0,1
4,22.1,55.5,133.2,558.0,432.1,689.8,647.5,562.3,2.0,4761,5,3.0,1
1,18.6,44.2,85.5,601.0,472.2,766.8,720.2,657.7,1.0,6431,5,5.0,1
1,17.9,45.6,83.4,600.0,444.2,760.5,525.4,660.7,1.0,6431,1,5.0,2
1,18.0,45.6,7.3,597.1,472.7,766.1,730.0,672.0,1.0,6431,4,5.0,1
2,19.2,54.1,122.4,581.6,487.6,735.3571428571428,690.4,618.5,1.0,4507,4,5.0,2
1,18.5,45.2,86.8,590.6,448.5,762.4714285714286,728.0,675.5,1.0,6431,4,5.0,1
1,18.4,45.7,92.4,594.5,462.8,754.2142857142857,708.2,650.1,1.0,6431,2,4.0,3
1,32.8,45.8,94.2,592.7,446.5,756.6857142857142,712.8,652.9,1.0,6431,4,4.0,1
1,29.14,46.7,108.0,587.0,479.6,753.2,716.9,667.9,1.0,6431,6,4.0,2
1,17.7,47.8,104.8,590.9,476.2,757.2,720.8,656.5,1.0,6431,4,5.0,2
1,17.5,48.2,100.4,587.5,467.4,755.6,719.2,641.2,1.0,6431,6,3.0,1
1,16.8,48.2,96.7,595.3,522.2,767.7,728.9,659.4,1.0,6431,1,4.0,2
2,19.5,54.5,87.3,559.1,518.3,738.3,699.4,628.7,0.0,6817,2,5.0,1
4,19.2,55.9,116.9,591.0,495.1,737.1999999999999,689.7,624.8,1.0,5693,6,3.0,2
2,16.2,48.8,70.9,605.1,563.3,774.7,746.3,688.1,0.0,6431,1,5.0,2
2,16.1,49.1,75.1,603.3,570.5,776.3,744.5,698.4,0.0,6431,4,5.0,2
2,16.1,49.1,73.8,606.1,580.1,773.7,756.5,693.1,0.0,6431,4,5.0,1
1,28.1,53.9,118.0,579.8,480.8,723.9,680.3,606.6,2.0,9184,5,3.0,3
2,28.910000000000004,49.4,69.8,613.1,581.1,780.3999999999999,744.8,691.0,0.0,6431,1,4.0,2
3,23.0,53.3,111.4,550.4,412.3,711.5,665.3,585.9,2.0,5214,1,4.0,1
2,16.3,49.3,70.1,613.0,598.2,768.6,736.8,691.7,0.0,6431,4,5.0,2
2,17.0,48.8,67.5,607.0,531.5,768.9,725.9,683.2,0.0,6431,4,5.0,2
2,17.7,47.4,74.6,605.1,536.8,766.4,724.8,666.8,0.0,6431,6,2.0,2
2,17.9,47.4,77.4,604.2,524.5,759.1,726.1,671.0,0.0,6431,5,4.0,2
2,18.4,46.8,81.6,605.4,539.4,758.1,715.5,664.6,0.0,6431,2,5.0,2
2,18.9,45.9,77.3,602.8,552.2,763.6285714285714,728.7,671.8,0.0,6431,5,5.0,1
2,19.1,45.6,76.6,601.9,535.0,764.2,724.2,675.6,0.0,6431,3,4.0,2
3,22.1,46.1,88.0,556.1,519.6,744.1,704.3,658.2,1.0,2586,3,5.0,3
1,20.0,54.0,104.3,562.0,485.9,723.842857142857,675.8,609.1,1.0,4703,1,5.0,2
4,20.5,55.2,147.7,568.5,439.5,707.1,671.1,576.9,1.0,9184,6,3.0,1
2,19.3,47.0,85.2,599.2,520.5,751.0,712.7,643.8,0.0,6431,6,4.0,1
2,19.5,47.0,93.8,598.6,458.5,722.2,676.7,612.1,1.0,6431,4,3.0,1
2,19.3,53.8,92.4,586.5,467.2,720.2,683.1,618.5,1.0,6528,2,4.0,2
2,19.6,46.9,84.6,592.7,443.0,725.3,481.5,604.3,1.0,6431,6,5.0,1
1,28.860000000000003,44.2,61.8,620.5,602.2,797.5,766.7,723.0,0.0,5820,5,4.0,2
2,19.9,46.6,92.8,597.8,447.7,723.1,681.3,605.2,2.0,6431,4,4.0,2
2,19.9,46.7,95.1,593.6,459.0,719.5,677.4,614.5,2.0,6431,2,1.0,1
2,30.9,53.2,75.9,621.9,539.5,757.3,733.3,656.7,1.0,3856,6,5.0,2
2,19.5,55.2,83.6,567.9,544.1,749.9,707.8,644.6,1.0,3592,1,4.0,1
2,22.1,45.8,115.4,583.3,462.2,724.4857142857144,681.7,614.6,1.0,1374,1,2.0,1
2,20.6,45.8,92.9,589.7,462.3,726.4,685.8,609.9,2.0,6431,1,3.0,2
2,20.9,45.2,99.5,590.9,460.5,724.4,670.5,622.7,2.0,6431,3,5.0,2
2,21.1,45.0,97.3,592.2,457.5,728.9,690.5,605.4,2.0,6431,3,5.0,2
2,21.1,45.2,96.3,596.5,450.1,720.0,677.0,626.4,2.0,6431,4,4.0,3
2,21.2,45.0,97.7,588.2,459.2,722.3,683.5,614.8,2.0,6431,2,5.0,2
2,21.2,45.1,96.0,588.3,459.1,719.3,677.1,602.9,2.0,6431,4,4.0,2
1,17.6,53.3,115.5,597.1,493.4,758.4571428571429,724.5,665.8,1.0,1374,4,4.0,2
2,29.400000000000002,46.4,107.6,581.8,454.4,721.8,686.4,611.8,2.0,6431,3,4.0,1
2,21.7,52.6,104.4,611.8,468.2,743.2,691.4,613.0,1.0,7241,3,4.0,2
2,20.8,46.6,102.2,582.6,466.1,722.6285714285714,682.5,610.0,2.0,6431,4,3.0,3
2,21.0,46.3,188.8,586.1,464.8,730.5,677.1,606.6,2.0,6431,3,1.0,1
1,15.9,45.4,64.2,616.3,588.0,804.8,765.0,721.5,0.0,1374,3,4.0,1
2,21.2,46.1,100.4,584.6,464.4,724.5,681.0,609.5,2.0,6431,5,5.0,2
2,18.9,44.2,66.1,584.1,570.3,782.0857142857143,746.6,703.4,0.0,2847,5,4.0,2
2,19.9,49.4,234.9,584.9,441.2,711.9,673.0,606.1,2.0,6431,4,5.0,3
2,19.7,49.7,103.5,584.7,437.0,725.4,678.1,596.0,2.0,6431,3,4.0,2
2,19.5,50.3,101.1,581.0,449.5,727.4,674.4,596.9,2.0,6431,1,5.0,2
2,19.9,49.6,102.9,587.1,458.1,722.1,665.9,601.5,2.0,6431,5,5.0,3
4,21.1,53.9,127.8,533.2,442.0,652.1,598.3,515.9,4.0,7058,5,5.0,2
2,29.03,47.0,58.7,569.5,589.8,784.5,753.0,694.8,0.0,9241,3,5.0,2
2,20.6,48.1,110.4,583.3,447.8,720.2,661.7,612.5,2.0,6431,6,2.0,2
2,20.8,47.9,110.7,581.8,437.0,719.0428571428572,677.8,599.6,2.0,6431,2,1.0,1
4,19.9,49.4,116.7,591.7,440.5,736.5,690.7,613.9,1.0,2105,4,4.0,2
2,21.2,50.6,93.1,613.1,469.7,742.7571428571428,695.1,620.5,1.0,7241,3,4.0,1
2,29.310000000000002,50.2,112.7,582.8,434.1,713.7,655.4,591.9,2.0,6431,4,5.0,1
3,24.0,45.4,195.9,579.7,488.7,725.8,682.2,598.1,1.0,4129,5,5.0,2
2,19.8,50.3,114.8,583.1,439.1,716.8,663.1,599.3,2.0,6431,1,2.0,3
2,20.4,55.6,134.6,552.2,449.9,715.1,863.4,596.2,2.0,9385,2,5.0,1
3,20.7,48.8,116.1,587.8,439.7,717.4,667.0,599.7,2.0,6431,6,4.0,1
2,18.1,53.8,110.0,560.2,494.7,704.6,642.6,564.7,1.0,7058,3,4.0,1
2,21.6,51.6,122.1,572.8,466.6,706.9,648.1,566.6,1.0,3074,5,4.0,2
1,18.3,50.3,80.4,558.7,509.4,748.8714285714285,702.3,645.1,2.0,9241,5,2.0,1
2,18.4,46.8,81.6,605.4,539.4,758.1,715.5,664.6,0.0,6431,2,5.0,2
3,21.2,47.7,112.2,577.8,436.0,712.8,663.8,605.2,2.0,6431,2,5.0,1
3,20.7,48.9,117.6,575.5,433.2,721.7,664.3,591.5,1.0,6431,5,2.0,1
2,19.4,54.4,224.0,577.1,457.3,723.4,680.0,602.8,0.0,1903,6,5.0,2
3,20.8,48.8,116.7,583.3,441.1,713.3,667.6,593.3,2.0,6431,4,5.0,1
3,21.2,47.8,115.2,579.8,440.3,720.1,665.3,597.9,2.0,6431,6,2.0,1
3,21.7,47.4,126.3,569.1,458.6,716.5,662.9,600.8,2.0,6431,1,4.0,1
2,18.0,53.9,95.3,565.6,484.4,713.0,637.1,587.2,1.0,7058,1,4.0,1
3,22.4,47.4,148.4,570.1,438.7,702.1,658.2,575.9,2.0,6431,6,4.0,1
4,20.6,50.1,115.1,593.2,412.1,728.9,671.2,607.3,4.0,9658,3,5.0,2
3,23.7,46.7,226.1,566.7,436.6,708.0,654.6,576.2,3.0,6431,5,5.0,1
3,23.2,48.2,163.2,558.8,410.2,699.3,650.8,576.8,3.0,6431,3,5.0,1
3,23.2,47.5,153.9,564.0,411.4,700.7,647.0,581.4,3.0,6431,3,5.0,1
1,19.8,54.1,124.3,578.4,490.3,740.0,693.1,627.4,1.0,1826,4,3.0,1
3,22.5,47.7,134.5,569.2,405.9,704.0,644.1,572.9,3.0,6431,5,1.0,1
3,22.4,47.7,137.6,573.7,396.8,703.0,646.5,563.6,3.0,6431,3,4.0,1
1,19.2,52.9,108.2,558.0,478.3,724.1,682.7,616.6,1.0,2847,2,5.0,3
3,21.7,49.3,134.0,575.5,403.9,701.2,660.6,589.2,3.0,6431,2,2.0,1
3,22.7,43.4,110.3,592.8,493.7,731.9,688.5,613.9,1.0,8052,5,5.0,1
3,21.4,49.3,125.6,577.8,417.0,707.3,655.3,578.1,3.0,6431,6,4.0,1
4,17.5,53.3,126.7,594.7,499.2,752.9285714285714,713.9,651.0,0.0,5820,2,5.0,1
3,21.5,49.1,133.8,578.0,394.9,709.5428571428572,657.9,586.9,3.0,6431,4,5.0,1
1,19.0,55.1,110.4,571.5,444.4,728.0,688.5,619.5,2.0,3074,6,4.0,2
3,21.5,48.8,126.9,577.7,423.0,713.0,666.0,591.9,3.0,6431,3,1.0,1
3,21.5,49.0,124.3,575.3,404.5,720.2,668.6,598.2,3.0,6431,3,4.0,1
4,22.0,52.1,116.9,577.4,429.6,705.1,669.1,591.6,1.0,4507,1,4.0,1
4,20.4,53.2,98.2,609.1,461.2,725.3,675.2,588.6,1.0,9127,5,4.0,2
4,20.3,52.0,112.3,564.7,451.7,717.5,670.1,594.0,1.0,2847,1,4.0,2
4,21.9,50.9,105.2,551.3,457.5,732.5857142857143,689.0,620.2,1.0,9241,4,5.0,2
3,23.2,45.5,133.8,574.6,433.5,720.8,676.0,598.4,2.0,6431,3,5.0,1
3,23.5,44.8,132.6,572.6,429.5,715.7428571428571,664.6,603.1,2.0,6431,1,5.0,1
3,23.3,45.0,116.3,592.1,421.7,730.1,681.7,615.4,1.0,2105,1,3.0,2
2,15.8,42.8,69.0,610.3,602.8,797.0,761.8,714.5,0.0,3418,2,4.0,2
3,23.9,44.2,128.4,572.3,418.5,720.7,671.9,609.0,2.0,6431,3,4.0,1
3,23.5,45.0,125.6,577.1,438.8,722.2,676.1,606.8,2.0,6431,1,5.0,1
3,23.3,45.3,127.3,578.2,440.5,722.0,671.7,613.5,2.0,6431,4,1.0,1
3,22.2,47.6,148.6,574.2,403.6,711.6,669.6,599.4,2.0,7963,2,5.0,1
3,23.1,48.6,89.9,611.1,447.3,706.7,662.5,573.3,1.0,9127,4,4.0,2
2,18.0,49.7,182.3,611.2,428.1,753.3,724.3,641.4,1.0,2105,6,3.0,1
3,22.3,47.0,124.8,575.8,433.0,714.9,673.5,608.4,2.0,6431,6,5.0,1
3,22.0,47.5,125.1,581.9,438.8,725.0,680.0,618.1,2.0,6431,4,4.0,1
3,22.0,47.2,124.2,578.0,431.2,716.1,671.6,603.0,2.0,6431,3,4.0,1
3,22.6,45.9,122.8,574.3,439.7,720.5,672.7,617.9,2.0,6431,5,4.0,1
4,19.5,56.4,139.5,560.2,434.2,713.1857142857143,533.9,612.3,2.0,8649,2,4.0,1
3,22.8,44.7,118.3,578.1,440.4,726.6,682.8,618.8,2.0,6431,2,4.0,1
3,22.2,45.7,119.6,579.8,440.6,721.4,857.6,608.5,2.0,6431,3,5.0,2
4,21.0,57.5,140.5,558.7,441.8,706.1,654.4,574.0,1.0,4761,1,2.0,1
3,22.1,45.5,114.6,582.5,434.6,734.2,687.2,614.0,2.0,6431,3,5.0,1
4,29.54,44.8,114.3,582.6,446.0,721.4,682.5,603.7,2.0,6431,6,4.0,2
4,22.1,45.0,117.7,580.3,440.0,728.0,675.1,615.1,2.0,6431,2,5.0,1
4,21.9,45.4,13.5,581.2,439.6,716.7,674.9,618.9,2.0,6431,2,5.0,3
4,21.8,45.3,113.5,577.6,438.4,728.4428571428571,679.6,617.7,1.0,6431,1,3.0,3
3,22.1,51.6,123.2,540.5,431.1,644.2,474.0,513.6,4.0,7058,2,3.0,2
4,21.6,45.8,113.8,584.1,433.8,726.8285714285713,690.7,609.9,2.0,6431,6,4.0,3
2,18.3,52.1,94.9,604.2,491.9,765.5,738.7,672.7,0.0,4129,5,4.0,2
4,21.3,46.1,117.2,581.6,446.7,729.4,692.3,607.9,2.0,6431,2,5.0,2
4,19.2,50.9,102.5,594.5,486.1,746.5,707.6,637.6,1.0,8374,1,5.0,1
3,24.2,49.3,104.2,605.3,450.2,726.7,683.4,606.3,1.0,7241,6,4.0,2
4,21.1,46.8,118.2,584.4,448.8,730.6,693.5,625.8,2.0,6431,1,4.0,2
1,17.0,49.8,86.0,601.6,541.9,763.1,707.9,646.7,1.0,7963,6,5.0,2
4,20.7,47.5,113.8,577.9,452.1,725.8,689.1,616.1,2.0,6431,5,5.0,3
4,20.5,47.6,115.2,582.1,460.7,723.4,473.2,609.6,2.0,6431,1,3.0,1
3,23.8,53.5,125.2,553.0,398.7,676.7,620.2,540.1,2.0,4761,4,5.0,1
4,20.2,48.2,115.0,583.7,457.0,735.4,688.2,614.5,2.0,6431,4,4.0,2
4,20.3,48.0,115.2,584.8,455.0,724.8,694.0,612.3,1.0,6431,6,4.0,2
4,20.2,48.0,116.6,581.0,455.4,728.5,704.0,623.8,1.0,6431,3,3.0,2
3,24.8,48.2,116.5,594.1,389.2,713.4,658.7,581.6,3.0,7241,2,4.0,1
3,23.1,46.1,111.1,585.6,457.6,702.2,664.6,560.0,1.0,4129,5,5.0,1
2,19.3,53.7,93.1,581.1,464.0,727.8,682.3,614.9,1.0,6528,5,5.0,1
4,20.0,48.4,123.0,579.0,455.1,727.3,681.5,638.0,1.0,6431,4,4.0,1
4,20.0,48.0,120.7,577.7,455.7,736.0,696.7,632.1,1.0,6431,4,5.0,3
3,21.4,49.0,103.7,597.6,447.2,732.5,680.1,607.3,2.0,8374,6,5.0,2
1,19.6,58.2,119.7,550.5,464.8,709.6,657.8,589.8,2.0,3592,1,5.0,1
1,19.1,48.6,85.0,580.5,572.0,766.8,738.2,676.8,1.0,1903,6,4.0,2
4,19.6,54.8,119.3,598.6,483.6,734.7,691.2,618.0,1.0,5693,4,5.0,3
1,29.230000000000004,50.6,113.3,591.0,458.4,735.0,690.6,619.6,1.0,2105,6,4.0,2
2,18.8,54.3,91.4,607.9,520.1,762.1,725.0,654.1,1.0,3856,5,3.0,1
4,19.8,52.9,137.8,582.7,436.9,732.8,688.4,599.7,1.0,6847,3,4.0,2
4,20.2,55.0,122.0,560.4,465.1,725.3714285714286,682.9,617.5,1.0,9385,1,4.0,1
4,18.9,49.8,123.5,578.9,462.8,740.0,689.2,635.8,1.0,6431,3,3.0,1
4,18.8,50.0,121.4,578.6,482.3,734.7,697.2,627.3,1.0,6431,4,2.0,1
4,19.3,48.8,33.6,579.9,477.7,743.2,705.3,644.9,1.0,6431,5,5.0,2
3,27.9,51.3,114.8,555.5,460.1,727.6,689.2,614.4,1.0,9241,3,4.0,1
4,18.6,50.3,124.5,584.1,482.9,740.1,697.1,633.9,1.0,6431,1,4.0,2
4,18.6,50.2,126.0,583.0,483.5,743.8,696.2,642.6,1.0,6431,2,5.0,2
4,18.5,50.4,124.0,576.0,481.5,742.4,700.8,635.7,1.0,6431,2,3.0,1
4,18.6,50.2,125.2,577.1,481.7,743.7,698.0,647.4,1.0,6431,3,2.0,3
4,18.5,50.4,123.5,579.8,485.3,739.7,707.0,645.9,1.0,6431,3,5.0,3
4,18.5,50.3,123.9,577.0,489.9,749.2,476.9,643.8,1.0,6431,2,5.0,3
4,29.17,50.2,120.0,582.6,499.3,742.6,704.5,636.2,1.0,6431,5,5.0,2
3,23.1,48.9,118.7,590.5,444.7,716.5,674.4,575.6,1.0,5693,5,5.0,2
1,17.9,54.8,117.1,593.2,515.9,733.7,695.3,631.4,1.0,9658,4,5.0,2
4,17.5,48.6,114.6,581.7,486.7,738.9571428571428,697.3,625.4,2.0,8052,4,4.0,2
1,20.5,50.1,99.5,579.6,454.4,717.0,664.9,595.9,1.0,6528,2,2.0,2
2,7.0,52.0,76.9,615.6,534.8,768.3,726.5,656.4,1.0,3856,1,5.0,3
4,18.2,50.8,128.5,573.7,501.0,743.3,856.3,638.3,1.0,6431,5,4.0,3
2,17.9,44.3,67.8,630.1,593.5,797.8,756.0,694.2,0.0,5693,1,4.0,2
1,15.6,42.1,68.1,609.1,560.9,786.5,748.0,693.6,1.0,8052,3,5.0,2
2,19.6,48.5,85.0,622.3,537.7,759.9,726.5,653.6,0.0,1482,5,4.0,1
3,24.4,48.1,179.8,575.2,447.1,718.8,667.5,584.0,2.0,7395,2,4.0,1
1,29.12,51.2,131.4,576.8,497.2,747.1,705.6,650.8,1.0,6431,5,4.0,3
1,29.110000000000003,51.2,126.1,583.0,496.2,743.9,706.6,647.4,1.0,6431,1,5.0,1
1,30.32,42.5,66.7,629.1,578.1,792.9,773.9,705.6,0.0,2105,6,4.0,2
2,18.1,53.5,110.6,598.2,457.1,729.0714285714286,698.9,599.9,1.0,2105,6,3.0,1
1,17.9,51.4,129.0,584.5,490.0,750.3,836.2,636.0,1.0,9184,4,5.0,2
1,17.9,51.3,123.7,576.7,488.9,743.4,512.5,650.7,1.0,9184,6,5.0,1
1,17.8,51.6,124.0,583.2,499.4,749.0,708.2,650.4,1.0,9184,5,4.0,2
1,17.7,51.6,129.3,573.3,478.6,741.3,706.7,641.4,1.0,9184,4,2.0,2
1,29.080000000000002,51.7,128.0,577.9,490.2,755.3,708.5,644.4,1.0,9184,2,5.0,1
1,17.7,51.6,128.2,578.9,488.5,741.8,705.2,652.0,1.0,9184,5,4.0,2
1,17.7,51.6,123.2,582.8,499.2,734.5,707.9,664.7,1.0,9184,6,4.0,3
1,17.6,51.8,125.9,581.7,504.9,751.2,711.9,642.2,1.0,9184,5,5.0,3
1,17.5,51.9,125.1,581.3,503.3,755.1,714.1,653.5,1.0,9184,4,4.0,2
1,17.5,52.1,127.1,579.8,498.8,740.4,704.4,658.9,1.0,9184,4,3.0,2
1,17.5,52.1,122.0,578.6,490.9,751.8,713.4,648.7,1.0,9184,1,5.0,2
1,17.6,52.0,125.8,580.2,479.9,741.8,701.8,640.8,1.0,9184,1,3.0,2
3,24.6,50.8,109.0,549.4,481.6,709.9,669.6,590.2,1.0,3592,3,4.0,1
4,20.8,48.4,118.4,598.9,470.7,738.8,695.4,607.4,2.0,2105,4,1.0,3
1,17.6,50.7,121.4,582.5,501.0,742.5,691.9,634.7,1.0,9184,1,4.0,2
1,17.5,51.8,121.4,578.0,477.2,734.5,683.4,619.7,1.0,9184,3,4.0,3
1,17.5,52.1,126.8,582.5,485.1,730.6,663.9,608.0,1.0,9184,1,4.0,2
1,29.05,52.5,124.2,583.2,467.5,726.6,664.4,596.2,1.0,9184,5,5.0,2
4,19.5,53.0,129.3,589.1,437.2,727.6,700.5,609.6,1.0,6847,1,5.0,2
1,17.3,52.8,121.2,582.3,477.8,716.0,665.3,593.8,2.0,9184,4,5.0,2
3,22.9,46.6,111.6,589.2,484.6,724.2,692.1,614.3,1.0,9658,6,3.0,2
4,10.2,53.7,107.6,550.9,493.0,721.4,658.8,600.2,1.0,6817,3,4.0,2
1,29.04,52.6,122.0,583.5,460.1,720.4142857142858,465.2,588.8,2.0,9184,3,1.0,1
3,21.9,46.5,104.1,586.7,360.2,682.4,607.5,518.5,2.0,3418,6,4.0,1
1,17.4,52.5,121.6,580.4,464.4,714.7,662.0,590.6,2.0,9184,1,4.0,1
1,19.0,49.1,128.0,578.5,470.6,711.9,651.8,600.7,3.0,9184,2,3.0,1
1,18.4,48.1,72.0,585.5,582.7,773.7571428571429,737.4,696.6,0.0,1903,6,5.0,2
1,18.0,51.8,125.3,577.5,465.2,713.2,655.4,594.6,3.0,9184,3,5.0,1
3,29.710000000000004,49.4,119.5,579.3,445.9,704.2,658.0,588.9,1.0,4507,5,1.0,1
1,19.7,59.1,131.3,544.7,465.1,682.5571428571428,604.3,554.4,2.0,8936,1,4.0,1
3,23.8,50.4,109.2,539.7,411.6,730.7,657.8,582.7,2.0,4703,2,4.0,1
1,17.7,52.0,222.4,578.0,470.1,715.4,654.7,600.1,2.0,9184,1,5.0,2
1,29.07,52.5,122.1,579.6,468.8,717.5,665.9,606.3,2.0,9184,1,3.0,1
1,17.4,52.8,120.8,577.5,460.7,714.0,672.3,598.9,2.0,9184,3,3.0,1
3,22.2,45.5,111.5,589.6,446.1,741.8,705.7,641.1,1.0,5820,3,4.0,1
4,20.2,53.1,96.1,604.3,470.7,740.6,696.7,603.5,1.0,9127,6,4.0,2
1,29.02,53.6,123.2,573.2,471.3,723.5,666.9,593.1,2.0,9184,5,4.0,2
2,17.6,47.2,78.2,602.6,532.9,760.2,723.3,663.2,0.0,3418,3,4.0,1
3,23.9,43.1,120.8,588.0,453.4,722.2,682.5,619.0,1.0,1374,2,4.0,1
1,16.9,53.8,118.3,581.1,483.1,725.3,666.5,604.1,2.0,9184,6,5.0,1
1,16.9,53.9,119.0,575.7,488.4,730.5,679.4,610.3,2.0,9184,4,3.0,3
3,23.6,51.6,102.1,540.8,459.5,707.3,664.6,588.4,2.0,1458,2,4.0,1
4,18.4,54.0,136.0,586.5,490.1,731.5,688.2,624.8,1.0,7963,2,1.0,2
1,17.2,53.0,122.8,581.3,488.6,732.8,686.4,618.1,2.0,9184,3,5.0,1
1,29.03,53.3,122.6,573.9,498.5,726.5857142857143,678.5,606.5,2.0,9184,5,3.0,2
4,20.9,58.0,125.8,549.6,474.8,710.3,667.5,598.9,1.0,8936,4,5.0,1
1,17.0,53.4,120.6,586.7,493.9,731.7,675.4,601.8,2.0,9184,2,4.0,3
4,29.14,52.4,125.4,593.1,483.9,734.7,687.3,619.5,1.0,1374,5,5.0,1
2,17.4,52.8,211.8,585.7,492.2,734.0857142857142,679.2,616.6,2.0,9184,1,4.0,1
2,19.1,49.2,116.6,571.5,490.6,736.7,667.9,600.9,2.0,9184,5,4.0,2
2,19.3,49.1,118.1,580.9,487.8,727.6,683.2,609.1,2.0,9184,1,2.0,2
2,19.0,49.8,122.8,576.4,471.8,725.3,677.1,602.9,2.0,9184,5,1.0,3
2,17.1,45.7,57.7,570.1,594.0,793.5,751.9,722.5,0.0,9241,1,5.0,2
2,29.610000000000003,52.1,120.0,544.8,471.0,703.5714285714286,656.7,561.5,3.0,6817,2,2.0,1
2,18.6,50.8,124.9,578.8,479.7,724.2,675.2,614.7,2.0,9184,3,4.0,2
2,29.09,44.6,92.5,590.1,521.1,737.7,685.8,605.0,1.0,3418,6,4.0,3
2,18.3,51.5,127.4,576.0,485.2,730.8,846.2,602.3,2.0,9184,3,3.0,1
2,18.5,51.2,194.4,581.1,492.7,731.3,675.0,615.3,2.0,9184,6,1.0,3
2,19.2,49.7,230.8,577.5,472.2,725.5857142857142,674.8,616.8,2.0,9184,2,4.0,3
4,19.6,56.4,143.0,561.4,389.0,718.5,670.1,585.0,2.0,8649,4,5.0,2
2,18.4,51.4,213.4,581.1,471.4,734.2,675.8,611.7,1.0,9184,2,3.0,3
3,29.53,47.2,130.0,579.7,435.0,723.3,675.3,613.1,2.0,6431,1,4.0,2
2,18.3,51.9,123.3,575.3,479.1,730.1,676.1,612.6,2.0,9184,4,2.0,3
2,21.2,53.4,96.5,580.0,478.4,726.1,685.3,606.4,1.0,1903,3,4.0,2
2,18.6,51.3,125.0,576.9,478.6,727.3,672.1,612.0,2.0,9184,6,4.0,2
4,20.5,54.8,120.6,550.7,445.4,707.4714285714286,675.0,600.5,2.0,9385,4,3.0,3
4,29.3,49.4,113.9,589.6,434.3,737.0,559.2,621.0,1.0,2105,6,4.0,2
1,19.1,49.4,100.2,577.0,462.0,737.3,706.8,632.1,3.0,5172,3,4.0,3
3,22.1,45.5,114.3,596.8,442.6,737.5,697.7,634.7,1.0,5820,2,2.0,2
2,19.9,50.6,129.9,579.8,471.4,716.2,662.7,603.5,2.0,9184,4,5.0,1
2,20.0,50.3,127.9,576.7,466.2,722.6,675.2,592.5,2.0,9184,6,5.0,1
2,20.5,49.5,120.4,574.3,481.7,724.3,663.8,599.9,2.0,9184,1,5.0,2
3,23.1,55.0,131.6,544.2,414.5,692.2,645.4,570.9,2.0,8936,3,5.0,1
2,20.8,49.2,121.8,579.3,477.1,729.4,676.5,614.2,2.0,9184,3,4.0,1
2,21.0,44.3,99.6,582.9,488.3,724.7,693.5,612.6,2.0,2679,2,5.0,1
2,20.8,49.2,124.3,579.8,475.8,724.8142857142858,678.8,606.6,1.0,9184,2,5.0,2
2,20.9,49.2,13.3,569.3,482.4,723.9,682.2,613.1,2.0,9184,3,1.0,2
1,19.2,52.9,110.2,553.4,479.9,724.0,684.0,618.2,1.0,2847,1,2.0,2
1,16.1,43.3,66.9,621.2,593.1,803.1,775.9,708.5,0.0,5820,1,3.0,1
2,21.9,47.4,126.3,581.4,487.8,722.8,663.5,594.3,2.0,9184,2,1.0,1
2,21.9,47.5,126.9,581.2,469.9,725.0,675.5,596.9,2.0,9184,6,4.0,1
3,21.7,48.1,97.9,559.3,497.7,738.6,697.1,633.2,1.0,2586,3,2.0,1
2,21.8,47.9,126.2,572.5,480.5,715.6,667.6,587.2,2.0,9184,1,5.0,1
1,18.9,51.5,111.1,596.7,475.2,747.4,702.3,634.9,1.0,8374,3,4.0,3
2,20.9,50.5,122.9,578.4,475.4,721.4,671.5,595.3,2.0,9184,4,3.0,3
2,20.5,51.5,122.2,575.8,472.3,715.4,664.4,614.5,2.0,9184,5,4.0,3
2,20.4,51.8,120.6,584.1,478.2,727.3,665.5,609.7,2.0,9184,1,5.0,2
2,20.4,52.0,122.7,575.6,469.1,728.4,666.9,600.7,2.0,9184,5,4.0,1
3,29.210000000000004,53.6,83.3,583.6,436.6,731.2,700.1,610.5,1.0,6528,5,5.0,2
2,23.4,51.1,113.6,559.8,433.6,655.7,554.0,498.4,3.0,1903,3,4.0,1
2,20.2,53.1,124.5,578.7,472.8,717.8,669.3,604.3,2.0,9184,6,5.0,2
2,21.0,51.4,124.4,574.2,492.1,722.6,669.7,600.2,2.0,9184,1,1.0,2
2,21.3,50.5,126.2,568.9,458.4,717.5,680.1,611.1,2.0,9184,6,2.0,2
3,22.9,45.6,100.8,594.9,488.4,733.4,692.6,625.5,1.0,3418,6,4.0,3
1,19.0,55.6,112.1,572.4,445.9,722.3,689.7,622.0,2.0,8649,1,4.0,1
4,20.1,50.1,113.5,596.5,478.0,732.8,467.9,625.2,2.0,8374,2,4.0,2
1,19.6,56.8,128.0,565.7,396.5,694.3,638.4,553.1,2.0,6528,1,3.0,1
2,22.0,49.6,123.0,578.5,462.7,714.4,666.4,601.5,2.0,9184,2,5.0,1
2,22.2,49.4,130.8,576.0,473.0,724.7,666.8,607.6,2.0,9184,4,5.0,1
2,22.2,49.2,128.4,575.7,460.4,717.6,535.2,616.4,2.0,9184,6,5.0,1
1,19.0,51.2,112.3,593.4,473.1,741.3,702.9,643.6,1.0,8374,1,4.0,2
3,21.1,52.4,129.9,575.5,464.0,726.342857142857,677.5,601.1,2.0,9184,1,4.0,1
3,21.0,52.9,129.5,574.2,453.7,722.5142857142857,885.7,600.5,2.0,9184,6,3.0,1
2,20.2,52.8,36.5,573.2,477.8,723.1,671.2,608.3,2.0,9184,3,4.0,1
3,21.2,53.1,136.0,572.6,441.4,713.8,667.8,592.6,2.0,9184,1,4.0,1
3,23.6,49.4,141.0,545.7,467.2,699.7,635.1,558.5,2.0,7058,1,4.0,1
3,21.1,52.9,124.8,575.0,466.2,712.2,670.7,580.6,2.0,9184,3,4.0,1
3,21.3,52.9,33.6,581.6,468.4,718.5,660.3,591.8,2.0,9184,1,5.0,1
3,21.4,52.6,133.0,566.7,458.1,710.8,666.6,581.3,2.0,9184,2,1.0,1
3,21.7,51.2,114.8,596.7,471.6,732.5,687.4,608.2,1.0,5693,1,4.0,1
2,18.7,50.9,84.5,568.9,510.0,746.5,707.7,635.0,0.0,2847,2,3.0,1
3,22.8,49.6,138.5,569.8,460.8,708.8,663.7,587.2,2.0,9184,4,4.0,1
4,21.5,52.1,131.3,573.0,410.1,712.9,665.6,583.5,1.0,1826,3,4.0,1
3,22.7,50.0,127.6,564.1,454.4,705.6142857142856,661.5,589.1,2.0,9184,5,3.0,2
3,29.6,49.6,134.1,570.8,445.6,713.0,660.5,601.3,2.0,9184,4,4.0,1
3,22.6,50.5,132.9,577.1,457.7,710.1,657.9,590.9,2.0,9184,6,4.0,1
1,17.9,43.6,62.5,616.3,566.6,781.7,755.3,693.4,0.0,2105,5,4.0,1
4,21.1,54.0,118.5,558.2,428.4,710.9,665.7,594.9,2.0,9385,6,5.0,1
1,18.3,55.9,100.6,606.9,500.1,739.9,698.8,632.0,1.0,1482,4,4.0,2
3,21.6,53.6,137.1,576.9,459.2,706.9,670.7,606.6,2.0,9184,5,5.0,1
3,21.6,53.7,133.5,569.5,461.3,712.4,663.5,597.1,1.0,9184,1,5.0,1
2,23.5,46.0,115.1,599.1,457.6,747.6,698.4,633.0,1.0,9127,4,4.0,1
4,20.6,53.4,102.7,555.0,463.5,743.2,656.2,604.4,1.0,4703,4,5.0,1
1,19.0,55.8,118.7,602.4,499.4,736.1999999999999,705.8,612.7,1.0,5693,1,1.0,2
2,19.1,52.1,103.2,561.6,511.2,743.9,704.5,638.0,1.0,2847,1,1.0,3
2,23.2,51.6,115.1,549.9,480.5,710.9857142857143,663.1,593.0,2.0,7058,2,4.0,3
2,22.8,52.5,155.4,546.4,446.8,706.5,665.3,592.9,1.0,9385,6,2.0,1
3,23.5,49.8,139.2,569.5,392.6,690.3,631.9,564.4,2.0,9184,5,3.0,1
3,23.2,50.3,135.3,572.0,401.3,696.2,638.3,553.5,2.0,9184,6,5.0,1
3,23.1,50.6,130.6,571.7,402.6,686.8,633.6,567.3,2.0,9184,2,5.0,1
3,23.1,50.8,141.2,574.6,405.2,683.0,646.8,569.6,2.0,9184,6,4.0,1
3,22.8,51.5,136.7,571.4,415.4,697.5,639.3,560.9,2.0,9184,5,3.0,1
3,23.9,48.9,137.0,570.6,416.8,692.6,645.1,563.5,2.0,9184,6,2.0,1
3,23.6,49.5,210.7,571.3,417.7,703.3,644.1,575.3,2.0,9184,1,4.0,1
3,23.0,51.1,184.6,575.8,416.5,689.3,647.3,574.6,2.0,9184,5,4.0,2
3,22.0,53.9,230.8,570.4,416.0,689.1,648.2,560.7,2.0,9184,3,5.0,3
3,22.2,53.8,140.5,571.0,404.7,692.9142857142857,641.9,562.4,2.0,9184,5,3.0,1
3,22.1,54.0,133.1,570.2,429.8,689.5,633.2,549.7,2.0,9184,6,4.0,1
3,22.2,53.9,134.0,571.3,430.7,694.8,649.1,554.8,2.0,9184,1,4.0,1
3,22.3,53.7,136.2,570.3,415.0,692.3,642.5,562.9,2.0,9184,3,3.0,1
3,23.3,49.7,126.1,548.0,385.1,623.4,557.8,477.4,4.0,7058,1,3.0,1
3,22.4,53.4,137.2,572.1,432.1,695.7,639.4,567.0,2.0,9184,4,2.0,1
3,22.6,53.3,137.8,573.2,425.3,696.2428571428571,896.4,563.7,2.0,9184,5,4.0,1
4,22.0,54.6,137.2,562.1,418.2,694.7,636.9,556.9,2.0,1903,6,5.0,1
3,24.4,49.3,142.2,572.2,434.2,698.8,642.6,567.9,2.0,9184,3,4.0,1
3,23.8,50.4,141.8,567.2,424.7,694.7,631.0,564.7,2.0,9184,2,5.0,1
3,23.8,50.3,142.2,569.3,426.5,690.7,841.6,560.6,2.0,9184,5,5.0,1
3,23.6,50.6,135.2,567.7,430.2,693.3,636.6,566.4,2.0,9184,4,3.0,1
4,23.2,52.6,119.0,554.1,471.6,699.5,662.7,587.1,1.0,3592,2,5.0,1
3,23.7,50.0,141.0,566.0,437.0,692.9,645.9,566.0,2.0,9184,1,4.0,1
3,23.9,49.6,138.9,569.8,441.1,697.3,634.3,575.4,2.0,9184,6,5.0,2
3,23.8,49.4,139.3,570.4,432.9,698.1,651.8,572.6,2.0,9184,4,5.0,1
3,24.2,48.3,135.9,571.9,455.7,696.4,650.5,572.9,2.0,9184,1,1.0,1
2,19.5,53.3,95.4,571.2,410.0,719.4,664.5,571.5,1.0,6528,2,5.0,1
3,23.8,49.1,132.4,572.8,438.4,701.3000000000001,643.0,574.2,2.0,9184,6,3.0,1
4,21.3,53.0,99.7,544.6,488.9,727.7,657.6,587.4,1.0,4703,5,5.0,1
3,23.4,49.9,138.0,570.3,449.1,705.6,646.2,586.3,2.0,9184,1,4.0,1
4,29.650000000000002,50.0,141.2,575.1,436.4,693.2,657.9,580.6,2.0,9184,2,5.0,1
4,22.5,51.7,139.9,569.3,450.8,702.4,651.1,576.9,2.0,9184,1,4.0,1
4,22.5,51.8,142.3,570.6,448.3,703.6,646.6,575.7,2.0,9184,2,4.0,1
4,22.4,52.2,139.9,566.6,441.2,702.9,652.2,583.4,2.0,9184,2,5.0,1
4,22.5,51.9,139.4,574.5,440.8,702.9,654.8,580.7,2.0,9184,1,5.0,1
4,22.1,52.6,138.3,568.5,438.1,710.5,649.4,571.2,2.0,9184,5,3.0,1
4,22.0,52.7,145.5,565.1,421.5,691.8,644.8,576.2,2.0,9184,1,4.0,1
4,21.8,53.3,141.0,573.3,445.7,700.0,662.4,583.5,2.0,9184,2,4.0,1
2,19.7,48.6,82.7,618.6,527.6,759.9,722.6,663.7,0.0,1482,6,5.0,2
4,21.4,54.0,142.5,570.1,439.4,698.8,651.3,572.5,2.0,9184,4,2.0,1
4,21.4,54.0,144.0,570.1,447.2,704.1,658.4,578.2,2.0,9184,6,3.0,1
4,21.5,53.6,142.9,567.2,452.7,700.3,646.4,587.7,2.0,9184,5,5.0,1
4,21.2,54.3,149.0,570.1,440.6,703.9857142857143,649.6,582.1,2.0,9184,2,4.0,1
4,21.3,54.1,142.6,568.0,435.0,703.1,658.4,579.5,2.0,9184,2,4.0,2
3,24.0,47.0,105.7,601.3,477.6,717.5,688.2,598.2,1.0,9127,4,4.0,2
4,21.2,54.4,145.3,569.4,437.9,702.9285714285716,653.8,576.9,2.0,9184,6,2.0,1
3,23.5,43.4,117.0,582.5,415.7,724.9,689.6,615.7,2.0,3418,5,2.0,2
4,19.9,52.2,210.7,551.3,497.1,739.4,702.1,626.6,1.0,9241,2,3.0,1
4,21.0,56.3,116.5,599.3,416.0,725.1,660.2,603.6,3.0,7241,4,3.0,1
4,19.3,51.4,118.4,590.0,462.4,745.7,707.1,642.7,1.0,9658,6,3.0,2
4,21.0,54.8,149.0,569.4,433.7,698.3,566.8,584.0,2.0,9184,3,4.0,1
4,20.9,54.8,149.7,566.2,444.0,703.0,659.0,578.1,2.0,9184,5,2.0,2
4,20.9,54.9,144.7,565.9,443.0,704.2142857142857,657.2,588.8,2.0,9184,5,5.0,1
4,21.5,54.2,150.6,559.3,334.8,670.4571428571429,602.1,539.0,2.0,3074,4,5.0,1
2,29.460000000000004,45.9,144.2,580.1,419.5,731.3,699.8,622.8,2.0,5820,4,2.0,1
4,19.8,56.0,146.7,559.1,411.7,712.7,680.2,588.8,2.0,8649,4,5.0,1
1,16.6,49.7,115.3,582.5,491.8,747.9,700.1,656.6,1.0,8052,6,4.0,2
4,20.8,54.7,143.9,566.1,448.5,707.3,650.1,599.0,2.0,9184,2,3.0,1
1,19.1,56.3,110.8,598.0,484.4,728.6,532.4,599.6,1.0,3856,4,2.0,1
4,20.8,54.6,145.5,568.5,454.2,704.8142857142857,655.7,584.5,2.0,9184,1,2.0,1
4,20.6,55.1,147.1,574.2,446.9,706.0,657.1,577.8,2.0,9184,2,4.0,1
1,20.0,58.9,128.9,556.9,485.5,728.2,682.4,620.4,1.0,8936,1,4.0,2
1,17.2,53.0,122.8,581.3,488.6,732.8,686.4,618.1,2.0,9184,3,5.0,1
4,22.2,50.1,127.9,573.3,370.4,688.7,643.9,563.7,2.0,7395,4,3.0,1
4,20.4,55.1,138.4,566.1,446.6,711.1,654.7,589.7,1.0,4507,4,5.0,1
2,23.4,47.5,104.3,585.2,490.9,729.4,697.2,624.4,1.0,1826,2,5.0,3
2,19.8,46.7,101.5,603.1,485.0,749.9,690.3,639.3,0.0,5820,5,4.0,1
3,7.5,53.1,118.6,547.9,488.7,711.6,650.3,580.2,1.0,8936,5,1.0,1
4,20.3,55.3,143.5,566.8,452.3,706.8,661.1,584.2,2.0,4507,1,4.0,1
2,18.6,51.0,123.6,581.2,489.5,740.8,676.7,613.0,2.0,9184,6,5.0,2
4,20.8,57.2,127.8,557.9,449.2,705.9,636.6,587.2,1.0,4761,1,5.0,1
3,23.0,50.7,110.7,569.0,447.7,726.5,676.8,609.4,1.0,6528,3,1.0,1
4,20.1,55.4,135.1,567.9,458.9,702.7,665.1,593.3,1.0,4507,4,5.0,1
4,19.9,55.8,205.1,572.9,451.5,707.8,663.5,580.7,1.0,4507,5,4.0,1
4,20.0,55.6,137.7,579.0,459.9,699.4,660.0,592.4,1.0,4507,4,4.0,1
4,21.9,52.9,125.1,549.0,452.7,691.4,648.1,584.6,3.0,9385,3,3.0,1
2,24.5,44.6,98.2,602.9,478.4,738.9,702.8,640.1,1.0,9127,6,2.0,2
4,19.9,55.6,141.6,571.7,447.6,708.8,667.6,605.3,1.0,4507,1,3.0,1
4,19.8,55.9,146.4,571.4,449.4,707.4142857142858,662.9,587.6,2.0,4507,3,2.0,1
4,19.7,55.9,141.3,565.4,463.1,707.0,672.5,581.8,1.0,4507,3,5.0,1
4,29.28,55.8,136.4,569.1,452.8,717.5,670.1,603.2,1.0,4507,3,4.0,1
4,29.28,55.8,136.1,570.3,465.7,714.4,677.3,600.0,1.0,4507,4,4.0,1
3,21.9,50.3,105.2,578.1,482.9,736.9285714285714,699.8,630.1,2.0,6528,2,4.0,2
4,19.6,55.8,132.5,572.5,467.9,725.0,670.0,586.7,1.0,4507,3,3.0,1
4,19.9,55.0,139.6,577.2,460.9,720.0,671.4,599.3,1.0,4507,6,5.0,1
1,19.7,55.4,146.2,570.8,454.8,716.3,670.5,594.3,1.0,4507,4,5.0,1
1,19.8,55.1,140.8,566.1,478.2,723.2857142857141,681.3,607.1,1.0,4507,6,3.0,1
1,19.8,55.0,138.5,578.0,469.4,724.4,674.2,608.7,1.0,4507,5,4.0,3
1,19.6,55.2,139.9,579.3,477.0,721.0,682.7,607.6,1.0,4507,5,2.0,2
1,19.6,55.5,142.8,571.8,475.2,726.8,673.8,595.7,1.0,4507,1,3.0,1
1,19.4,55.8,141.4,571.3,464.1,724.7,686.8,604.4,1.0,4507,3,4.0,2
1,12.7,56.0,142.6,568.7,464.1,719.6,671.9,612.5,1.0,4507,2,5.0,2
3,21.6,54.8,115.1,597.6,433.9,723.1,679.7,611.5,3.0,7241,3,4.0,2
2,20.6,44.7,93.9,607.7,508.6,765.8,725.3,663.0,1.0,2105,1,4.0,1
1,19.2,56.3,140.4,572.3,464.6,724.8,679.8,607.1,1.0,4507,3,3.0,1
1,19.1,56.4,136.3,576.7,462.6,721.9,669.3,605.8,1.0,4507,5,5.0,2
1,17.3,40.4,63.8,630.6,592.3,791.9571428571427,760.4,712.9,0.0,8374,5,3.0,2
1,12.6,56.0,138.3,567.1,465.8,723.0,670.3,605.8,1.0,4507,4,5.0,2
1,18.8,56.8,140.2,571.6,482.8,732.4,673.3,615.4,1.0,4507,5,5.0,1
1,19.0,56.5,145.7,569.6,480.1,722.8,796.8,615.3,1.0,4507,5,2.0,2
1,19.1,56.4,145.4,576.9,471.6,723.0714285714286,679.7,605.4,1.0,4507,2,4.0,2
1,19.1,56.3,3.5,573.9,468.6,725.1,679.7,610.2,1.0,4507,4,5.0,3
1,19.0,56.3,137.9,572.7,484.2,719.9,674.9,610.3,1.0,4507,4,4.0,1
1,19.0,56.4,138.3,568.5,481.7,728.3,673.3,612.8,1.0,4507,4,5.0,1
2,22.4,53.9,110.3,547.5,469.3,711.3,662.1,606.9,1.0,1458,1,4.0,1
1,30.130000000000003,56.7,143.9,575.5,477.8,729.9,673.8,617.9,1.0,4507,1,5.0,1
1,18.8,56.7,147.5,580.9,483.9,727.6,675.1,619.4,1.0,4507,5,3.0,3
1,18.9,56.5,141.0,579.1,481.7,721.3,674.1,607.0,1.0,4507,5,4.0,3
1,18.8,51.1,114.9,603.1,459.7,745.9,704.9,632.0,1.0,2105,4,2.0,2
3,23.4,52.4,153.4,547.1,448.4,710.5285714285714,662.9,590.8,1.0,9385,2,4.0,1
1,29.189999999999998,55.6,130.7,582.6,484.1,729.3,679.4,612.8,1.0,4507,5,5.0,2
1,18.4,53.5,101.3,565.4,482.2,723.9,673.7,601.4,2.0,2847,4,2.0,2
1,18.6,55.1,125.4,582.0,491.8,746.3,681.4,618.8,1.0,4507,5,4.0,1
1,19.5,55.0,116.8,571.4,477.8,722.5,667.0,608.8,1.0,1903,3,4.0,3
3,30.22,53.2,137.4,562.4,357.9,686.9,631.8,559.6,2.0,8649,6,5.0,1
4,20.8,53.8,97.4,547.8,480.1,727.1,666.7,585.9,1.0,4703,5,5.0,3
1,18.4,51.6,83.6,598.1,550.6,757.4,721.7,665.2,1.0,4507,6,5.0,2
3,23.2,46.7,118.3,587.4,433.5,722.0,682.4,607.0,2.0,9658,5,3.0,2
2,22.4,52.0,111.0,546.2,464.2,693.3,621.9,558.5,4.0,6817,6,3.0,1
1,18.4,51.2,73.2,595.6,565.5,767.1,724.5,666.7,1.0,4507,6,5.0,1
1,18.3,51.6,79.2,606.4,563.2,768.5571428571428,738.7,663.3,0.0,4507,5,5.0,3
1,18.1,52.9,79.9,599.9,562.7,757.7,726.6,659.0,0.0,4507,2,5.0,2
1,18.3,52.6,77.1,595.8,541.6,762.7,719.9,667.9,0.0,4507,6,4.0,2
3,23.1,43.4,105.5,595.0,434.4,739.9,690.1,624.4,2.0,3418,3,2.0,2
1,20.2,49.5,83.7,593.6,513.5,746.8999999999999,713.9,645.7,0.0,4507,3,5.0,3
1,19.0,51.8,79.8,594.9,533.9,765.1,721.5,655.5,0.0,4507,3,4.0,2
1,18.7,52.9,84.1,593.2,522.5,741.6,715.8,648.9,0.0,4507,5,5.0,1
1,18.1,54.8,103.3,595.3,509.3,751.1,707.8,651.7,1.0,9658,3,5.0,3
1,19.0,52.6,87.6,590.6,509.5,750.6,701.6,628.7,0.0,4507,6,1.0,1
1,9.9,52.8,209.6,595.4,506.8,742.5,721.6,633.4,0.0,4507,6,4.0,1
1,19.0,53.0,95.6,587.4,502.6,744.5,707.1,644.9,0.0,4507,1,2.0,2
1,19.1,52.9,211.9,594.8,489.7,740.3,700.4,634.7,0.0,4507,1,5.0,3
1,19.1,53.1,2.6,589.6,490.6,750.5714285714286,709.0,644.7,0.0,4507,3,4.0,2
1,19.1,53.1,110.3,582.4,499.6,743.1,714.7,623.5,0.0,4507,1,2.0,2
3,29.560000000000002,48.0,114.2,591.7,493.8,732.2,680.7,599.8,1.0,4129,2,4.0,1
3,21.4,44.7,105.0,590.5,478.0,721.6,838.1,622.9,1.0,8052,2,4.0,2
2,18.8,54.5,101.3,584.0,513.5,753.8,698.4,634.8,0.0,4507,1,4.0,2
2,19.1,53.6,103.5,589.0,505.2,745.1,698.0,634.3,0.0,4507,4,5.0,2
1,18.2,39.8,71.7,625.1,551.1,798.3,762.3,708.3,1.0,8374,1,5.0,1
1,18.8,53.1,15.1,594.6,441.6,742.1,698.2,633.2,1.0,6847,4,4.0,3
2,18.9,54.8,121.5,581.6,488.5,736.3,694.4,616.9,1.0,4507,3,4.0,1
2,18.8,55.0,120.9,578.9,484.8,737.7,686.1,628.5,1.0,4507,4,2.0,1
2,18.9,54.6,115.0,579.5,462.5,739.6,686.2,622.3,1.0,4507,3,4.0,1
2,21.0,44.4,109.4,586.1,478.5,730.4,675.3,616.8,2.0,2679,4,4.0,1
4,19.4,50.0,111.0,603.1,441.4,729.4428571428571,479.1,616.7,1.0,2105,6,4.0,3
4,19.7,55.5,139.4,573.8,459.3,721.0,659.6,603.8,1.0,4507,5,4.0,1
2,20.2,51.5,183.1,583.5,466.7,731.8,690.6,627.1,1.0,4507,3,4.0,3
2,20.3,51.8,112.8,581.6,467.5,740.6,688.3,621.9,1.0,4507,5,3.0,1
4,19.8,55.1,125.6,540.4,467.2,684.7,626.5,557.9,3.0,7058,1,5.0,1
2,21.4,49.7,108.2,582.8,488.0,735.6,690.9,631.4,1.0,4507,3,4.0,1
1,17.6,55.1,130.8,585.9,496.5,729.9,682.3,599.4,1.0,7963,3,4.0,2
2,21.5,50.3,114.4,587.1,475.0,728.6,687.7,626.8,1.0,4507,4,5.0,1
2,29.49,49.7,102.5,577.8,469.2,727.0,683.0,617.3,1.0,4507,6,4.0,3
2,21.7,50.2,113.6,584.1,455.2,718.8,672.6,603.6,1.0,4507,4,4.0,2
4,22.3,54.2,127.3,555.4,453.6,702.1,665.7,590.7,2.0,3592,1,5.0,1
2,19.5,53.1,88.3,579.5,457.6,729.9,675.4,608.6,1.0,6528,3,4.0,3
2,22.0,52.5,223.2,570.3,474.9,719.1,677.7,601.4,1.0,1903,3,3.0,3
2,21.9,50.1,121.3,578.8,433.7,719.8,666.0,593.6,1.0,4507,3,4.0,1
2,22.0,50.0,115.1,576.7,432.1,718.3,676.8,597.0,1.0,4507,5,5.0,1
1,19.6,57.1,118.0,600.5,463.1,733.1,681.9,611.4,2.0,7241,2,4.0,3
2,11.2,48.4,116.4,575.8,444.9,725.5285714285714,680.0,610.9,2.0,4507,3,5.0,2
2,23.3,47.0,108.4,580.3,447.8,711.4,674.2,606.4,1.0,4507,4,1.0,1
2,23.3,47.0,111.3,577.0,451.2,720.0142857142857,674.9,607.8,1.0,4507,5,4.0,3
3,20.8,49.7,26.2,590.8,405.6,731.4,681.3,605.4,2.0,9658,2,5.0,2
2,23.5,46.7,111.8,577.0,443.4,728.1,681.8,616.8,1.0,4507,6,1.0,2
2,22.6,49.2,120.4,583.2,450.6,720.6,689.3,608.0,2.0,4507,5,4.0,3
1,20.5,50.1,99.5,579.6,454.4,717.0,664.9,595.9,1.0,6528,2,4.0,2
2,22.8,48.6,104.2,578.3,458.7,722.7,683.8,599.5,1.0,4507,5,2.0,1
2,19.3,50.0,83.2,619.3,565.3,768.0,718.3,651.1,0.0,7241,3,2.0,1
1,19.9,52.3,94.4,578.4,428.2,712.5,656.5,592.3,1.0,6528,6,4.0,1
2,33.1,48.3,114.0,580.6,454.1,717.2714285714285,685.8,597.4,1.0,4507,1,4.0,1
2,23.1,48.3,114.7,579.8,452.8,724.0,676.6,624.1,1.0,4507,3,4.0,2
2,20.0,56.4,97.2,565.2,501.7,727.8,698.2,626.9,1.0,3592,2,4.0,3
2,23.3,47.9,118.7,575.6,460.5,720.0,671.5,607.2,1.0,4507,6,4.0,2
2,20.4,51.4,83.1,559.5,525.8,750.3285714285713,702.1,641.8,0.0,3592,4,4.0,1
2,28.5,46.8,114.9,583.3,456.2,716.5,678.7,611.3,1.0,4507,4,5.0,3
3,21.3,45.8,115.9,587.2,451.3,718.2,678.8,602.1,2.0,2679,5,4.0,3
2,17.2,42.2,59.4,630.0,596.8,800.1,762.6,718.8,0.0,8374,1,5.0,1
2,24.0,46.9,119.1,578.6,463.2,721.6,678.4,613.1,1.0,4507,1,4.0,1
2,23.4,48.3,214.3,585.6,458.6,726.7,680.5,613.5,1.0,4507,6,5.0,2
1,29.080000000000002,41.8,84.8,598.4,526.5,768.8,728.6,665.9,1.0,8052,3,2.0,2
2,23.5,48.0,110.2,578.5,468.6,728.0,667.9,612.7,1.0,4507,5,4.0,2
2,23.7,47.8,120.9,582.1,457.2,728.4,680.4,617.6,1.0,4507,5,5.0,2
2,23.6,48.1,111.0,583.0,452.5,733.3,689.7,615.7,1.0,4507,2,5.0,3
4,29.39,55.2,140.3,564.1,354.7,678.8,631.4,547.9,2.0,3074,2,5.0,1
3,25.4,49.1,113.6,548.2,469.5,664.1,579.6,528.6,2.0,6817,6,4.0,1
2,22.7,51.4,114.4,559.9,499.7,711.4,639.5,578.1,2.0,4761,2,3.0,2
4,22.8,52.1,144.0,559.3,339.4,668.9,603.1,525.8,2.0,3074,1,5.0,1
2,21.4,46.0,114.9,594.5,443.3,732.2,695.2,612.7,1.0,1374,4,4.0,2
2,24.3,47.0,113.6,575.7,452.6,721.7,806.1,621.4,3.0,4507,4,1.0,1
3,29.78,45.8,101.0,600.3,457.6,720.8,667.3,590.2,1.0,9127,2,2.0,2
3,24.6,46.3,109.3,586.3,468.5,730.4,496.9,614.9,1.0,4507,1,4.0,1
3,24.8,46.1,112.5,579.2,458.2,726.1,685.3,611.4,1.0,4507,4,5.0,2
3,24.9,46.0,111.0,573.0,457.6,728.3,895.6,615.8,1.0,4507,4,2.0,1
4,20.2,54.5,128.5,547.4,445.2,685.8,629.3,549.9,3.0,7058,4,5.0,1
3,24.2,47.6,108.2,578.2,454.3,724.9,672.9,618.6,1.0,4507,4,3.0,1
4,18.8,50.4,109.5,587.3,390.6,728.7714285714285,656.5,560.7,1.0,3418,5,3.0,1
3,24.3,47.3,113.1,582.5,465.9,726.3571428571429,692.6,610.0,1.0,4507,1,5.0,2
4,20.0,53.0,120.7,577.9,406.7,714.3,665.4,592.1,2.0,5172,2,3.0,1
3,24.3,47.6,109.8,578.5,452.8,725.6,690.8,607.2,1.0,4507,6,4.0,2
3,24.6,47.2,112.5,578.2,451.0,728.4,670.6,606.5,1.0,4507,5,4.0,2
3,24.7,47.1,116.7,580.3,459.1,722.2,683.6,609.7,1.0,4507,5,5.0,1
1,29.05,50.6,119.2,583.5,493.9,744.1999999999999,810.9,632.0,1.0,2679,6,2.0,1
3,23.7,50.6,135.2,564.9,391.5,689.2571428571429,651.2,552.4,2.0,5172,3,5.0,1
3,25.4,45.8,119.2,579.3,437.1,724.6,681.9,620.9,2.0,4507,6,3.0,2
3,25.0,47.1,117.3,575.6,457.1,724.5857142857143,676.0,615.4,1.0,4507,2,5.0,2
3,25.1,47.8,126.9,574.5,440.5,710.5,670.9,595.0,1.0,4507,2,1.0,1
3,25.1,47.2,126.9,571.9,440.8,714.3,664.3,600.0,1.0,4507,6,2.0,1
4,20.4,53.0,125.5,574.9,405.4,691.8,659.5,578.3,2.0,7395,6,5.0,1
1,19.1,56.0,104.9,552.9,497.9,706.1,664.1,600.6,2.0,7058,5,4.0,1
3,24.6,48.4,123.9,576.2,451.8,718.7,888.2,593.6,1.0,4507,5,1.0,1
3,24.6,48.2,121.8,578.0,455.6,717.2,671.2,600.4,1.0,4507,6,2.0,1
3,24.8,47.8,179.9,575.4,448.0,715.9285714285714,662.1,596.8,1.0,4507,1,4.0,1
3,25.2,46.9,121.2,576.4,453.8,713.3,676.7,604.0,1.0,4507,3,4.0,2
3,25.3,46.5,120.1,579.9,452.1,715.4,664.4,604.3,1.0,4507,3,3.0,1
4,22.2,51.7,121.3,574.9,442.7,709.0,663.2,590.9,1.0,4507,2,4.0,1
1,9.1,55.9,127.8,603.4,507.0,744.3,701.3,612.9,1.0,5693,4,1.0,3
1,20.1,55.7,141.2,560.1,384.6,691.6,645.0,564.6,2.0,6528,2,5.0,1
3,24.8,47.9,121.1,573.5,453.0,721.3,672.4,605.4,1.0,4507,3,5.0,1
3,21.4,50.1,169.6,566.7,482.0,712.6,658.0,579.7,3.0,2679,3,5.0,1
3,29.8,48.0,118.7,572.1,455.1,714.1,682.9,601.4,1.0,4507,1,5.0,1
3,23.6,52.8,108.9,555.4,455.1,698.4,652.7,576.7,2.0,5214,4,5.0,2
3,24.8,47.9,120.5,578.4,440.3,714.8,676.2,609.5,1.0,4507,4,5.0,1
4,20.2,55.4,194.3,575.8,459.6,709.0,667.8,576.8,1.0,4507,4,4.0,1
4,20.2,50.8,122.3,588.0,431.1,738.0,693.4,615.5,2.0,9658,2,3.0,1
3,25.6,46.8,117.7,577.2,462.6,713.5,681.0,596.3,1.0,4507,6,4.0,1
3,25.0,48.2,117.5,578.5,453.9,718.7,664.2,581.6,1.0,4507,4,4.0,1
3,24.8,48.5,123.2,578.4,457.0,710.4,663.2,586.2,1.0,4507,4,5.0,1
4,20.2,58.8,128.4,549.3,489.4,721.3,687.5,610.6,1.0,8936,6,5.0,1
3,29.760000000000005,49.3,120.7,576.4,438.6,707.1,668.0,595.0,1.0,4507,3,2.0,1
4,18.2,54.1,135.4,577.1,481.8,724.7,471.7,607.0,1.0,7963,4,5.0,2
2,16.7,45.8,62.2,612.1,620.4,788.0142857142857,757.7,701.8,0.0,3418,4,4.0,1
3,25.7,46.4,115.5,572.8,455.5,713.8714285714286,659.7,587.5,1.0,4507,4,4.0,1
4,19.1,50.1,111.6,587.7,384.4,724.9,559.3,541.9,1.0,3418,4,3.0,1
3,24.4,48.9,114.3,575.3,441.2,700.7,657.5,593.4,1.0,4507,3,5.0,1
3,24.2,49.3,118.1,573.1,437.6,710.0,656.6,597.7,1.0,4507,6,4.0,1
3,24.4,48.7,115.3,571.8,443.5,705.9,664.2,589.0,1.0,4507,1,5.0,1
3,24.2,49.0,123.8,573.8,429.6,712.6,654.6,583.7,1.0,4507,4,4.0,1
4,19.8,53.9,104.3,602.0,462.7,737.8,685.2,611.8,1.0,9127,3,5.0,2
3,24.0,49.4,119.5,579.3,445.9,704.2,658.0,588.9,1.0,4507,5,1.0,1
3,25.2,47.4,116.9,573.0,442.8,708.4,663.5,591.1,1.0,4507,1,5.0,1
2,19.2,51.9,116.3,553.4,474.5,682.7,605.8,550.5,2.0,7058,2,5.0,1
3,23.0,50.7,118.9,577.5,431.8,711.2,672.2,592.1,1.0,4507,1,3.0,1
3,29.74,44.1,106.5,594.0,301.2,721.9,657.6,560.5,3.0,8374,3,2.0,1
1,13.3,58.4,182.1,547.0,486.2,723.6,690.1,611.2,1.0,8936,1,3.0,3
4,23.3,49.8,120.7,579.0,421.4,706.2,651.7,595.0,1.0,4507,3,4.0,1
3,25.0,47.4,116.8,576.5,455.9,716.6,671.0,600.4,1.0,4507,1,4.0,1
4,23.0,50.2,7.4,574.7,434.4,710.3,672.3,588.8,1.0,4507,6,5.0,1
4,22.8,50.9,119.1,575.8,428.3,706.4,529.6,592.7,1.0,4507,1,3.0,1
3,21.2,52.2,129.7,574.0,461.5,718.6,670.2,609.0,2.0,9184,6,5.0,1
3,29.810000000000002,47.9,141.2,560.5,399.3,669.0,638.9,552.5,2.0,5172,1,5.0,2
4,22.4,51.2,120.1,575.3,441.1,701.5,670.9,590.5,1.0,4507,2,4.0,1
4,19.6,55.5,111.0,596.5,485.2,742.2,695.3,621.2,1.0,5693,1,3.0,3
4,29.54,51.4,119.7,578.1,423.8,709.9,662.4,585.3,1.0,4507,3,5.0,1
4,22.4,51.2,121.7,572.6,429.5,707.7,654.0,599.6,1.0,4507,1,5.0,1
4,22.2,51.6,118.4,574.5,429.4,713.5428571428572,663.0,582.9,1.0,4507,1,5.0,1
4,20.2,54.4,123.8,538.5,450.1,695.4714285714286,632.5,559.1,3.0,7058,6,4.0,2
3,23.6,53.2,114.5,550.6,489.9,715.6,673.5,603.7,1.0,3592,2,5.0,1
1,19.0,52.8,120.4,590.8,450.9,742.5,699.0,629.4,1.0,6847,3,4.0,2
4,21.9,52.3,119.8,574.1,419.6,706.1,661.9,576.0,1.0,4507,5,4.0,2
4,21.7,52.6,125.9,574.9,441.6,707.6,667.4,592.9,1.0,4507,5,1.0,3
4,21.7,52.5,126.2,575.6,431.2,706.4,459.8,583.6,1.0,4507,3,2.0,1
3,23.9,47.7,120.1,591.3,463.0,698.6,878.6,561.1,2.0,9127,1,3.0,1
4,21.4,52.8,129.2,573.8,450.9,718.0,682.1,597.6,1.0,4507,5,2.0,1
4,18.4,52.2,113.9,590.5,491.9,759.6,709.3,653.6,1.0,1374,4,5.0,1
3,24.7,52.9,119.5,547.5,443.8,703.9,653.0,593.9,2.0,8936,1,2.0,1
4,20.0,52.5,132.6,588.2,417.2,714.8,683.3,593.4,1.0,6847,5,4.0,2
4,29.42,53.3,127.7,577.0,442.3,720.3,678.1,613.8,1.0,4507,1,5.0,2
4,21.1,53.1,126.4,576.2,474.4,717.5,673.4,597.4,1.0,4507,5,4.0,2
4,21.0,53.2,124.5,575.0,456.9,718.6,679.8,603.8,1.0,4507,4,5.0,3
2,18.7,52.5,234.5,599.5,468.5,746.5,695.7,610.7,1.0,4129,6,4.0,3
4,21.0,52.9,125.7,576.2,452.6,724.1,679.7,611.0,1.0,4507,5,3.0,2
1,16.8,47.4,2.5,613.9,600.2,793.2,756.5,716.4,0.0,3418,3,1.0,2
4,23.1,48.7,125.1,578.9,419.4,724.0,673.1,603.3,2.0,1826,4,2.0,1
4,20.8,53.2,120.1,575.3,478.8,727.8,685.2,615.7,1.0,4507,2,3.0,1
4,18.7,51.8,127.6,591.3,483.3,739.6,678.0,613.8,1.0,1374,3,1.0,2
4,20.7,53.2,124.1,575.6,482.0,725.7,685.4,626.1,1.0,4507,4,4.0,2
3,23.4,44.4,218.5,592.9,470.8,746.5571428571428,697.7,637.5,1.0,2105,1,4.0,3
2,21.5,44.8,114.4,590.3,439.3,733.8,684.7,628.9,1.0,1374,1,3.0,1
1,19.5,55.1,120.4,567.6,479.0,716.7,674.2,603.2,1.0,1903,6,4.0,2
1,20.1,53.5,103.5,555.1,483.8,733.9,677.1,600.6,1.0,4703,3,4.0,1
4,29.5,53.6,129.1,577.8,491.6,727.7,689.1,621.5,1.0,4507,5,4.0,2
4,20.2,54.0,121.7,574.1,483.5,731.0,701.1,631.6,1.0,1826,4,4.0,1
4,20.1,54.0,116.5,578.0,509.1,735.7,688.6,616.6,1.0,1826,6,4.0,1
4,20.2,53.7,117.2,577.1,481.7,740.3,692.3,630.9,1.0,1826,2,5.0,1
4,20.1,53.8,115.4,579.8,488.4,731.2285714285714,684.6,627.5,1.0,1826,5,5.0,2
4,20.1,53.7,125.8,578.8,493.2,737.4,699.0,630.4,1.0,1826,5,5.0,3
4,20.2,53.4,122.0,575.0,486.5,734.8,695.0,641.7,1.0,1826,5,4.0,2
2,23.4,49.9,126.3,568.7,412.1,703.3,642.9,577.3,2.0,3074,6,5.0,1
4,20.0,53.7,122.9,577.7,486.9,728.1,515.8,635.5,1.0,1826,4,1.0,2
4,19.9,53.9,120.0,581.4,482.2,727.1,700.6,635.5,1.0,1826,5,5.0,2
1,19.7,54.3,122.1,587.1,501.2,732.9,693.7,625.0,1.0,1826,6,4.0,2
1,19.6,54.5,118.4,578.4,508.1,737.6,697.2,631.5,1.0,1826,3,3.0,1
1,19.7,54.4,114.0,581.3,497.6,740.8142857142857,692.9,637.0,1.0,1826,5,4.0,2
2,17.2,47.1,72.5,617.9,541.4,785.0,820.8,670.9,0.0,2105,6,4.0,2
1,19.8,54.0,121.3,572.6,501.3,740.0,682.9,626.0,1.0,1826,5,2.0,2
1,19.7,54.1,118.3,579.0,494.7,732.0,694.6,633.2,1.0,1826,6,3.0,3
1,19.7,54.2,121.4,573.3,504.0,738.5,700.5,628.4,1.0,1826,2,3.0,1
1,19.3,54.8,118.2,575.8,499.4,743.6,698.7,631.4,1.0,1826,6,5.0,3
2,21.3,46.3,88.6,588.0,531.5,756.5857142857143,716.9,651.0,0.0,1826,5,4.0,2
1,29.28,54.0,119.5,569.2,502.7,748.2,692.4,632.1,1.0,1826,4,5.0,2
1,18.4,54.1,126.2,592.0,449.9,755.1,699.7,632.5,1.0,4129,6,3.0,2
1,18.0,45.0,78.1,597.3,460.4,767.2,723.7,666.3,1.0,6431,3,1.0,2
1,19.4,54.5,126.7,577.4,502.2,732.0,695.7,631.0,1.0,1826,4,4.0,1
2,18.7,57.3,105.9,557.3,489.4,735.8,706.2,635.6,1.0,6817,6,5.0,2
1,19.3,57.3,141.6,556.8,402.5,695.3,662.7,568.9,2.0,6528,6,5.0,1
1,19.3,54.4,126.4,580.5,498.0,733.3,705.4,648.1,1.0,1826,2,4.0,2
1,29.24,54.6,116.8,573.8,513.9,741.8,699.1,651.3,1.0,1826,6,5.0,2
4,19.7,57.3,110.1,595.6,458.6,739.8,670.8,610.8,2.0,7241,6,4.0,2
1,19.9,53.7,122.7,573.1,474.3,737.1,691.9,634.5,1.0,7395,5,4.0,1
4,20.6,57.4,130.7,562.2,470.2,702.9,654.0,581.2,1.0,4761,1,5.0,1
1,19.1,54.7,126.6,579.9,495.5,743.7285714285714,697.4,651.5,1.0,1826,6,4.0,2
4,29.330000000000002,54.0,121.7,574.1,483.5,731.0,701.1,631.6,1.0,1826,4,4.0,1
1,29.1,52.6,125.0,595.9,488.0,747.2,692.7,630.2,1.0,1374,6,4.0,2
1,19.3,52.9,120.9,580.5,494.8,733.1,680.5,614.2,2.0,1826,4,4.0,2
1,19.1,52.8,118.7,573.9,490.6,732.5000000000001,697.5,608.6,1.0,1826,6,4.0,1
1,19.4,53.0,119.9,578.2,412.4,722.8,671.0,603.1,2.0,5172,3,5.0,1
1,29.22,52.6,105.9,576.8,490.2,738.5,684.3,621.7,1.0,1826,5,4.0,1
1,18.9,52.7,109.5,581.4,512.0,735.1,696.1,634.5,1.0,1826,5,2.0,1
3,24.4,53.1,115.1,544.5,468.6,702.6,652.5,585.1,1.0,8936,6,4.0,1
1,18.8,52.3,107.4,583.0,495.1,745.1,693.6,618.9,1.0,1826,2,5.0,2
1,19.3,55.3,116.7,550.6,488.7,701.9,664.1,584.0,2.0,7058,2,4.0,3
1,20.2,58.4,126.2,548.8,490.6,720.9,676.9,621.3,1.0,8936,1,1.0,1
1,18.6,52.5,102.9,586.0,519.1,739.5,701.7,638.3,1.0,1826,6,2.0,2
1,18.8,52.1,105.0,590.9,523.5,744.3,698.6,635.0,1.0,1826,6,5.0,2
1,18.8,52.0,99.5,589.6,517.2,743.9,704.0,643.2,1.0,1826,4,5.0,3
1,18.8,51.9,97.0,584.9,497.0,745.7,698.3,631.3,1.0,1826,4,2.0,2
1,18.9,51.6,103.9,583.8,518.1,740.0,552.9,644.1,1.0,1826,4,3.0,1
1,18.7,52.0,15.2,587.4,520.4,742.9,707.3,647.6,1.0,1826,1,1.0,2
1,18.8,51.5,98.0,590.6,526.3,752.1,704.4,642.2,1.0,1826,6,5.0,1
1,19.5,50.4,99.7,588.9,506.7,746.3,704.2,635.9,1.0,1826,3,5.0,2
1,19.6,51.0,109.9,583.8,463.1,734.8,688.1,627.9,1.0,1826,4,5.0,1
4,21.6,57.5,-0.0,544.6,454.0,706.7,661.2,580.8,1.0,8936,6,4.0,1
4,18.7,53.3,124.0,595.5,503.1,728.3,679.4,580.0,1.0,4129,5,4.0,1
1,19.3,52.6,100.1,583.6,454.5,733.0,681.7,612.5,1.0,1826,6,5.0,3
1,19.3,52.4,106.7,586.5,457.5,730.4142857142858,688.0,613.0,1.0,1826,3,5.0,2
1,19.2,49.8,100.9,586.5,498.3,756.5,708.8,648.7,1.0,1826,2,5.0,1
4,20.3,55.7,131.4,568.0,367.3,685.4571428571428,641.8,550.8,2.0,3074,4,4.0,1
1,19.0,46.4,82.1,594.1,548.2,763.9,746.5,682.7,1.0,1826,6,5.0,2
1,18.9,46.2,90.5,597.3,564.7,762.2,735.0,671.9,1.0,1826,5,4.0,2
1,18.9,45.2,75.5,601.2,564.9,772.9,736.4,673.4,0.0,1826,1,4.0,2
1,18.8,44.4,70.6,604.9,578.4,777.4,740.6,691.8,0.0,1826,6,5.0,1
1,18.8,44.0,74.4,598.8,582.8,776.4,828.1,699.8,0.0,1826,4,1.0,2
1,18.8,43.9,70.4,601.3,591.6,781.4,751.7,695.6,0.0,1826,6,5.0,2
1,29.189999999999998,44.0,70.1,597.7,568.2,782.5,752.7,696.2,0.0,1826,4,5.0,2
2,18.6,44.6,73.2,603.5,580.6,776.4,742.4,692.1,0.0,1826,2,2.0,1
2,18.6,44.8,65.7,610.5,580.0,778.8,749.5,693.9,0.0,1826,3,5.0,1
2,18.5,45.3,68.4,604.8,583.3,771.3,863.8,687.9,0.0,1826,2,4.0,1
2,33.2,46.6,80.3,561.0,479.7,751.342857142857,708.1,654.1,1.0,4703,6,4.0,3
3,29.689999999999998,49.4,112.3,576.1,454.3,719.1,669.1,604.6,1.0,6528,1,5.0,3
1,18.8,53.0,111.0,560.8,468.0,727.0,673.7,607.7,1.0,2847,1,4.0,1
4,12.9,52.7,138.7,582.5,462.0,730.7714285714285,695.6,617.1,1.0,7963,5,5.0,2
2,18.2,46.0,74.6,600.0,591.3,774.5,745.2,672.4,0.0,1826,1,4.0,2
2,21.4,53.3,102.9,572.2,490.3,717.9,683.6,611.8,1.0,1903,6,4.0,2
2,18.0,46.4,71.6,608.6,568.6,773.1,738.4,696.3,0.0,1826,5,5.0,2
2,18.1,46.3,65.3,602.7,571.8,781.0,843.6,696.0,0.0,1826,1,4.0,2
2,18.1,46.0,68.6,602.3,567.8,775.7,747.3,681.2,0.0,1826,6,4.0,1
2,18.1,44.0,66.0,626.0,575.9,789.9,757.5,699.0,0.0,5693,1,4.0,2
2,18.1,46.1,69.2,608.2,578.5,776.4,747.4,679.9,0.0,1826,2,1.0,1
2,18.0,46.4,67.4,601.3,577.9,775.0,743.4,683.4,0.0,1826,4,5.0,1
2,18.0,46.4,63.8,602.3,582.4,776.1,739.7,683.7,0.0,1826,3,2.0,1
1,19.5,50.8,92.7,613.2,493.5,748.7142857142856,716.1,642.9,1.0,3856,5,5.0,2
2,18.0,46.5,70.0,602.3,581.4,770.5,751.8,691.5,0.0,1826,3,4.0,2
2,19.7,44.8,71.1,598.4,538.9,764.0,737.2,655.9,0.0,1826,5,4.0,2
2,23.2,52.9,101.9,555.6,497.9,721.5,663.2,600.3,1.0,3592,2,3.0,1
2,21.2,45.1,89.1,588.6,525.2,753.1,715.7,671.6,0.0,1826,3,4.0,2
2,21.3,45.3,84.1,596.4,525.8,756.6,708.2,657.1,0.0,1826,2,4.0,2
2,21.3,45.9,88.1,593.6,524.2,753.5,717.6,657.0,0.0,1826,5,5.0,1
1,18.9,52.2,70.6,559.9,554.5,756.0857142857143,712.5,662.0,1.0,3592,1,4.0,3
1,10.0,42.2,68.5,614.3,569.9,783.7,749.9,680.8,1.0,8052,4,5.0,1
3,24.0,47.3,130.8,583.0,394.0,719.9,666.4,575.6,1.0,9658,4,4.0,1
2,21.9,46.0,84.3,593.2,507.3,744.6285714285714,699.5,641.1,0.0,1826,5,4.0,2
2,22.2,45.6,92.0,586.0,509.1,741.0,713.4,634.1,1.0,1826,1,5.0,2
2,7.9,45.7,89.4,589.9,507.1,745.7,709.3,644.9,1.0,1826,2,5.0,2
2,22.0,46.4,87.3,585.2,499.3,745.6,704.6,648.7,0.0,1826,1,4.0,3
2,22.0,46.6,91.6,595.0,511.8,744.1,707.2,641.6,0.0,1826,3,4.0,2
4,20.0,54.3,112.3,597.1,476.7,734.4,684.3,619.6,1.0,5693,5,4.0,2
4,29.380000000000003,56.1,108.4,603.1,440.9,732.7,677.2,607.8,3.0,7241,5,5.0,2
2,22.6,46.3,97.1,587.9,504.7,746.4,704.6,642.9,1.0,1826,5,5.0,1
2,22.6,47.1,98.6,586.0,494.4,737.8285714285713,699.5,635.9,1.0,1826,6,5.0,3
2,22.6,47.3,99.2,584.0,498.6,737.1,690.1,648.5,1.0,1826,2,5.0,2
2,22.4,48.0,97.4,587.5,495.0,731.6,700.6,640.0,1.0,1826,1,5.0,2
2,22.5,48.3,101.0,582.2,492.7,741.0,697.8,631.4,1.0,1826,4,5.0,1
2,22.5,48.4,103.1,584.5,498.8,740.8,699.4,631.1,1.0,1826,1,3.0,1
2,23.1,47.4,103.3,584.7,492.6,734.9142857142858,689.4,620.9,1.0,1826,5,4.0,2
2,29.62,47.6,101.6,584.3,482.8,736.7,695.7,630.8,1.0,1826,1,5.0,2
2,23.1,47.6,101.0,581.1,477.7,731.6,693.0,632.0,1.0,1826,2,1.0,1
2,23.1,47.7,104.3,587.6,478.3,735.8,693.2,624.5,1.0,1826,5,1.0,3
1,19.6,59.3,176.0,551.7,502.5,726.2,686.6,618.6,1.0,8936,5,4.0,3
2,23.6,47.0,175.2,580.2,468.8,735.3,687.6,619.9,1.0,1826,6,3.0,2
2,23.3,47.8,102.5,588.3,468.7,734.1,691.2,627.6,1.0,1826,6,4.0,1
2,23.1,48.3,103.1,582.5,497.0,733.2,703.4,625.6,1.0,1826,5,2.0,1
4,29.24,51.4,121.8,587.8,479.6,724.0,658.6,593.7,1.0,1374,2,4.0,1
2,22.9,49.1,103.2,577.3,480.1,731.2,701.9,631.7,2.0,1826,4,4.0,2
2,22.9,49.2,105.5,581.8,470.4,726.0,692.2,621.9,1.0,1826,1,3.0,2
2,22.9,49.5,112.4,589.3,484.9,737.4,690.5,624.2,1.0,1826,5,5.0,1
3,23.2,49.0,106.9,579.4,482.3,730.4,686.3,622.0,1.0,1826,2,2.0,2
3,23.1,49.3,109.7,580.5,474.5,736.2,696.6,625.1,1.0,1826,2,4.0,2
4,21.5,56.9,126.9,552.5,462.8,714.3,672.8,593.6,1.0,5214,4,3.0,2
4,20.0,48.3,115.2,583.3,456.9,722.7,693.5,624.0,1.0,6431,3,5.0,3
3,23.7,48.4,105.7,575.6,478.6,730.2,679.1,624.8,1.0,1826,6,3.0,2
3,22.5,47.7,97.5,560.8,441.5,709.4,472.4,584.2,2.0,2847,1,3.0,1
3,24.0,48.3,109.6,581.7,474.5,732.4285714285714,682.7,630.0,1.0,1826,4,4.0,1
3,24.0,48.3,105.7,583.1,472.3,727.6,562.7,631.5,1.0,1826,3,3.0,1
3,24.3,47.7,114.1,581.6,474.5,732.9,690.6,629.3,1.0,1826,6,4.0,3
3,23.9,48.7,109.3,579.7,478.8,734.1,680.1,613.9,1.0,1826,6,4.0,1
3,23.7,49.2,108.7,581.0,463.6,727.3,684.8,622.3,1.0,1826,2,4.0,1
3,23.0,51.8,123.1,583.3,437.8,719.5,670.4,609.5,1.0,1826,4,4.0,1
4,20.4,58.6,125.4,550.3,480.1,712.3,671.2,603.1,1.0,8936,6,3.0,1
3,23.8,42.8,91.4,599.5,503.5,743.6,701.8,626.3,1.0,5693,3,5.0,2
3,23.6,50.6,113.4,569.1,424.0,707.9,677.8,607.5,1.0,1826,2,5.0,1
3,23.7,50.2,112.5,580.2,449.1,714.2,869.9,589.7,1.0,1826,2,5.0,3
3,24.2,48.9,117.5,576.4,436.2,722.3,663.5,607.4,1.0,1826,3,4.0,1
3,24.0,49.4,180.5,576.3,427.4,722.2,664.1,598.5,1.0,1826,3,3.0,1
3,29.75,48.8,111.8,577.0,412.1,715.0,676.5,599.6,1.0,1826,4,1.0,1
2,17.9,48.6,87.9,609.3,476.5,763.5,711.2,646.9,1.0,3418,2,5.0,2
4,22.8,50.6,117.0,572.2,429.1,704.5,669.5,587.2,1.0,4507,5,2.0,1
3,24.1,49.6,38.6,573.9,418.5,716.9,671.9,613.4,2.0,1826,6,5.0,1
3,24.7,48.1,114.8,576.1,450.2,727.9,679.8,614.5,2.0,1826,1,2.0,1
3,13.5,48.3,115.2,577.5,451.7,719.9,684.1,612.9,2.0,1826,1,4.0,1
3,23.8,49.6,121.9,572.4,428.4,709.6,671.8,581.7,1.0,4507,5,2.0,1
3,23.6,49.1,143.3,573.4,403.6,696.1,636.1,561.0,2.0,9184,1,2.0,1
4,18.6,53.7,131.9,586.2,484.9,743.6,692.2,623.1,1.0,7963,5,5.0,2
4,29.28,54.5,98.9,601.5,480.9,736.8,683.2,613.8,1.0,9127,3,5.0,2
3,29.87,47.6,126.1,566.5,450.4,720.3,672.7,597.0,2.0,1826,5,4.0,1
2,17.8,54.5,108.5,597.3,508.7,751.8,864.3,653.7,1.0,9658,1,5.0,2
3,25.9,46.5,129.4,569.2,458.0,719.1,672.1,607.3,2.0,1826,2,3.0,1
3,24.5,47.4,112.2,599.3,397.8,678.9,581.4,489.2,2.0,3856,2,4.0,1
3,25.9,46.3,123.7,566.7,448.6,721.9,674.7,608.0,2.0,1826,6,4.0,1
3,25.0,48.1,119.9,571.9,443.9,722.0,674.2,610.5,2.0,1826,3,3.0,1
1,17.7,54.9,129.1,583.2,500.8,737.9,683.5,611.0,1.0,7963,5,4.0,1
3,23.9,50.4,120.6,577.6,405.9,716.8571428571429,663.9,592.9,2.0,1826,5,3.0,1
3,29.79,48.2,125.1,570.3,402.4,718.9,644.6,585.1,2.0,1826,2,2.0,1
3,22.4,44.2,125.0,576.4,485.7,717.342857142857,671.3,593.3,2.0,2679,1,2.0,1
3,24.2,49.0,124.2,568.9,408.9,705.9,658.4,585.7,2.0,1826,3,1.0,1
3,23.9,50.0,123.2,569.4,410.0,712.8,664.0,580.7,2.0,1826,2,4.0,1
3,23.8,50.2,125.2,568.9,412.6,704.6,659.1,601.0,2.0,1826,4,4.0,1
3,23.8,49.7,117.6,573.4,413.2,714.0,672.2,588.8,2.0,1826,4,5.0,1
4,18.4,52.3,123.7,593.1,483.3,733.7,677.6,626.0,1.0,1374,1,5.0,2
1,17.6,42.6,61.4,633.1,616.7,803.8,771.6,732.2,0.0,5693,6,2.0,3
1,20.0,55.3,119.3,554.6,463.7,730.8,683.6,627.0,1.0,9385,6,5.0,1
3,24.4,48.2,122.2,575.3,435.4,715.6,653.7,586.3,2.0,1826,5,3.0,1
3,23.9,49.0,121.2,573.9,424.5,720.5,669.3,599.5,2.0,1826,2,5.0,1
3,23.7,49.5,119.1,571.3,413.0,710.0571428571428,656.0,590.2,2.0,1826,1,4.0,1
3,23.5,49.7,115.2,575.8,423.1,713.3,661.0,596.4,2.0,1826,5,5.0,1
2,20.0,50.6,100.7,571.1,472.6,744.3,694.3,635.3,1.0,2847,4,4.0,2
3,23.6,49.2,118.6,574.1,406.5,717.5,683.4,582.9,2.0,1826,1,3.0,1
1,18.4,46.8,81.7,559.6,548.7,770.7,724.8,687.7,1.0,9241,2,4.0,2
3,23.1,48.6,111.9,572.9,424.2,725.5,668.3,600.8,2.0,1826,2,5.0,1
4,23.2,48.3,118.8,576.4,424.8,710.3,674.2,595.4,2.0,1826,5,5.0,1
4,29.610000000000003,49.4,121.6,573.5,425.4,718.5142857142856,683.5,596.9,2.0,1826,5,5.0,1
1,16.3,44.2,68.9,613.2,595.1,793.2,762.3,692.5,0.0,1374,6,3.0,2
4,20.2,50.0,115.3,596.9,475.0,739.8,690.0,624.8,2.0,8374,4,4.0,1
3,23.6,42.8,84.0,611.2,462.2,735.5,703.1,624.7,1.0,5693,5,3.0,2
4,22.6,50.0,124.6,576.4,417.3,718.6,674.3,587.1,2.0,1826,5,2.0,1
4,22.5,50.3,122.8,577.4,416.4,708.7,666.4,593.6,2.0,1826,3,5.0,1
4,22.5,50.2,121.7,575.6,415.9,709.5,664.2,588.7,2.0,1826,1,5.0,1
4,22.4,50.6,122.2,572.9,408.0,715.3,675.9,583.4,2.0,1826,3,5.0,2
4,21.8,51.2,105.2,555.7,471.8,741.9,692.7,644.9,1.0,9241,5,5.0,3
4,22.2,51.0,122.2,570.1,404.6,721.3,666.7,596.5,2.0,1826,1,5.0,1
4,22.2,50.8,123.8,572.3,419.9,707.7,665.7,595.3,2.0,1826,3,4.0,1
4,22.0,51.3,128.1,572.6,418.3,710.3,665.4,587.1,2.0,1826,5,4.0,1
4,22.1,51.2,127.2,569.4,401.7,712.0,658.4,590.1,3.0,1826,4,5.0,1
1,19.0,55.1,97.7,577.5,504.7,746.2571428571429,464.5,643.2,1.0,6528,2,4.0,2
4,20.8,53.0,29.4,580.4,485.1,727.6,681.4,617.6,1.0,4507,2,2.0,2
4,21.8,51.6,127.7,571.9,399.8,711.9,669.2,591.1,1.0,1826,6,3.0,1
4,21.7,51.8,128.1,571.4,425.7,711.6,672.0,598.9,1.0,1826,2,4.0,1
4,18.0,52.7,116.3,594.5,484.6,748.6142857142856,711.7,639.4,1.0,1374,3,4.0,1
4,21.6,52.0,126.9,575.5,425.7,710.0,664.1,587.9,1.0,1826,1,4.0,1
4,21.5,52.1,126.1,567.3,417.6,716.2,662.3,588.5,1.0,1826,4,3.0,1
4,21.5,52.2,125.8,578.9,413.9,713.2,664.5,594.7,1.0,1826,3,5.0,1
4,21.5,52.0,128.4,570.6,413.0,712.4,674.9,586.0,1.0,1826,2,3.0,1
4,21.4,52.2,128.2,567.4,399.6,713.4,671.6,597.4,1.0,1826,1,5.0,1
4,29.439999999999998,52.3,126.8,573.6,410.9,707.742857142857,566.4,587.3,1.0,1826,4,5.0,1
4,21.2,52.4,42.0,571.5,421.2,710.1,660.5,588.3,1.0,1826,1,4.0,1
4,19.4,48.0,116.4,579.3,467.3,725.8,686.3,613.8,2.0,2679,2,4.0,1
4,21.2,52.2,126.3,568.7,411.3,715.2,664.3,600.8,1.0,1826,3,2.0,1
3,22.2,49.8,103.6,564.4,461.0,713.5,661.1,584.9,1.0,2847,4,5.0,2
4,20.6,53.3,123.6,572.6,480.3,727.0,682.5,621.3,1.0,4507,3,3.0,3
4,21.2,51.8,122.4,574.0,428.5,719.9,671.2,619.3,1.0,1826,3,4.0,1
4,21.1,52.0,190.8,576.2,409.3,720.6,689.2,607.5,1.0,1826,6,5.0,1
4,21.0,52.1,119.0,569.3,418.1,727.4,674.9,605.8,1.0,1826,2,5.0,1
3,22.7,47.2,36.3,584.7,387.4,698.6,673.2,568.8,1.0,6847,4,4.0,1
2,19.2,56.4,116.8,549.7,473.4,714.2142857142856,668.7,600.6,2.0,1458,5,4.0,1
1,29.04,40.7,56.3,625.9,602.1,797.6,777.6,720.0,0.0,8374,1,2.0,2
4,20.8,52.3,119.2,577.0,433.6,726.6,683.6,602.3,1.0,7395,3,5.0,1
4,29.400000000000002,52.2,119.8,576.9,439.6,714.7,684.2,598.8,1.0,7395,3,5.0,3
3,23.3,49.4,120.4,574.8,421.1,720.4,669.6,599.5,2.0,1826,6,4.0,1
4,20.6,52.5,124.3,572.0,419.3,722.2571428571428,689.5,604.4,1.0,7395,6,4.0,2
3,21.9,45.1,88.4,599.5,495.3,746.5571428571429,707.8,640.0,0.0,3418,4,5.0,2
4,20.6,52.6,122.4,570.7,429.4,732.7,679.6,599.1,1.0,7395,3,4.0,2
4,20.5,52.9,119.9,574.9,458.3,731.3285714285715,690.0,619.4,1.0,7395,2,4.0,2
4,20.4,53.2,120.2,576.5,468.1,732.4,685.0,632.2,1.0,7395,1,5.0,3
4,20.4,53.2,121.9,568.2,460.4,733.2,696.4,619.2,1.0,7395,5,4.0,1
4,20.4,53.0,122.0,576.6,430.8,729.9,680.2,609.0,1.0,7395,4,4.0,1
4,19.4,54.8,106.7,597.8,475.2,746.9,822.0,619.2,1.0,9127,4,5.0,1
4,20.5,52.8,120.8,570.9,447.1,725.8,690.0,609.5,1.0,7395,3,5.0,2
3,23.7,48.4,109.5,572.3,466.1,712.2,677.0,608.3,2.0,7395,1,5.0,1
4,20.3,53.2,117.7,571.1,427.5,724.1,678.1,618.2,1.0,7395,6,5.0,3
4,20.2,53.3,127.3,575.0,428.5,728.6,685.2,605.9,1.0,7395,2,1.0,2
1,16.1,48.9,71.2,612.4,588.0,789.1,750.8,706.6,0.0,7963,4,2.0,2
2,17.4,47.8,105.2,598.6,400.7,744.4714285714286,696.3,633.7,1.0,5820,3,4.0,2
1,20.1,53.2,126.5,573.3,454.6,735.7428571428571,686.3,628.9,1.0,7395,6,3.0,2
3,25.2,46.3,110.7,575.8,440.4,726.6,881.2,600.0,1.0,4507,2,4.0,2
4,20.4,58.6,124.2,554.5,481.0,718.2,683.0,616.4,1.0,5214,5,3.0,1
1,19.8,53.9,119.3,577.0,481.5,740.9,698.9,625.3,1.0,7395,5,4.0,3
1,19.7,53.9,122.7,579.2,491.6,741.1714285714286,700.9,642.0,1.0,7395,5,4.0,2
1,19.8,53.6,123.6,569.9,470.9,728.7,707.1,630.2,1.0,7395,3,3.0,3
1,19.8,53.5,120.2,575.0,479.6,736.5,566.3,636.8,2.0,7395,5,5.0,1
1,29.29,53.5,123.7,571.6,478.4,742.7,703.2,643.7,1.0,7395,6,5.0,1
2,22.2,54.1,109.5,539.9,497.1,727.3,672.1,602.0,2.0,1458,4,5.0,1
2,22.6,52.0,100.7,573.5,462.9,703.9,653.0,585.0,1.0,1903,5,5.0,1
1,19.6,53.7,131.0,575.5,478.3,741.0,692.8,634.3,1.0,7395,6,5.0,1
1,19.6,53.6,122.2,572.5,482.3,735.5571428571429,700.7,631.2,1.0,7395,2,5.0,2
1,19.6,53.7,122.9,577.4,490.8,735.1,896.4,626.2,1.0,7395,3,5.0,1
1,28.0,53.3,124.4,572.4,468.7,738.9,695.9,638.8,1.0,7395,6,4.0,1
1,29.28,53.4,112.9,574.0,464.9,746.3857142857144,702.0,653.8,1.0,7395,4,3.0,1
1,19.4,54.0,117.7,572.9,496.7,738.3,698.1,641.0,1.0,7395,5,4.0,1
1,17.1,54.0,126.0,596.4,497.1,754.2,719.9,661.3,0.0,5820,2,4.0,3
1,29.230000000000004,54.4,122.8,577.7,477.6,750.1,707.2,642.9,1.0,7395,1,3.0,2
1,19.2,54.2,124.6,581.3,495.1,744.8,875.7,639.3,1.0,7395,2,2.0,2
4,18.2,54.1,224.1,590.2,491.2,737.6,683.2,611.1,1.0,4129,5,4.0,3
1,19.0,52.6,124.4,570.6,435.9,707.7428571428571,669.7,587.8,2.0,5172,4,4.0,1
1,19.2,51.6,103.6,577.0,472.8,730.9,690.6,624.1,2.0,7395,4,2.0,1
1,19.1,50.8,107.9,571.6,486.3,736.0,693.8,622.8,2.0,7395,1,2.0,2
1,18.9,50.6,108.8,578.4,471.3,738.0,698.5,623.3,2.0,7395,1,3.0,2
1,18.8,50.4,105.5,580.2,483.8,735.1,697.4,620.8,2.0,7395,3,5.0,1
1,18.8,51.8,85.1,583.1,536.8,753.6,717.8,664.9,1.0,3074,4,5.0,3
3,22.7,47.0,152.7,573.3,419.2,710.7857142857141,667.8,584.6,2.0,7963,5,5.0,1
1,18.7,50.4,97.6,589.6,500.2,732.3,700.7,634.8,2.0,7395,4,4.0,1
1,18.8,50.0,91.2,581.1,509.3,743.9,701.6,647.0,2.0,7395,5,5.0,1
1,18.6,50.4,99.6,595.5,502.2,740.2,703.8,633.7,2.0,7395,2,4.0,2
4,18.7,53.4,121.9,591.8,498.9,725.9,680.1,592.2,1.0,4129,4,4.0,1
1,18.7,49.8,92.4,584.7,522.5,749.6142857142858,701.3,637.0,2.0,7395,4,1.0,2
1,18.6,50.3,88.3,583.4,512.1,745.6,706.1,653.6,2.0,7395,3,4.0,3
1,18.9,50.7,101.0,587.7,473.5,733.3,701.3,637.9,1.0,7395,6,5.0,1
2,22.9,52.2,107.3,565.0,440.0,654.6,559.3,503.9,3.0,1903,1,3.0,1
1,18.9,49.7,91.2,593.7,499.2,746.2,711.0,658.3,1.0,7395,6,4.0,3
1,19.0,49.1,83.2,591.1,518.9,751.6,714.3,652.2,1.0,7395,1,2.0,3
1,18.9,49.2,79.2,594.6,508.0,754.1857142857143,720.4,663.4,1.0,7395,6,4.0,2
4,29.439999999999998,54.0,110.3,550.7,503.1,722.8,669.0,607.9,1.0,6817,1,4.0,1
1,18.8,49.0,73.4,594.3,525.8,759.242857142857,719.6,656.2,1.0,7395,4,4.0,1
3,22.8,48.6,96.5,561.9,468.0,732.8,698.9,632.8,1.0,2847,1,5.0,2
1,20.0,46.9,82.3,593.3,460.8,740.7,707.5,639.7,1.0,7395,3,4.0,3
3,23.2,49.0,106.9,579.4,482.3,730.4,686.3,622.0,1.0,1826,2,2.0,2
1,18.8,43.9,66.8,581.7,584.6,783.6,754.6,688.9,0.0,2847,6,4.0,1
2,16.0,49.3,70.5,613.6,573.8,770.9,756.7,700.8,0.0,6431,2,4.0,2
1,33.3,48.1,84.0,585.5,446.4,737.2,699.1,632.8,1.0,7395,1,4.0,1
1,19.9,48.0,83.3,583.7,468.0,743.9,694.1,623.7,1.0,7395,3,5.0,2
1,19.1,48.8,81.3,593.6,507.1,751.8000000000001,734.2,652.0,1.0,7395,5,2.0,2
1,18.8,49.4,75.6,598.4,536.6,766.2,730.9,691.7,0.0,7395,4,3.0,2
4,20.7,52.7,124.4,567.7,383.8,692.7,648.4,567.9,2.0,7395,3,4.0,1
2,21.1,54.4,111.1,515.7,538.9,720.4428571428572,682.2,590.8,2.0,4703,2,4.0,1
3,24.0,48.3,114.8,600.6,397.2,673.7,596.1,500.9,2.0,3856,1,4.0,1
1,18.4,51.2,84.8,600.4,569.8,759.6,728.8,661.6,1.0,4507,5,4.0,1
2,18.6,49.9,71.5,604.3,566.7,763.7,739.0,685.8,0.0,7395,4,1.0,2
2,31.5,50.1,72.7,602.7,564.2,762.4,727.9,666.1,0.0,7395,5,1.0,1
2,18.5,50.5,72.0,594.8,549.2,759.2714285714286,730.2,656.2,0.0,7395,4,4.0,1
3,23.1,49.0,161.0,575.2,431.1,703.1,652.9,560.8,1.0,1374,6,1.0,1
1,16.9,48.2,86.0,607.8,523.8,769.4,733.3,685.4,0.0,1374,4,4.0,1
2,18.6,51.4,88.1,593.2,540.2,762.0714285714286,728.0,666.7,0.0,7395,3,4.0,2
2,18.6,51.4,92.0,588.4,531.5,769.0,711.5,658.1,0.0,7395,2,4.0,3
3,23.1,43.8,110.9,581.8,435.2,725.4,685.7,608.4,2.0,3418,3,4.0,2
3,23.9,51.7,140.5,555.0,432.9,654.4,541.3,510.0,3.0,1903,4,4.0,1
2,18.5,52.3,87.3,588.4,530.9,753.3,725.7,651.7,0.0,7395,2,5.0,2
2,18.6,52.3,94.7,588.1,503.7,753.7,724.3,652.5,0.0,7395,5,5.0,1
2,18.5,52.3,92.0,588.1,529.4,760.0,712.7,654.3,1.0,7395,3,4.0,3
2,18.5,52.1,83.3,596.5,546.3,765.8,722.5,646.2,1.0,7395,2,5.0,2
2,18.6,52.0,79.5,591.7,562.2,763.9,719.9,652.4,0.0,7395,5,2.0,1
4,21.1,55.7,118.8,547.2,448.8,708.1,800.6,596.7,1.0,3592,5,2.0,1
2,18.6,52.8,91.4,590.5,526.2,758.8,709.3,638.1,0.0,7395,2,5.0,2
1,19.6,57.9,111.5,553.5,483.4,710.9,644.8,585.9,2.0,3592,2,4.0,1
2,18.7,53.4,106.1,579.3,467.7,713.6,657.1,580.5,2.0,7395,6,4.0,2
2,29.37,45.0,85.3,595.8,503.5,753.4,721.1,660.9,1.0,5820,2,5.0,2
4,18.1,49.5,113.1,575.9,501.8,737.7428571428571,685.1,627.4,1.0,2679,2,4.0,3
1,19.7,46.0,91.1,608.9,392.1,746.3,698.9,626.5,1.0,2105,5,5.0,1
3,23.8,47.7,124.7,594.8,451.0,721.6,674.4,580.0,1.0,5693,3,4.0,1
2,18.6,53.5,103.6,583.0,458.0,727.0,676.1,589.8,2.0,7395,4,5.0,1
1,16.2,46.5,65.9,615.6,584.7,787.7,751.6,705.3,0.0,5820,6,1.0,2
4,21.9,52.2,125.7,578.9,431.6,707.5,659.2,592.4,1.0,4507,3,5.0,1
2,19.1,52.6,103.1,582.3,427.3,720.1,661.3,596.9,2.0,7395,3,2.0,2
2,19.0,53.2,104.5,574.1,444.9,714.4714285714286,659.9,593.2,2.0,7395,6,5.0,3
4,20.2,54.6,133.0,543.7,465.0,680.5,617.2,556.1,3.0,7058,3,1.0,1
4,20.2,50.3,176.3,605.0,472.2,736.1,683.8,624.4,2.0,8374,1,4.0,1
2,19.0,53.0,101.3,582.5,429.6,722.0,669.7,591.8,2.0,7395,3,4.0,2
1,29.35,57.3,132.6,549.3,453.9,718.4,674.4,592.3,1.0,3592,1,5.0,1
2,19.0,52.4,96.7,586.9,474.4,735.9,568.0,610.2,1.0,7395,5,1.0,3
4,19.3,50.7,112.3,601.9,467.8,741.4,693.8,630.2,1.0,8374,1,4.0,1
2,19.8,51.1,101.3,584.1,384.1,708.6,663.9,591.8,2.0,7395,6,4.0,1
3,29.64,43.3,125.2,572.4,457.3,716.3285714285714,679.9,600.5,1.0,2679,1,5.0,1
3,21.8,46.8,108.4,600.6,441.4,727.2,867.6,614.5,3.0,2105,6,4.0,2
1,19.8,55.6,124.3,566.0,488.6,727.1142857142859,682.4,617.7,1.0,1903,1,5.0,1
3,24.8,42.3,116.0,593.7,466.1,735.2,698.6,635.3,1.0,2105,3,4.0,2
2,20.7,51.0,100.2,582.3,430.7,713.3,656.9,602.8,2.0,7395,5,5.0,1
2,20.8,51.1,94.3,577.1,422.7,719.7,656.7,600.4,2.0,7395,5,3.0,2
1,17.9,52.4,126.3,593.8,475.1,752.7,701.9,646.2,1.0,1374,1,5.0,3
2,20.7,51.8,98.3,577.0,450.1,718.9,679.0,607.0,2.0,7395,5,2.0,2
2,20.8,51.7,100.7,580.5,464.6,725.3,685.4,610.7,2.0,7395,4,5.0,3
2,21.1,51.3,105.0,588.7,455.2,726.9,684.5,618.3,2.0,7395,4,5.0,2
2,24.6,48.3,147.6,554.4,393.0,688.9,646.8,555.2,2.0,5172,2,5.0,1
4,29.330000000000002,56.1,129.3,562.8,362.1,681.0,640.8,559.9,2.0,6528,2,4.0,1
2,22.1,49.3,104.8,581.0,467.1,719.7,676.8,602.6,2.0,7395,3,5.0,2
2,21.6,51.0,103.8,578.8,466.0,719.0,682.1,617.9,2.0,7395,6,5.0,1
2,21.7,51.0,107.2,577.7,458.2,719.7,679.8,613.8,2.0,7395,3,5.0,2
1,19.7,56.3,140.6,565.0,395.6,706.4,658.6,573.6,2.0,6528,6,5.0,1
2,22.2,50.4,109.2,577.3,464.7,726.0,675.1,612.2,1.0,7395,6,2.0,2
2,23.4,47.6,102.8,578.7,473.9,717.4,680.8,617.2,2.0,7395,6,2.0,3
2,23.5,47.5,26.3,582.4,458.9,721.3,678.8,613.7,2.0,7395,5,3.0,2
2,23.9,47.0,109.0,577.9,460.5,723.7142857142859,674.9,618.1,2.0,7395,5,5.0,1
4,19.9,51.0,112.6,596.3,475.2,732.5,684.7,612.1,2.0,8374,4,2.0,2
4,20.2,55.1,32.6,559.7,460.1,720.4,687.1,621.0,1.0,9385,3,1.0,1
3,23.7,47.7,110.7,576.3,466.3,719.9,682.6,610.7,2.0,7395,4,4.0,3
3,23.2,49.2,113.9,578.2,469.2,716.6,670.1,604.7,2.0,7395,5,2.0,1
3,23.3,49.0,109.0,580.7,451.6,719.4,677.6,604.7,2.0,7395,1,2.0,1
3,9.5,48.6,110.6,578.8,454.6,713.2,675.3,607.8,2.0,7395,6,5.0,1
3,23.7,48.4,105.4,576.1,455.1,715.9,688.1,610.0,2.0,7395,2,4.0,1
3,24.2,47.3,107.5,578.3,450.9,716.0,676.7,597.2,2.0,7395,2,5.0,1
3,22.9,45.4,114.0,580.1,388.6,722.7,673.1,589.9,1.0,3418,1,2.0,1
3,29.79,46.6,114.1,573.4,454.1,720.0,674.7,609.9,2.0,7395,2,5.0,1
2,29.210000000000004,53.3,102.3,563.6,503.1,701.2,613.2,545.9,2.0,1903,1,2.0,1
4,22.2,55.7,131.4,552.3,424.3,694.7,634.7,556.0,2.0,4761,6,2.0,1
2,18.2,53.1,105.5,593.5,464.6,742.0,695.1,623.0,1.0,9658,4,5.0,2
1,19.7,52.2,103.7,554.9,505.1,749.1,703.4,647.3,1.0,9241,4,4.0,1
3,24.1,48.4,116.6,569.5,449.8,708.9,670.4,605.0,2.0,7395,5,5.0,1
3,24.2,48.4,114.3,570.6,443.5,718.8,668.3,601.4,2.0,7395,6,5.0,2
2,19.5,50.4,77.2,622.1,549.6,768.8,730.5,673.8,1.0,3856,5,5.0,1
4,29.25,55.0,102.1,605.9,494.4,735.6,704.9,619.3,1.0,9127,3,3.0,2
2,23.2,52.1,121.5,541.4,473.5,714.9,664.2,605.5,2.0,1458,1,3.0,1
2,20.0,50.1,24.7,610.3,539.9,753.7,691.9,621.8,0.0,7241,1,5.0,2
3,24.8,47.3,120.4,577.8,387.8,702.4,662.7,594.0,2.0,7395,2,4.0,1
3,25.0,47.0,121.6,574.3,371.1,708.7714285714286,659.6,578.7,2.0,7395,5,5.0,1
3,23.2,51.3,124.4,552.3,462.0,712.3,658.4,609.0,1.0,9385,1,4.0,1
3,24.8,47.6,118.7,567.8,393.0,707.5,655.8,581.2,2.0,7395,2,5.0,1
3,29.79,47.8,8.0,575.5,390.9,699.5,665.3,575.0,2.0,7395,5,4.0,1
3,24.8,47.7,121.8,571.6,405.9,704.8,670.6,591.6,2.0,7395,4,2.0,1
2,22.4,50.6,119.9,566.4,392.4,689.4571428571428,637.9,562.3,2.0,3074,2,5.0,1
3,24.8,47.8,115.4,565.0,401.1,701.9857142857143,654.1,583.1,2.0,7395,1,5.0,1
3,24.8,47.8,117.7,570.8,394.5,704.5,851.7,596.4,2.0,7395,6,3.0,1
3,24.9,47.6,115.7,569.4,406.7,707.3,655.4,578.9,2.0,7395,1,5.0,1
1,19.5,51.5,102.2,582.2,470.6,738.9,695.3,620.0,1.0,1826,4,2.0,2
3,24.9,47.7,121.9,568.7,395.4,701.6,646.2,588.1,2.0,7395,5,5.0,1
3,23.9,50.3,147.9,565.0,390.3,674.0,645.6,536.2,2.0,5172,2,2.0,1
3,24.9,46.8,122.7,573.0,404.6,693.3142857142858,644.5,564.5,2.0,7395,6,5.0,1
2,22.8,46.3,182.7,567.5,377.5,707.8,668.5,587.9,2.0,7963,4,5.0,1
3,25.8,45.3,120.0,572.2,411.8,685.9,644.1,563.3,2.0,7395,4,4.0,1
3,25.3,46.4,227.8,571.2,388.8,697.8,660.9,559.0,2.0,7395,6,1.0,1
3,25.1,47.0,120.5,568.4,395.8,696.5857142857143,641.4,575.0,2.0,7395,1,3.0,1
3,23.4,52.6,131.0,552.3,423.6,660.0,580.6,493.1,3.0,1903,2,3.0,1
3,25.1,47.0,124.7,576.9,414.0,687.7,644.2,568.7,2.0,7395,3,4.0,2
2,18.2,43.8,63.4,619.8,587.6,788.2285714285715,761.6,700.8,0.0,5693,2,4.0,1
3,25.4,46.0,121.7,566.5,393.1,699.3,637.7,557.0,2.0,7395,4,2.0,1
3,21.2,44.4,112.6,590.5,442.1,714.8,675.1,585.4,2.0,8052,5,4.0,2
3,24.2,47.7,121.6,574.5,384.3,679.0,635.7,556.5,2.0,7395,1,4.0,1
3,24.3,47.9,116.9,573.9,406.4,683.3,635.0,543.2,2.0,7395,1,5.0,1
3,24.1,47.9,113.1,567.6,376.9,673.4,632.6,558.9,3.0,7395,2,4.0,1
3,23.9,48.5,124.5,575.4,384.2,675.4,633.5,541.1,3.0,7395,2,4.0,1
3,24.0,48.4,118.0,577.6,375.8,685.0,629.1,552.3,3.0,7395,2,5.0,1
4,23.4,49.1,117.6,569.8,369.7,686.8,637.5,550.7,3.0,7395,3,4.0,1
4,23.3,49.3,118.3,568.5,372.3,678.7,639.5,539.1,3.0,7395,1,4.0,1
4,23.5,48.9,119.9,566.2,387.3,679.4,634.2,554.0,3.0,7395,5,5.0,2
3,23.3,51.0,133.8,560.7,424.9,684.4,601.7,531.6,2.0,3074,4,3.0,1
4,23.1,49.4,114.7,572.4,385.2,680.6,634.8,555.2,3.0,7395,1,4.0,1
3,20.0,44.7,207.7,597.2,523.7,748.1,708.6,630.8,1.0,8052,3,1.0,1
4,22.8,50.0,124.2,562.8,383.1,682.6,645.1,551.2,3.0,7395,3,5.0,1
4,29.330000000000002,51.7,138.9,582.7,453.7,726.8,687.0,598.7,1.0,7963,6,3.0,2
4,18.2,50.8,128.5,573.7,501.0,743.3,696.6,638.3,1.0,6431,5,4.0,3
4,29.560000000000002,50.4,120.2,571.5,373.2,693.8,638.5,551.3,3.0,7395,5,5.0,1
4,22.1,51.5,121.9,562.8,384.2,685.9,628.8,557.2,3.0,7395,4,4.0,1
4,10.2,51.2,123.9,570.5,382.3,690.6,649.7,563.8,3.0,7395,3,4.0,1
4,22.4,50.3,118.7,567.8,386.1,691.9,646.2,555.0,3.0,7395,5,2.0,1
4,22.4,50.2,120.6,568.2,388.5,687.2142857142857,639.4,549.2,3.0,7395,4,3.0,1
4,22.2,50.7,122.6,562.9,383.3,685.1,626.4,553.7,3.0,7395,1,4.0,1
4,22.3,50.4,129.5,562.8,387.8,689.1,641.1,555.3,3.0,7395,1,3.0,1
4,22.0,51.0,126.7,572.8,381.3,686.1,632.1,555.2,3.0,7395,5,2.0,1
4,22.3,50.0,123.2,568.8,379.3,690.6,647.9,565.5,3.0,7395,2,5.0,1
4,22.0,50.5,118.6,567.1,386.6,694.9,641.7,558.2,3.0,7395,5,4.0,1
4,21.8,51.3,125.7,567.6,369.2,685.2285714285715,649.2,550.7,2.0,7395,3,5.0,1
4,20.4,53.0,125.5,574.9,405.4,691.8,659.5,578.3,2.0,7395,6,5.0,1
3,22.0,48.1,113.1,584.1,450.1,712.7,654.1,570.7,1.0,4129,1,4.0,1
4,20.8,58.2,123.3,545.6,470.6,706.7,680.9,602.5,1.0,8936,3,4.0,1
4,20.9,57.3,134.6,564.0,435.1,697.9,651.9,594.4,1.0,4761,1,3.0,1
4,21.2,52.5,183.2,569.1,374.3,673.9,637.7,563.8,3.0,7395,6,5.0,1
3,23.6,52.4,125.4,566.2,411.5,682.0,629.0,552.5,2.0,4761,4,5.0,1
4,20.3,50.4,111.4,589.9,431.8,730.6857142857143,682.2,615.7,1.0,9658,5,5.0,2
2,18.6,48.5,90.4,597.7,462.5,754.2,701.6,638.1,0.0,3418,6,4.0,1
1,19.2,56.4,112.0,600.7,475.7,729.3,672.1,597.6,1.0,3856,4,4.0,3
3,22.0,45.1,125.7,583.7,480.7,715.3,671.5,584.8,2.0,2679,4,4.0,1
2,23.1,53.1,107.4,552.5,470.4,718.4,675.8,599.8,1.0,3592,1,1.0,1
4,20.8,52.7,125.3,568.2,399.8,697.4,559.0,574.8,2.0,7395,2,4.0,1
4,22.1,51.8,105.5,545.6,468.0,716.9,653.0,569.8,1.0,4703,2,5.0,1
4,20.7,52.9,187.8,568.0,375.2,689.0,657.9,555.1,2.0,7395,6,4.0,2
4,20.5,53.1,120.4,569.9,399.8,692.8,648.0,559.9,2.0,7395,4,5.0,1
4,20.5,53.0,128.8,569.1,398.7,703.0,646.9,565.6,2.0,7395,1,3.0,1
4,20.6,52.8,118.6,574.4,403.0,698.6999999999999,659.1,576.4,2.0,7395,4,1.0,1
4,20.5,52.9,119.1,571.9,402.8,697.0,650.3,573.2,2.0,7395,4,2.0,1
4,20.5,52.9,126.5,575.4,384.2,701.0,650.5,563.3,2.0,7395,4,3.0,1
4,20.3,53.0,121.4,566.0,395.2,708.0,649.7,566.7,2.0,7395,4,2.0,1
4,20.3,52.9,121.4,566.6,398.1,703.2,647.0,580.9,2.0,7395,4,4.0,2
4,20.3,52.8,125.3,568.6,407.4,703.1,655.2,582.8,2.0,7395,3,3.0,1
4,19.8,49.1,117.8,590.3,390.8,720.1,639.3,552.4,2.0,3418,5,4.0,1
4,20.2,52.8,122.3,571.9,395.7,703.3,649.4,572.2,2.0,5172,3,2.0,1
3,22.8,49.1,106.8,556.1,461.8,733.2,689.1,637.5,1.0,2847,6,4.0,1
4,20.2,52.8,121.3,565.6,397.0,708.5,538.1,577.6,2.0,5172,6,4.0,1
2,28.7,53.4,92.7,575.1,485.3,733.7857142857141,685.3,627.1,1.0,1903,6,5.0,3
3,24.8,47.8,122.6,575.5,390.9,699.5,665.3,575.0,2.0,7395,5,4.0,1
2,24.3,52.9,122.5,541.1,485.9,704.2714285714285,639.5,582.4,1.0,8936,5,5.0,1
4,28.9,50.6,122.8,579.9,490.1,745.9571428571428,696.5,648.2,1.0,6431,6,4.0,2
4,19.9,53.1,128.2,570.5,408.5,711.3,662.0,593.6,2.0,5172,4,4.0,1
4,20.4,53.6,129.1,577.8,491.6,727.7,689.1,621.5,1.0,4507,5,4.0,2
1,19.9,53.1,123.1,568.8,412.2,710.9,671.7,581.6,2.0,5172,4,2.0,1
1,19.9,53.0,121.6,569.4,397.9,712.4,671.8,599.8,2.0,5172,5,4.0,1
1,19.7,57.6,114.3,553.5,415.3,701.5,653.6,605.2,2.0,9385,5,5.0,1
1,19.8,53.1,118.2,573.5,408.4,707.3,669.7,582.3,2.0,5172,1,4.0,1
1,19.8,53.1,119.9,573.2,395.8,707.8,660.6,601.4,2.0,5172,5,4.0,1
2,20.9,58.6,151.5,537.2,495.7,711.8857142857142,658.1,602.9,2.0,1458,1,4.0,2
2,17.0,45.2,56.0,578.0,604.1,798.1,770.6,727.9,0.0,9241,5,3.0,2
1,19.9,58.9,130.3,559.5,486.3,732.4,677.8,617.7,1.0,8936,5,3.0,2
1,19.6,53.0,119.0,577.0,408.6,712.9,681.3,589.2,2.0,5172,3,4.0,1
1,19.6,53.1,122.0,568.6,413.1,711.9714285714286,676.2,583.7,2.0,5172,2,5.0,1
1,19.5,53.2,124.2,572.2,420.1,717.4,680.2,600.6,2.0,5172,3,4.0,1
4,21.3,53.2,32.0,570.6,461.6,714.2,481.3,596.8,1.0,4507,3,2.0,3
1,29.260000000000005,53.5,101.8,581.8,418.0,726.3,663.1,594.2,1.0,6528,4,5.0,1
3,23.4,47.5,106.4,560.9,464.4,736.6142857142858,694.2,626.3,1.0,2847,1,2.0,2
4,17.2,49.1,117.2,588.2,496.7,736.2,692.7,649.0,2.0,8052,3,5.0,1
1,29.189999999999998,53.1,42.2,555.0,475.8,704.1,661.9,587.9,1.0,2847,2,2.0,1
1,19.4,53.0,126.0,567.9,401.7,722.0,678.9,587.8,2.0,5172,4,5.0,1
1,19.5,59.4,126.2,550.6,477.1,677.0,595.2,547.6,2.0,8936,2,5.0,1
1,19.3,53.1,125.1,574.6,413.4,722.7,681.9,600.3,2.0,5172,5,4.0,1
4,21.7,55.1,135.1,559.1,435.1,688.7,630.2,571.3,2.0,1903,1,5.0,1
1,19.2,51.6,113.9,578.1,443.3,728.9,675.9,616.2,2.0,5172,3,4.0,1
1,19.1,52.4,118.9,571.4,431.3,720.1,679.9,602.6,2.0,5172,3,3.0,1
1,18.0,52.0,21.6,592.4,483.1,753.2,700.8,628.9,1.0,1374,2,2.0,3
4,19.4,50.6,115.3,598.7,457.5,736.8,709.0,630.6,1.0,2105,4,4.0,3
1,18.9,52.2,115.0,573.0,428.0,709.7,670.3,581.1,3.0,5172,4,4.0,1
1,18.9,52.3,118.9,574.7,415.7,706.3,659.9,575.6,3.0,5172,5,4.0,1
1,18.9,52.3,109.6,575.3,440.5,707.9,660.3,576.2,3.0,5172,6,5.0,1
4,18.8,50.9,122.2,587.9,486.7,748.4857142857143,706.5,643.7,1.0,5820,4,5.0,2
1,18.8,52.2,110.3,583.4,423.9,711.8,661.3,598.2,3.0,5172,5,5.0,1
1,18.8,52.2,108.9,574.5,416.8,716.3000000000001,664.2,587.9,3.0,5172,4,3.0,2
1,18.7,52.5,115.0,570.8,433.5,713.8,668.3,593.4,3.0,5172,5,5.0,2
3,22.1,46.0,86.5,566.9,528.9,751.8,702.1,642.2,1.0,2586,1,5.0,1
1,18.7,52.3,112.6,572.2,418.9,719.5,669.2,587.9,3.0,5172,6,2.0,1
1,18.7,52.3,182.0,575.7,431.5,713.1,657.5,580.5,3.0,5172,4,2.0,1
4,22.1,54.5,119.4,549.5,461.8,714.6,667.3,599.2,1.0,3592,5,5.0,1
1,29.200000000000003,52.1,110.9,573.3,427.4,714.7,666.0,595.6,3.0,5172,4,1.0,1
3,22.0,53.1,137.7,566.3,455.7,708.8,803.3,576.2,2.0,9184,3,4.0,1
1,19.0,52.2,114.6,576.7,430.0,708.1,675.6,586.6,3.0,5172,2,5.0,1
1,19.1,52.0,115.1,577.3,407.3,713.3285714285714,665.9,581.6,3.0,5172,5,1.0,1
1,19.2,51.8,115.6,575.8,415.5,712.1,660.3,578.0,3.0,5172,4,2.0,1
3,24.2,47.6,93.3,602.0,474.0,722.4,882.9,609.7,1.0,3856,5,5.0,1
1,19.1,49.4,100.2,577.0,462.0,737.3,706.8,632.1,3.0,5172,3,4.0,3
2,22.0,55.2,119.8,552.3,490.9,706.2285714285714,644.3,583.5,2.0,8936,5,5.0,1
1,29.210000000000004,48.5,226.8,584.8,500.2,745.3,718.9,647.4,2.0,5172,1,4.0,1
1,19.1,48.1,89.1,579.9,502.8,757.9,518.2,646.8,2.0,5172,4,5.0,2
1,18.9,48.5,82.4,590.0,514.7,747.6,716.9,643.5,2.0,5172,1,5.0,2
1,19.6,53.8,122.0,573.3,480.0,742.2,699.6,646.1,1.0,7395,6,4.0,1
4,29.35,51.9,103.6,561.6,455.5,718.4,665.4,613.4,1.0,2847,5,4.0,2
1,29.22,53.3,111.5,554.6,497.5,752.1,705.9,638.0,1.0,9241,2,5.0,2
1,18.4,50.9,83.6,588.6,518.9,745.6999999999999,718.1,645.7,2.0,5172,1,4.0,3
1,18.3,51.8,76.2,590.6,532.6,752.4,714.2,630.2,2.0,5172,5,5.0,1
1,18.4,51.8,85.5,585.7,514.7,749.6,714.2,640.2,2.0,5172,5,5.0,2
2,18.4,52.1,81.4,589.0,528.8,748.3,713.0,626.5,1.0,5172,2,4.0,2
2,16.2,42.5,65.6,610.4,581.9,794.2,764.7,717.4,0.0,3418,3,2.0,2
2,18.3,52.8,80.8,587.0,522.6,742.6,716.0,644.3,1.0,5172,2,4.0,1
2,18.3,53.0,81.6,593.7,531.9,748.5,715.1,628.8,1.0,5172,6,5.0,2
4,18.9,51.8,126.1,589.1,489.5,728.657142857143,669.8,599.8,1.0,1374,5,4.0,3
2,18.5,52.9,83.4,591.9,487.3,746.3,700.8,634.9,1.0,5172,6,4.0,2
2,28.4,53.6,83.8,592.5,510.7,751.4,712.6,658.8,1.0,5172,6,5.0,3
2,17.1,45.2,52.2,580.5,598.8,799.9,764.1,724.9,0.0,9241,4,5.0,1
4,19.6,52.3,116.0,592.5,445.1,721.5,670.1,575.9,1.0,4129,1,5.0,2
2,18.2,53.7,81.9,589.7,538.3,764.2,708.9,656.8,0.0,5172,4,5.0,1
1,18.6,49.7,85.5,583.5,509.1,757.3,804.4,657.5,1.0,5172,5,4.0,2
1,18.9,50.2,89.6,592.2,501.5,745.8000000000001,711.2,649.9,1.0,7395,5,4.0,2
2,18.2,54.1,226.7,599.6,534.8,756.0,719.7,663.1,0.0,5172,1,3.0,2
2,18.2,54.0,73.8,594.4,546.5,754.8,731.0,655.0,0.0,5172,3,5.0,1
2,29.14,54.1,79.5,593.6,519.6,753.2,701.1,651.4,0.0,5172,6,5.0,2
2,18.2,54.2,78.5,594.5,486.1,744.1142857142858,703.3,643.7,0.0,5172,2,5.0,1
2,18.4,54.0,39.7,591.8,498.3,744.8,718.9,629.0,0.0,5172,4,4.0,1
2,18.5,53.9,89.7,586.2,489.8,740.0,698.6,635.6,1.0,5172,4,4.0,2
2,18.4,54.1,88.1,587.2,499.4,746.6,695.2,646.3,1.0,5172,5,5.0,1
2,20.0,52.3,104.0,578.6,453.4,723.3,669.5,620.5,1.0,5172,5,4.0,1
2,20.6,51.6,109.5,579.6,459.6,723.5571428571428,685.1,612.8,1.0,5172,2,4.0,2
2,20.8,53.4,125.7,570.4,481.1,717.6,681.6,598.5,1.0,5172,4,4.0,3
2,22.0,52.6,144.6,559.5,338.6,671.5,628.8,562.9,2.0,5172,1,2.0,1
2,20.3,46.6,66.1,566.9,515.0,763.9,714.2,667.7,0.0,4703,5,4.0,1
2,22.1,53.9,155.8,559.6,314.6,683.3,627.1,550.5,2.0,5172,3,4.0,1
1,16.0,44.8,219.8,615.9,587.6,794.0,758.5,699.9,1.0,5820,2,4.0,2
2,22.1,53.8,6.0,564.3,327.5,675.0,567.8,549.0,2.0,5172,1,3.0,1
4,20.6,51.5,137.7,583.1,417.2,717.1,689.2,592.3,1.0,6847,5,5.0,2
3,23.2,54.5,127.1,547.2,428.0,689.9,650.1,558.5,2.0,8936,2,4.0,1
2,23.2,51.6,146.6,560.7,351.5,694.8,655.2,562.9,2.0,5172,5,1.0,2
4,20.9,54.3,119.1,552.5,437.1,719.9,674.3,604.7,2.0,9385,5,4.0,1
2,23.5,51.6,155.2,565.9,355.9,691.9,636.9,570.3,2.0,5172,5,2.0,1
2,23.4,52.4,150.0,568.2,359.9,679.0,641.0,572.4,2.0,5172,4,4.0,1
2,23.1,53.0,153.8,566.3,367.3,683.7,635.4,552.4,2.0,5172,4,5.0,1
2,23.2,52.6,147.7,562.9,364.6,686.0,857.1,553.6,2.0,5172,4,4.0,1
2,23.4,52.1,147.5,563.1,375.3,680.0,556.4,558.5,2.0,5172,2,5.0,1
1,19.4,49.6,87.7,613.1,520.4,767.2,737.2,669.8,1.0,3856,3,1.0,2
3,22.3,47.6,142.8,583.2,438.7,697.3,660.0,557.1,1.0,6847,6,4.0,1
2,23.5,51.6,147.0,558.2,381.3,679.9,641.6,559.8,2.0,5172,5,5.0,1
4,19.5,54.8,103.3,599.8,479.4,739.2,695.4,619.7,1.0,9127,4,4.0,3
2,24.4,49.0,148.1,565.9,382.5,686.7,645.5,553.5,2.0,5172,1,3.0,1
2,24.5,48.7,150.6,562.9,394.5,681.7,634.2,553.0,2.0,5172,4,5.0,1
3,23.3,46.9,119.9,586.0,438.1,721.4,677.3,608.0,2.0,9658,4,4.0,2
2,24.4,48.9,147.1,554.9,388.9,680.9,633.1,549.4,2.0,5172,2,3.0,1
2,29.700000000000003,50.2,151.1,567.5,393.7,683.2,649.3,565.1,2.0,5172,4,4.0,1
1,19.4,53.5,101.8,581.8,418.0,726.3,663.1,594.2,1.0,6528,4,5.0,1
3,23.8,50.5,146.6,562.0,387.8,682.3,643.6,556.3,2.0,5172,1,4.0,1
4,18.4,53.7,120.2,588.6,508.6,732.6,695.2,604.3,1.0,4129,3,4.0,3
1,7.0,52.2,79.8,585.1,527.9,763.8571428571428,863.5,652.2,1.0,3074,3,5.0,2
3,7.7,50.5,149.9,566.0,401.5,680.6,635.9,548.9,2.0,5172,3,4.0,1
3,29.700000000000003,50.0,144.1,562.5,384.4,688.6,649.8,561.1,2.0,5172,4,5.0,1
4,21.1,56.0,129.0,546.0,444.4,697.6,669.1,597.2,1.0,3592,1,4.0,1
2,18.6,53.6,80.6,589.6,481.3,744.2,701.9,631.4,1.0,5172,5,3.0,1
3,24.0,49.8,141.8,557.1,397.9,691.6,646.9,563.8,2.0,5172,5,5.0,3
3,24.2,49.6,143.2,560.2,401.1,683.5,647.5,557.8,2.0,5172,6,4.0,1
4,19.2,56.7,109.3,600.5,487.1,719.7,568.7,593.1,1.0,3856,2,3.0,3
4,18.0,52.2,24.5,593.0,496.0,749.0428571428571,713.9,658.1,0.0,5820,4,4.0,2
2,19.0,54.8,117.0,578.9,424.2,738.9,685.0,616.0,1.0,3074,6,3.0,3
3,23.4,51.3,144.8,569.3,395.3,691.7,646.6,551.4,2.0,5172,2,3.0,1
3,23.4,51.2,136.1,565.8,400.3,682.3,649.0,562.3,2.0,5172,2,3.0,1
3,24.3,49.4,145.7,563.0,415.3,680.3,650.0,566.3,2.0,5172,3,2.0,1
3,24.4,49.0,217.8,557.2,411.8,683.6,645.1,562.9,2.0,5172,6,4.0,1
3,22.2,51.8,98.8,606.8,473.9,739.2,681.8,606.1,1.0,7241,4,1.0,3
3,24.0,50.4,146.9,558.6,416.0,674.2,627.4,531.6,2.0,5172,5,5.0,1
3,24.0,50.4,234.1,565.4,410.3,672.3,644.5,547.6,2.0,5172,5,5.0,1
4,18.4,53.9,133.2,585.0,480.0,739.6142857142858,688.3,630.2,1.0,7963,4,4.0,3
3,24.1,50.4,147.7,562.1,385.7,676.2142857142857,628.7,532.3,2.0,5172,3,4.0,1
3,23.6,51.2,146.6,564.5,395.5,679.5,646.5,547.6,2.0,5172,6,5.0,1
2,23.2,50.6,128.8,571.4,400.7,659.7,574.3,513.2,2.0,3074,2,2.0,1
3,24.6,48.8,148.2,556.8,410.7,680.3,632.6,552.7,2.0,5172,6,3.0,1
3,24.1,50.1,6.1,556.2,416.4,677.4,638.8,547.7,2.0,5172,1,2.0,1
3,25.2,49.5,117.7,547.1,464.2,664.9,575.1,524.5,2.0,6817,2,2.0,1
2,19.6,45.5,96.8,596.7,399.3,747.2,700.6,641.2,2.0,5820,2,2.0,2
3,24.8,48.3,141.2,567.7,413.3,676.3,647.7,551.9,2.0,5172,5,4.0,1
1,6.9,42.6,74.3,617.1,566.6,789.5,808.6,692.9,1.0,8052,4,5.0,2
3,24.8,48.1,142.6,562.8,394.3,679.8,626.6,543.1,2.0,5172,1,2.0,1
3,24.6,48.4,147.9,568.7,394.4,681.657142857143,637.2,543.3,2.0,5172,3,5.0,1
3,24.3,49.3,182.4,556.9,404.2,672.7,636.4,542.3,2.0,5172,6,5.0,2
1,19.2,52.9,107.8,559.2,485.7,723.4,679.7,614.6,1.0,2847,2,5.0,1
3,24.8,48.5,148.0,561.1,367.4,671.5,624.2,546.6,2.0,5172,3,5.0,1
3,25.1,46.0,107.3,597.1,339.4,716.4,665.1,581.3,2.0,3856,2,3.0,1
4,18.3,50.8,122.6,585.9,415.5,733.0,662.6,581.7,1.0,3418,5,4.0,2
3,33.8,47.6,137.1,563.7,399.4,670.0,629.7,547.7,2.0,8649,4,5.0,1
1,18.8,56.0,114.7,605.1,498.6,746.9,702.4,639.9,1.0,9127,4,4.0,2
3,29.689999999999998,52.6,116.1,555.8,447.3,707.4428571428572,824.9,581.1,2.0,5214,5,5.0,1
3,24.3,49.1,137.3,564.5,375.8,671.9,637.5,536.6,2.0,8649,2,4.0,1
3,33.5,51.0,143.0,560.5,378.0,678.4,633.1,549.8,2.0,8649,3,4.0,1
3,23.1,51.8,142.0,564.2,363.7,670.0,623.6,546.7,2.0,8649,1,5.0,1
3,23.2,51.3,143.4,564.8,361.4,679.6,637.2,536.8,2.0,8649,5,3.0,1
3,29.62,51.8,140.6,571.0,360.1,682.3000000000001,636.0,545.8,2.0,8649,1,4.0,1
3,22.8,52.3,141.5,557.5,373.1,674.5,633.2,536.6,2.0,8649,3,5.0,1
3,22.9,51.8,136.7,564.1,367.3,681.0,633.4,531.2,2.0,8649,5,2.0,1
3,22.7,52.2,134.4,570.0,369.9,675.5,635.5,547.2,2.0,8649,1,4.0,1
3,22.6,52.5,142.4,567.3,350.8,681.7,645.9,545.1,2.0,8649,5,5.0,1
3,24.4,46.6,104.0,593.8,412.4,702.6,652.8,551.1,1.0,9127,6,2.0,1
2,19.0,56.0,69.9,569.8,573.8,757.3,724.3,664.8,0.0,3592,5,1.0,1
3,22.3,52.8,134.5,563.8,369.3,680.3,635.7,538.7,3.0,8649,5,4.0,1
3,22.2,53.0,143.4,558.3,386.5,678.2571428571429,645.5,541.7,3.0,8649,6,4.0,2
3,23.3,49.8,40.2,554.2,399.8,628.1,548.6,483.2,4.0,7058,4,4.0,1
3,22.2,53.2,137.8,559.2,379.6,679.8,638.8,547.4,3.0,8649,1,5.0,1
3,22.0,53.3,140.9,559.9,363.1,683.1,645.9,546.6,2.0,8649,6,5.0,1
3,29.510000000000005,53.5,143.9,564.0,367.4,682.0,640.2,550.0,2.0,8649,6,3.0,1
1,21.7,52.4,107.0,548.6,490.5,711.9,667.2,606.0,2.0,7058,1,5.0,1
3,22.1,51.6,125.6,557.2,446.6,703.2,630.1,569.8,2.0,7058,1,2.0,1
1,19.4,53.0,119.5,571.4,421.1,717.4,679.4,601.1,2.0,5172,5,3.0,1
1,20.2,58.3,126.6,547.6,471.0,725.1,674.6,615.5,1.0,8936,1,4.0,1
4,29.460000000000004,54.4,139.6,567.5,361.5,683.4857142857144,654.1,538.7,2.0,8649,3,5.0,1
3,25.3,51.7,19.0,548.2,431.9,698.6,643.2,582.0,2.0,8936,4,5.0,1
4,29.0,55.1,143.7,561.4,370.9,683.8,638.8,548.4,2.0,8649,1,5.0,1
4,21.2,55.1,145.6,559.6,367.3,687.1,635.7,560.7,2.0,8649,2,4.0,1
4,21.2,55.2,146.7,565.3,368.9,682.9,630.4,550.3,2.0,8649,3,4.0,1
1,19.9,49.0,86.9,614.7,514.5,752.8,728.2,655.7,0.0,3856,4,4.0,2
1,19.6,52.2,102.6,559.2,496.5,750.6428571428571,701.8,648.7,1.0,9241,4,5.0,2
4,29.410000000000004,55.4,143.7,562.1,358.6,689.6,640.6,542.7,2.0,8649,3,4.0,1
3,23.6,54.0,131.0,555.6,418.5,677.1,617.0,543.5,2.0,4761,1,2.0,1
4,11.1,55.6,145.0,559.8,361.5,688.1,490.9,542.9,2.0,8649,1,4.0,1
4,21.2,56.1,120.5,553.0,440.1,702.8000000000001,665.2,584.0,1.0,3592,3,5.0,1
4,20.8,55.5,139.2,563.2,360.9,686.9,640.6,552.8,2.0,8649,4,4.0,2
1,19.7,53.3,124.4,572.4,468.7,741.7285714285714,695.9,638.8,1.0,7395,6,4.0,1
4,20.6,55.7,40.0,558.6,387.9,689.6,828.4,558.6,2.0,8649,3,4.0,1
4,28.0,55.8,150.3,560.7,385.1,691.9,640.4,560.2,2.0,8649,2,5.0,2
3,25.4,45.6,105.3,597.7,393.8,718.2,477.7,587.5,2.0,3856,1,5.0,1
4,20.5,55.9,144.2,564.7,377.4,686.9,634.2,562.5,2.0,8649,1,4.0,1
4,20.5,55.8,148.5,555.6,376.0,689.4,645.9,559.1,2.0,8649,2,1.0,1
4,20.5,55.8,147.0,552.5,370.3,693.5,653.0,561.1,2.0,8649,2,5.0,1
4,20.5,55.6,146.4,562.4,388.6,695.0,650.9,561.6,2.0,8649,4,3.0,1
4,19.0,52.9,113.0,586.1,484.1,718.4,683.7,588.6,1.0,4129,4,5.0,2
4,29.360000000000003,55.7,140.1,559.4,380.3,696.4,649.1,567.9,2.0,8649,5,5.0,2
4,20.4,55.6,143.6,562.5,383.0,696.8,653.4,566.7,2.0,8649,1,2.0,1
1,17.8,55.0,127.5,592.1,505.4,741.3,698.4,637.1,1.0,9658,5,3.0,1
4,21.1,54.5,145.1,569.7,438.7,704.5,653.6,589.5,2.0,9184,1,5.0,1
4,20.1,56.1,141.5,566.0,415.4,706.4,666.5,575.2,2.0,8649,6,5.0,1
2,29.54,48.6,184.7,569.4,383.1,701.2,653.7,563.4,2.0,7963,1,4.0,1
4,20.2,55.8,141.2,557.6,387.3,701.7285714285715,657.0,576.1,2.0,8649,2,5.0,1
4,29.060000000000002,53.3,126.7,594.7,499.2,751.5,713.9,651.0,0.0,5820,2,5.0,1
4,20.2,55.8,139.2,562.9,392.7,705.0,666.2,575.0,2.0,8649,4,4.0,1
1,28.950000000000003,41.6,78.9,602.7,561.0,784.2,741.1,691.9,1.0,8052,3,4.0,1
4,20.2,55.8,142.0,568.2,384.5,704.2,658.0,582.6,2.0,8649,6,4.0,1
4,19.5,53.4,129.8,586.3,441.1,728.1142857142858,674.4,612.5,1.0,6847,3,5.0,3
4,20.1,55.8,111.0,601.4,434.1,709.8857142857142,648.6,566.0,1.0,3856,2,5.0,1
2,23.2,52.1,117.6,555.6,474.6,713.8,660.6,611.2,1.0,5214,1,2.0,1
4,20.0,56.0,136.8,562.6,406.7,714.8,671.1,607.7,2.0,8649,4,5.0,1
3,23.3,51.0,133.0,564.4,423.2,689.2,591.6,534.0,2.0,3074,2,1.0,1
4,19.8,56.1,134.0,560.7,390.9,729.5,671.1,602.9,2.0,8649,1,5.0,1
4,19.9,55.8,140.8,566.2,381.5,709.7,672.4,589.0,2.0,8649,5,5.0,1
4,19.8,56.0,146.7,559.1,411.7,712.7,680.2,588.8,2.0,8649,4,5.0,1
4,19.7,56.1,143.4,563.0,407.0,714.0,671.1,595.2,2.0,8649,5,4.0,1
4,19.6,56.2,138.4,564.5,402.1,716.7,679.7,593.6,2.0,8649,4,3.0,2
2,22.2,48.6,202.5,569.4,383.1,701.2,653.7,563.4,2.0,7963,1,4.0,1
4,29.27,56.4,138.2,563.1,427.5,722.3,687.1,611.6,2.0,8649,2,1.0,1
4,19.5,56.4,139.5,560.2,434.2,726.6,691.7,612.3,2.0,8649,2,4.0,1
1,17.0,45.9,66.6,569.0,578.2,791.1,749.0,695.5,0.0,9241,2,4.0,2
1,18.6,52.3,72.5,568.3,575.6,764.8,735.0,668.7,1.0,3592,6,5.0,2
4,18.2,54.1,135.4,577.1,481.8,724.7,673.5,607.0,1.0,7963,4,5.0,2
4,19.4,56.7,144.7,567.9,388.1,713.1,677.6,596.9,2.0,8649,2,4.0,1
4,19.5,56.5,143.1,568.1,405.9,719.5,678.6,598.3,2.0,8649,5,3.0,1
4,19.5,56.5,136.7,563.4,402.2,714.7,671.7,589.9,2.0,8649,2,4.0,1
4,19.4,56.6,134.8,562.9,401.7,715.7,666.5,589.2,2.0,8649,6,4.0,1
3,24.4,48.7,112.9,547.1,449.1,736.5,683.5,626.9,1.0,9241,4,5.0,1
4,19.5,56.3,143.8,567.5,390.3,720.8,680.9,596.0,2.0,8649,1,4.0,1
1,12.1,44.8,67.2,626.8,603.7,792.2428571428571,759.5,720.7,0.0,5693,1,4.0,1
4,19.3,56.8,197.3,563.4,420.4,724.3,682.6,597.5,2.0,8649,4,1.0,1
1,19.3,56.8,141.4,566.6,418.8,727.6,678.6,619.1,2.0,8649,6,4.0,2
2,19.0,53.2,104.5,574.1,444.9,724.3,659.9,593.2,2.0,7395,6,5.0,3
2,19.6,52.0,14.5,619.5,530.1,762.4,735.7,685.6,0.0,3856,4,5.0,3
1,19.3,56.8,142.4,567.0,426.0,724.6,681.3,610.4,2.0,8649,2,4.0,1
3,22.6,55.0,134.7,562.6,419.9,690.4,627.8,554.7,2.0,4761,4,3.0,1
1,19.2,57.0,143.1,564.5,411.0,720.0571428571428,687.1,598.2,1.0,8649,5,5.0,1
1,19.2,57.0,142.4,567.0,428.0,717.4,686.6,594.1,1.0,8649,2,4.0,1
1,19.1,57.3,143.1,559.5,413.0,726.8,676.9,604.5,2.0,8649,1,4.0,1
1,19.2,57.2,136.1,557.3,408.2,725.3,675.2,597.3,2.0,8649,5,5.0,1
1,18.0,41.6,84.6,595.9,515.6,769.3,565.7,662.5,1.0,8052,2,5.0,2
4,19.3,49.7,119.9,581.2,457.4,736.8,836.8,621.4,1.0,6431,6,4.0,1
4,21.0,54.3,117.1,565.0,396.2,689.1,643.5,574.7,3.0,6528,1,5.0,1
1,19.1,57.4,139.7,565.7,427.6,727.3,674.6,628.3,1.0,8649,4,2.0,3
1,19.0,57.5,23.5,565.9,420.5,720.1,676.7,612.9,2.0,8649,6,2.0,1
1,19.0,57.5,142.7,562.0,414.4,718.3,685.2,610.7,1.0,8649,4,5.0,1
4,21.4,53.8,121.9,559.1,435.6,701.3,660.8,581.0,2.0,9385,1,4.0,1
1,18.9,57.7,146.6,564.7,439.3,724.1571428571427,679.7,610.5,1.0,8649,5,5.0,1
1,19.0,57.3,17.5,566.6,420.3,732.2,679.2,605.8,2.0,8649,5,5.0,1
4,20.7,52.5,120.8,574.6,420.0,715.1857142857143,683.6,584.1,1.0,7395,4,4.0,1
1,19.0,57.2,143.7,563.8,400.0,724.9,470.5,608.1,1.0,8649,5,2.0,1
2,21.4,47.4,97.9,596.3,499.1,738.5,691.2,639.1,1.0,9658,5,1.0,2
3,23.1,46.7,118.6,588.2,438.6,725.8,682.5,602.0,2.0,9658,3,4.0,3
1,18.8,57.8,143.3,562.3,432.1,722.8142857142857,850.4,618.1,1.0,8649,6,5.0,3
1,18.8,57.6,138.9,568.1,439.2,726.3,677.8,617.5,1.0,8649,6,3.0,1
1,18.8,57.7,142.1,566.5,436.4,728.7,680.1,615.3,1.0,8649,5,5.0,1
1,18.9,57.4,140.7,561.7,431.3,728.3,686.5,618.9,1.0,8649,3,5.0,1
2,18.6,50.3,78.3,603.5,521.0,760.5,716.2,644.5,0.0,7395,3,4.0,2
1,19.0,55.7,134.9,566.2,448.9,725.0,676.5,619.8,1.0,8649,3,4.0,3
2,24.4,45.9,112.5,578.1,447.0,721.4,664.4,605.2,1.0,4507,3,4.0,3
1,11.6,56.2,129.8,569.8,410.2,716.3,675.0,588.1,1.0,8649,4,2.0,1
2,23.8,49.6,102.8,543.4,413.5,719.3,648.1,564.6,2.0,4703,1,5.0,1
1,18.6,56.7,122.3,571.0,432.6,724.3857142857144,675.5,603.6,2.0,8649,5,2.0,1
1,18.6,56.9,127.3,574.0,429.2,717.4,661.2,598.5,2.0,8649,6,4.0,1
1,18.6,56.9,126.7,567.8,448.7,729.5,671.3,607.4,2.0,8649,4,2.0,1
1,18.6,56.8,221.0,566.8,448.1,722.3142857142857,676.6,606.4,0.0,8649,1,5.0,1
3,22.2,55.2,106.2,552.1,447.7,697.4,649.7,576.2,2.0,5214,1,4.0,1
1,18.7,56.4,122.8,575.3,434.1,715.8,672.3,603.7,2.0,8649,4,5.0,1
1,18.6,53.1,69.1,570.7,582.5,763.7,721.8,667.5,0.0,3592,5,5.0,1
4,13.5,54.6,131.2,551.8,463.3,683.3,626.6,554.9,3.0,7058,6,5.0,1
3,23.5,50.3,129.5,565.9,415.4,682.9571428571428,606.7,529.6,2.0,3074,1,5.0,1
1,29.22,55.1,110.4,571.5,444.4,728.0,688.5,619.5,2.0,3074,6,4.0,2
1,19.0,53.7,101.8,574.5,478.4,743.2,700.7,643.7,2.0,3074,1,3.0,1
1,18.9,53.1,94.9,580.3,508.6,750.8,716.9,653.8,2.0,3074,5,2.0,3
1,19.6,55.7,124.4,557.6,476.7,733.9,683.3,633.2,1.0,2847,1,1.0,2
2,23.4,51.9,147.4,560.5,374.6,688.3,640.5,553.1,2.0,5172,6,3.0,2
1,18.8,51.2,209.4,589.1,530.7,765.6,722.5,658.3,1.0,3074,6,4.0,2
2,18.7,53.0,94.1,590.0,477.0,721.8714285714286,659.2,584.0,2.0,7395,3,4.0,1
1,18.9,50.5,78.2,595.1,535.1,764.9,723.2,663.7,1.0,3074,6,5.0,1
4,19.1,53.5,119.8,588.8,438.1,737.7,694.9,617.5,1.0,6847,4,3.0,1
1,19.2,55.0,24.5,576.7,475.0,728.3,694.5,620.3,1.0,6528,3,3.0,2
1,18.8,52.1,77.7,592.0,500.6,756.9,701.9,634.0,0.0,3074,1,5.0,2
1,19.0,52.0,84.0,585.5,466.8,749.3,707.8,619.9,1.0,3074,2,4.0,2
1,19.1,52.0,85.7,584.6,455.3,730.7428571428572,497.1,619.0,1.0,3074,3,4.0,1
2,19.0,52.6,92.9,579.0,477.1,744.3,713.8,624.7,1.0,3074,4,4.0,3
2,18.9,53.2,91.3,578.0,472.6,747.7,709.6,631.5,1.0,3074,6,5.0,2
2,18.9,53.4,95.0,583.5,457.5,736.9571428571428,702.4,625.8,1.0,3074,3,3.0,1
2,18.4,48.4,63.9,616.4,563.6,783.3,743.7,688.8,0.0,1482,3,5.0,3
2,19.0,53.4,102.0,588.4,446.4,735.9,697.0,633.4,1.0,3074,4,4.0,2
1,19.3,56.8,142.8,564.1,412.7,723.0,688.1,622.3,1.0,8649,3,5.0,1
2,29.22,53.7,101.5,575.9,459.2,734.3,706.3,626.1,1.0,3074,1,3.0,1
2,19.0,53.8,103.9,580.5,438.9,731.4,696.0,628.4,1.0,3074,1,5.0,3
2,19.1,53.8,105.8,579.3,456.4,730.7,699.8,618.7,1.0,3074,2,4.0,1
4,20.1,50.8,117.5,594.7,425.3,739.8,691.9,616.9,2.0,9658,2,3.0,2
2,28.960000000000004,45.7,61.3,622.1,628.2,792.1000000000001,757.1,708.8,0.0,3418,2,3.0,1
2,19.1,54.8,117.2,573.9,397.2,724.2,670.6,598.0,1.0,3074,3,5.0,2
2,29.060000000000002,45.8,56.8,575.6,572.4,795.3857142857142,762.7,715.6,0.0,9241,3,4.0,2
2,13.4,55.1,121.2,578.9,422.5,725.7428571428571,684.0,622.3,1.0,3074,4,2.0,3
2,19.4,54.0,114.1,573.9,422.0,724.4,683.9,609.7,1.0,3074,1,3.0,2
2,19.4,53.9,123.6,569.9,416.7,724.0,681.3,603.7,1.0,3074,2,3.0,1
2,19.4,53.8,127.2,569.0,416.7,718.7,686.2,621.3,1.0,3074,6,5.0,3
2,19.4,54.0,123.7,575.2,419.9,726.2142857142857,686.9,613.1,1.0,3074,1,2.0,2
2,19.1,54.7,124.1,567.8,436.9,728.9,688.4,622.2,1.0,3074,6,5.0,1
2,19.2,54.6,188.4,564.8,416.0,735.1,691.3,608.2,1.0,3074,4,3.0,2
2,19.3,54.3,123.6,569.0,419.0,721.5,678.2,590.9,1.0,3074,2,1.0,1
2,19.7,53.6,128.9,567.4,423.7,712.5,677.9,599.8,1.0,3074,6,5.0,1
2,19.9,54.0,150.9,563.0,425.8,712.9,657.5,611.1,2.0,3074,1,4.0,1
1,16.9,49.6,81.8,611.6,552.7,762.7,714.8,660.6,1.0,7963,3,4.0,1
4,20.3,55.8,137.7,563.1,365.8,691.0,629.2,544.0,2.0,3074,2,5.0,1
2,29.42,52.0,150.2,566.6,432.2,688.9,606.1,526.0,2.0,3074,5,4.0,1
2,21.5,50.7,132.2,566.0,447.1,691.0,610.1,543.5,2.0,3074,1,5.0,2
2,21.0,51.8,127.2,571.5,461.2,706.3714285714286,637.7,572.9,2.0,3074,1,4.0,1
1,19.4,57.0,118.1,599.1,457.9,745.7,693.2,632.8,2.0,7241,3,4.0,1
4,19.4,54.7,109.9,604.4,486.5,735.2,711.8,634.7,1.0,9127,3,4.0,2
2,21.5,52.1,120.5,572.8,448.0,702.9,636.1,562.4,1.0,3074,5,5.0,1
2,21.5,52.3,122.4,563.4,378.0,702.3,622.7,561.6,2.0,3074,5,5.0,1
2,29.52,51.2,114.3,571.5,387.9,695.2,627.0,569.7,2.0,3074,3,4.0,1
3,22.8,47.0,103.1,558.2,449.2,705.9,650.7,602.6,2.0,2847,4,4.0,1
2,19.9,50.3,105.2,581.9,446.2,714.9,673.1,607.5,2.0,6431,3,3.0,1
2,22.4,50.7,123.8,569.8,393.6,706.3,517.4,573.4,2.0,3074,1,4.0,1
2,22.2,51.3,121.9,568.4,379.9,688.9714285714284,635.8,567.3,2.0,3074,3,5.0,1
2,22.2,51.2,119.4,567.3,400.1,706.9,647.3,581.3,2.0,3074,4,5.0,1
2,23.2,42.6,80.7,611.5,513.2,751.9,707.0,640.4,1.0,5693,2,5.0,2
2,22.3,51.5,126.5,566.5,399.3,703.3,642.1,586.1,2.0,3074,1,4.0,1
2,22.4,51.4,126.5,569.9,406.6,697.0,644.8,565.5,2.0,3074,4,5.0,1
4,19.7,52.6,107.7,552.1,467.6,724.7,679.8,594.0,1.0,2847,5,5.0,1
2,22.6,51.3,123.0,566.8,415.1,699.8,646.9,576.8,2.0,3074,5,1.0,1
2,22.9,50.8,121.4,568.9,401.5,703.6571428571427,827.2,562.4,3.0,3074,2,4.0,1
3,23.6,47.0,137.3,583.7,464.4,716.8,671.4,581.0,1.0,4129,3,4.0,1
4,8.1,53.2,128.4,589.5,442.5,733.7,681.6,601.3,1.0,6847,1,4.0,3
3,29.480000000000004,45.4,91.8,593.9,500.4,738.9,708.2,641.4,0.0,3418,1,5.0,2
3,29.330000000000002,49.9,113.8,583.2,447.5,717.4,672.5,605.1,2.0,6431,3,3.0,2
4,20.9,53.6,95.8,548.2,480.4,719.5714285714286,665.3,580.1,1.0,4703,4,3.0,1
3,29.75,49.9,114.4,544.8,452.7,687.4,658.5,583.5,3.0,6817,6,3.0,1
2,21.1,51.3,105.0,588.7,455.2,726.9,684.5,618.3,2.0,7395,4,5.0,2
2,19.3,53.8,89.5,581.0,455.8,735.7,679.1,616.4,1.0,6528,5,5.0,1
3,23.2,50.6,125.5,561.0,407.8,663.2,572.3,497.4,2.0,3074,1,5.0,3
3,23.4,49.9,180.3,564.7,397.7,662.0,564.8,505.5,1.0,3074,3,2.0,1
2,19.8,47.7,107.4,599.4,513.7,747.8,715.1,654.2,0.0,1374,2,4.0,1
4,19.6,52.2,114.9,595.4,464.3,713.6,663.3,582.4,1.0,4129,2,4.0,1
3,29.630000000000003,51.4,191.5,568.6,420.7,668.8,571.1,535.7,2.0,3074,1,5.0,2
3,23.5,50.8,135.2,562.2,408.9,673.9,583.4,511.3,2.0,3074,3,4.0,2
3,23.5,50.4,133.4,560.6,408.3,678.8,585.4,534.7,2.0,3074,6,5.0,1
3,23.3,50.6,129.0,567.2,413.8,676.5,589.5,523.5,2.0,3074,2,5.0,1
3,23.2,51.0,131.6,569.8,414.6,679.9,601.0,536.1,2.0,3074,6,2.0,1
3,23.5,50.3,129.5,565.9,415.4,676.4,606.7,529.6,2.0,3074,1,5.0,1
3,23.3,50.8,135.6,560.4,427.2,681.8714285714286,604.0,524.2,2.0,3074,3,4.0,1
3,23.8,49.9,130.4,561.2,425.6,684.4,598.5,531.8,2.0,3074,5,4.0,1
2,18.9,53.9,96.9,572.1,516.2,703.657142857143,640.6,570.7,2.0,1903,4,4.0,1
4,29.37,57.2,130.7,558.8,446.5,710.4,562.4,594.7,1.0,4761,6,4.0,1
4,19.9,52.8,135.4,586.3,423.4,719.4,677.5,598.0,1.0,6847,5,3.0,3
3,23.1,51.5,135.2,571.4,428.9,679.3714285714286,610.3,533.6,2.0,3074,2,4.0,1
3,23.2,51.3,127.4,568.5,409.0,686.8,600.2,540.2,2.0,3074,4,5.0,1
3,23.4,50.8,215.5,562.8,406.8,684.4,598.5,546.7,2.0,3074,1,4.0,1
3,23.8,49.9,224.3,565.0,429.7,678.7,601.5,540.7,2.0,3074,5,5.0,1
3,24.0,49.7,132.7,560.5,419.7,682.5142857142857,601.7,542.7,2.0,3074,4,4.0,1
3,23.5,50.9,134.1,565.6,432.0,681.7,599.4,538.2,2.0,3074,5,4.0,1
3,23.2,51.5,133.4,568.3,424.7,684.6,597.6,532.6,2.0,3074,1,4.0,1
3,23.3,51.5,132.2,569.6,407.1,681.5,603.9,535.8,2.0,3074,2,5.0,1
3,23.6,50.7,129.8,558.0,407.0,681.1,608.8,538.6,2.0,3074,5,5.0,1
1,27.7,56.8,142.9,562.7,426.7,697.4,474.8,564.5,2.0,6528,5,4.0,1
2,16.3,45.8,74.6,607.4,528.1,769.0,731.7,667.4,0.0,8052,1,3.0,2
1,16.8,49.6,115.2,585.2,489.9,742.8,709.1,646.1,2.0,8052,2,2.0,2
3,23.7,51.2,201.8,562.7,409.5,680.4,603.6,527.0,2.0,3074,5,3.0,1
3,29.710000000000004,50.3,142.8,569.9,406.2,678.5,608.3,540.1,2.0,3074,2,4.0,1
3,24.1,50.0,144.5,563.7,394.0,681.5,605.2,534.8,2.0,3074,3,4.0,1
1,19.7,45.7,80.4,612.6,411.1,751.5,714.6,639.1,1.0,2105,4,4.0,2
3,24.3,49.5,142.7,567.3,394.8,680.8142857142857,610.3,537.6,2.0,3074,4,5.0,2
3,24.3,49.5,137.6,562.1,398.2,679.1428571428571,598.6,536.6,2.0,3074,2,2.0,1
2,20.3,49.8,102.2,601.7,516.8,753.8,705.8,640.5,1.0,4129,2,3.0,2
2,21.3,50.9,126.7,570.5,483.4,726.8,684.1,614.1,2.0,9184,2,5.0,2
3,23.6,50.9,141.8,554.8,406.5,678.3,603.1,547.1,2.0,3074,4,5.0,1
3,23.6,51.0,140.5,563.0,407.2,682.2,609.9,535.0,2.0,3074,6,4.0,1
3,24.5,49.2,137.4,564.4,412.3,690.0,614.5,531.3,2.0,3074,4,5.0,1
3,24.5,48.9,133.8,565.4,394.3,680.4,602.8,534.7,2.0,3074,2,5.0,1
2,18.6,46.7,72.3,582.1,541.7,763.9,464.2,666.7,0.0,2847,5,4.0,2
3,24.5,49.1,137.1,561.2,402.7,678.7,606.2,542.8,2.0,3074,6,3.0,1
3,24.4,49.1,139.7,554.9,385.2,675.0857142857142,600.6,539.1,2.0,3074,5,5.0,1
3,24.3,49.3,139.9,558.0,393.7,668.3,611.1,526.6,2.0,3074,5,4.0,1
3,24.0,50.0,140.3,561.7,382.1,679.3,597.7,525.3,2.0,3074,5,4.0,1
3,24.1,49.7,133.0,560.1,400.9,680.4,607.3,538.0,2.0,3074,2,2.0,1
3,23.8,50.4,191.1,558.5,378.1,677.8714285714285,589.0,542.0,2.0,3074,3,4.0,1
3,22.9,52.0,11.5,559.8,329.0,669.7,599.3,526.8,2.0,3074,2,2.0,1
3,24.8,52.4,118.1,553.4,481.4,706.9,661.4,585.2,2.0,8936,1,5.0,1
3,23.4,51.4,139.3,569.3,345.3,674.1,596.8,525.4,2.0,3074,4,3.0,1
3,29.630000000000003,51.7,134.7,560.2,346.5,672.1,600.2,530.3,2.0,3074,5,5.0,1
3,23.0,52.1,144.6,560.8,341.7,667.6,608.4,531.2,2.0,3074,2,5.0,1
2,18.0,47.4,77.8,616.3,504.8,752.4,704.5,631.8,1.0,5693,6,5.0,1
2,18.9,50.3,83.6,576.0,513.0,744.9,710.7,644.8,0.0,2847,3,1.0,2
3,23.8,50.6,18.6,571.1,403.3,678.5,812.6,546.2,2.0,5172,1,4.0,1
4,21.6,55.4,126.4,548.4,455.4,705.8,663.4,582.8,1.0,3592,4,5.0,1
4,22.6,52.4,140.7,557.8,341.4,677.7,595.4,526.4,3.0,3074,2,4.0,1
2,17.2,45.9,57.4,577.0,590.6,794.2285714285715,752.3,718.3,0.0,9241,5,4.0,2
4,22.6,52.3,142.7,560.6,336.9,674.5,599.2,530.5,3.0,3074,6,5.0,1
4,19.2,50.7,116.1,598.0,456.5,723.3,698.6,622.8,1.0,2105,3,4.0,2
2,23.5,50.1,114.1,537.9,446.5,714.0000000000001,875.7,570.2,3.0,4703,3,3.0,1
4,22.0,53.6,146.3,559.6,339.2,671.7,603.6,512.6,2.0,3074,6,4.0,1
1,20.0,57.8,131.3,549.4,466.7,708.5714285714286,668.8,597.9,1.0,3592,3,3.0,1
4,21.5,54.3,141.8,556.8,340.6,668.6,614.2,528.9,2.0,3074,2,5.0,1
4,29.47,54.0,21.1,559.6,333.5,671.4,608.8,533.9,2.0,3074,4,2.0,1
4,21.4,54.3,142.1,560.6,329.5,668.8,605.4,537.9,2.0,3074,3,4.0,1
4,19.5,51.4,113.4,604.4,467.5,736.0,690.4,620.5,1.0,8374,1,5.0,2
4,21.3,54.3,144.2,564.4,361.0,674.8,614.4,533.5,2.0,3074,3,4.0,1
2,19.2,54.1,224.3,584.8,439.3,726.8,688.4,606.4,1.0,6528,4,5.0,3
4,19.2,51.3,116.3,596.7,479.6,735.1,702.1,639.0,1.0,8374,4,3.0,3
4,29.460000000000004,53.6,141.1,560.1,342.0,674.9857142857144,620.6,532.9,2.0,3074,2,5.0,1
4,29.460000000000004,53.7,144.5,561.4,344.3,673.7,613.1,542.2,2.0,3074,6,5.0,1
4,21.3,54.0,147.1,557.0,340.3,672.9,622.4,526.6,2.0,3074,3,4.0,1
4,21.0,47.6,118.1,594.3,441.5,736.2,693.2,619.8,2.0,2105,2,4.0,3
4,21.2,54.1,133.9,558.4,360.7,682.857142857143,629.0,539.9,2.0,3074,6,4.0,1
4,19.8,52.1,141.4,579.1,451.6,728.6,852.0,598.6,1.0,7963,5,4.0,2
4,21.3,54.9,140.3,564.3,358.9,684.5,645.2,546.9,2.0,8649,5,5.0,1
4,20.9,54.9,142.9,557.4,351.5,678.4,615.8,537.8,2.0,3074,4,3.0,1
2,22.4,48.0,97.4,587.5,495.0,731.6,700.6,640.0,1.0,1826,1,5.0,2
4,29.400000000000002,54.8,141.1,569.0,356.9,676.6,624.2,538.9,2.0,3074,1,4.0,1
4,20.7,55.2,223.1,564.1,354.7,678.8,631.4,547.9,2.0,3074,2,5.0,1
4,20.7,55.1,137.7,558.8,362.8,684.3,614.3,544.3,2.0,3074,5,2.0,1
1,19.8,53.5,123.7,571.6,478.4,742.7,703.2,643.7,1.0,7395,6,5.0,1
4,19.0,52.8,120.4,592.1,477.1,723.0285714285714,679.1,582.2,1.0,4129,2,3.0,1
4,20.8,55.0,135.1,565.8,358.1,692.7,863.1,541.4,2.0,3074,1,2.0,1
3,24.0,49.7,109.1,547.7,440.9,725.6,679.4,618.3,1.0,9241,5,4.0,1
1,17.1,50.8,72.0,604.6,557.7,773.9,742.7,685.9,1.0,4129,1,5.0,2
4,20.6,55.3,137.1,559.0,384.1,684.9,620.0,547.0,2.0,3074,1,4.0,1
1,19.8,58.8,134.4,544.8,477.1,700.4,564.1,569.8,2.0,8936,2,5.0,1
1,19.3,52.9,113.6,562.9,483.1,726.4,671.4,617.0,1.0,2847,2,1.0,3
4,29.37,55.3,139.4,562.4,380.9,677.2,623.8,544.2,2.0,3074,4,5.0,1
4,20.5,55.4,139.5,560.8,378.7,686.2,630.8,549.5,2.0,3074,6,4.0,1
4,20.5,55.5,142.6,562.3,365.4,681.5,622.0,547.4,2.0,3074,3,5.0,1
2,22.3,47.5,115.2,599.0,495.7,736.7,698.3,617.3,1.0,4129,3,4.0,1
4,20.4,55.6,137.4,559.3,367.4,688.4,640.6,556.4,2.0,3074,2,4.0,1
1,33.0,56.8,114.9,594.1,474.8,739.8,683.3,620.5,2.0,7241,2,2.0,1
4,20.4,55.6,141.6,567.1,379.5,685.0,628.4,553.0,2.0,3074,4,5.0,1
4,20.4,55.5,175.6,561.8,376.1,692.1,633.1,545.3,2.0,3074,6,4.0,1
4,21.9,49.2,104.8,559.6,428.0,704.8,650.2,572.9,2.0,2847,5,5.0,1
1,18.0,51.2,122.3,578.6,491.9,740.6,695.9,628.9,1.0,6431,6,4.0,2
3,24.7,48.3,140.8,563.5,412.9,684.1,610.3,534.3,2.0,3074,4,4.0,1
4,20.3,55.6,137.7,563.2,370.4,691.8,638.3,545.2,2.0,3074,2,5.0,1
3,34.2,47.3,130.4,576.1,385.2,707.9,660.1,574.4,1.0,6847,5,4.0,1
4,20.3,55.5,142.4,561.5,371.6,692.6,632.3,555.5,2.0,3074,5,4.0,1
3,24.6,48.5,97.9,599.4,470.1,732.0,687.4,603.8,1.0,7241,6,4.0,3
1,20.2,55.5,134.6,566.1,385.2,692.4,643.7,557.2,2.0,6528,6,4.0,1
1,20.0,56.0,135.5,566.2,380.5,699.8,634.6,558.2,2.0,6528,4,5.0,1
1,20.1,55.8,136.4,560.0,374.3,689.3,645.1,556.5,2.0,6528,2,4.0,1
1,20.0,56.1,142.1,560.4,389.3,695.6,640.8,560.5,2.0,6528,3,4.0,1
2,20.7,47.3,98.7,606.5,450.7,747.6,562.0,634.4,2.0,1482,6,4.0,3
1,20.1,55.7,141.2,560.1,384.6,691.6,645.0,564.6,2.0,6528,2,5.0,1
1,20.0,55.8,142.6,565.2,383.3,696.7,642.2,567.2,2.0,6528,2,5.0,1
1,20.1,55.5,136.1,560.3,382.1,697.3,644.8,569.3,2.0,6528,4,4.0,1
4,20.8,53.2,119.3,577.5,473.0,716.9,676.9,604.4,1.0,4507,1,4.0,1
1,20.1,55.7,141.2,564.5,397.6,699.0,658.3,572.1,2.0,6528,6,1.0,1
4,19.9,52.2,104.4,551.3,497.1,739.4,702.1,626.6,1.0,9241,2,4.0,1
1,20.0,55.8,138.8,562.4,398.6,703.5,647.7,565.4,2.0,6528,2,3.0,1
1,19.9,55.9,142.4,562.7,387.4,698.9,655.6,568.7,2.0,6528,1,2.0,1
1,19.8,56.2,143.9,569.3,396.5,704.7,646.9,579.2,2.0,6528,6,5.0,1
2,20.1,47.4,92.8,599.1,511.5,746.1,707.4,647.8,0.0,3418,3,4.0,2
1,19.8,56.2,138.3,561.8,416.8,705.0,658.2,571.4,2.0,6528,2,2.0,2
1,19.8,56.0,141.4,564.0,393.7,711.9,645.2,578.0,2.0,6528,3,5.0,1
2,29.72,46.6,107.4,579.3,453.0,726.3285714285714,685.8,622.4,2.0,7395,2,4.0,2
1,19.7,56.3,134.3,565.3,404.9,707.9,654.6,578.4,2.0,6528,6,4.0,1
1,19.7,56.0,132.5,566.7,402.1,703.2,651.1,572.9,2.0,6528,2,1.0,1
1,19.6,56.5,1.0,557.7,400.7,688.5,638.8,559.5,2.0,6528,5,4.0,1
1,19.7,54.0,125.6,566.4,413.6,688.0857142857142,616.5,558.4,2.0,6528,1,3.0,1
3,21.4,55.4,112.6,597.9,438.3,719.6,670.1,597.8,3.0,7241,5,5.0,1
3,24.3,47.5,110.8,579.4,463.8,722.7,669.9,610.6,1.0,4507,4,4.0,3
1,19.5,52.6,110.8,571.0,446.1,707.1285714285715,635.6,566.4,1.0,6528,5,2.0,1
3,23.4,52.2,113.9,542.8,491.5,715.8,566.5,588.4,1.0,1458,6,4.0,1
1,19.4,52.2,102.4,573.2,422.8,707.5,650.7,567.5,2.0,6528,6,4.0,1
1,19.4,51.8,105.1,574.1,440.6,717.2,650.8,584.0,2.0,6528,6,4.0,1
1,19.4,52.1,100.5,574.8,462.2,709.0,659.5,582.5,1.0,6528,5,4.0,2
1,19.3,52.0,97.2,579.9,457.0,724.7,666.3,583.8,2.0,6528,5,1.0,2
1,19.4,51.6,101.2,579.2,445.5,710.7,663.1,582.4,2.0,6528,2,4.0,1
1,19.3,56.1,135.5,577.3,463.8,722.7,562.8,608.5,1.0,4507,3,5.0,2
1,19.5,51.0,94.1,579.9,448.1,718.6,667.2,583.2,2.0,6528,3,5.0,2
1,19.9,52.3,195.3,578.4,428.2,712.5,656.5,592.3,1.0,6528,6,4.0,1
3,21.8,51.2,107.9,594.7,465.2,722.2,678.5,601.0,1.0,5693,2,5.0,2
1,20.5,51.4,103.2,575.7,415.2,711.9,649.5,564.7,1.0,6528,2,4.0,2
1,29.35,51.9,46.0,569.3,421.8,705.5,639.8,565.5,2.0,6528,5,5.0,1
1,20.6,51.5,109.3,576.1,429.1,711.1,646.0,569.7,2.0,6528,6,4.0,1
1,20.6,51.8,112.7,574.0,412.0,706.0,641.4,563.9,2.0,6528,4,2.0,3
1,20.1,53.6,3.6,566.9,416.4,700.1,639.8,561.4,2.0,6528,3,1.0,1
1,19.9,53.8,118.3,570.8,425.6,703.7,641.0,557.8,2.0,6528,2,4.0,1
1,8.0,54.2,113.7,571.3,419.5,709.9,644.3,568.6,2.0,6528,1,4.0,1
1,15.6,42.0,73.2,605.6,569.9,778.3857142857142,746.9,692.4,1.0,8052,3,4.0,2
3,24.6,48.5,140.3,557.2,403.7,683.5,603.9,536.9,2.0,3074,1,3.0,1
1,19.6,53.4,109.1,573.7,450.6,717.5,659.1,591.2,2.0,6528,6,4.0,1
1,19.7,53.0,100.6,574.1,457.8,722.8,657.7,578.7,2.0,6528,6,3.0,2
3,29.57,47.3,109.5,594.7,499.6,740.3,696.6,623.1,1.0,4129,5,4.0,1
1,19.4,53.6,103.7,581.6,448.7,723.8,656.8,586.5,1.0,6528,4,1.0,3
3,22.8,50.7,112.6,568.3,419.9,689.9,653.2,577.6,3.0,6528,6,2.0,1
1,29.25,53.7,101.6,574.4,464.1,724.1,659.8,602.6,1.0,6528,4,4.0,1
2,18.1,53.8,103.0,555.3,494.6,706.5,628.9,570.4,1.0,7058,2,3.0,1
3,29.630000000000003,45.2,202.2,593.1,488.1,739.6,506.0,634.1,1.0,3418,1,5.0,2
1,19.4,53.6,187.5,579.7,425.3,725.8,669.9,583.0,1.0,6528,3,5.0,1
1,17.5,42.4,65.0,620.9,607.1,800.6,763.1,706.9,0.0,8374,3,2.0,1
2,19.3,47.0,85.2,599.2,520.5,752.7857142857143,712.7,643.8,0.0,6431,6,4.0,1
2,19.6,53.2,92.7,585.5,422.5,725.6,661.4,568.7,1.0,6528,5,4.0,1
2,19.6,53.2,93.0,580.0,419.9,712.5571428571428,472.8,576.2,1.0,6528,3,5.0,1
1,19.8,57.7,134.6,567.6,483.9,728.5,675.8,600.4,1.0,9385,3,4.0,1
2,19.2,53.9,99.4,579.7,447.0,729.9,677.9,592.0,1.0,6528,6,5.0,1
2,28.6,54.0,0.7,578.6,451.9,729.0,675.4,594.8,1.0,6528,3,4.0,1
3,23.7,47.8,108.8,602.9,410.9,712.1,669.9,591.2,1.0,9127,1,4.0,2
2,31.9,53.4,99.2,580.8,477.3,731.4,681.0,601.1,1.0,6528,1,2.0,2
1,29.29,52.8,125.1,566.9,404.2,713.7,673.0,589.7,2.0,5172,1,2.0,1
2,19.6,52.8,93.2,582.5,466.8,727.1714285714285,676.6,602.5,1.0,6528,2,2.0,2
4,22.1,53.4,141.9,559.3,332.5,667.4,610.4,520.3,2.0,3074,3,1.0,1
1,18.8,56.1,118.7,595.3,496.9,742.1,706.7,616.8,1.0,5693,5,5.0,2
2,19.5,53.1,91.5,584.7,472.0,730.1,678.0,609.1,1.0,6528,1,4.0,1
2,19.5,53.1,96.3,582.0,471.6,726.2,688.8,600.1,1.0,6528,2,4.0,3
2,19.6,52.8,178.2,583.5,466.2,723.6,673.2,621.5,1.0,6528,3,4.0,1
2,19.4,53.3,89.3,587.6,460.0,727.6714285714286,677.2,622.5,1.0,6528,1,4.0,2
2,19.3,53.7,89.1,578.9,472.8,722.8857142857142,672.8,607.1,1.0,6528,3,4.0,3
1,19.0,56.2,132.1,566.2,438.6,722.7,664.3,588.9,2.0,8649,1,2.0,1
2,23.7,49.5,112.2,557.0,439.4,729.3,681.6,614.0,1.0,4703,2,5.0,1
4,20.2,54.6,133.0,543.7,465.0,680.5,617.2,556.1,3.0,7058,3,1.0,1
1,29.189999999999998,53.1,112.7,558.7,477.8,700.2,664.9,599.7,1.0,2847,4,3.0,1
2,18.1,54.4,109.5,556.6,480.7,706.5,634.4,569.5,1.0,7058,1,4.0,1
2,30.080000000000002,53.8,44.9,583.7,460.3,726.1,680.3,606.1,1.0,6528,6,5.0,3
2,19.3,53.8,97.5,577.9,462.8,732.5,683.0,617.3,1.0,6528,5,3.0,1
1,29.02,54.1,118.6,586.0,500.8,758.3571428571429,713.1,661.0,0.0,5820,1,4.0,2
2,19.3,53.8,92.0,584.5,472.0,725.3,673.2,609.5,1.0,6528,3,5.0,2
1,17.1,54.0,14.2,590.7,490.7,763.5,717.2,657.5,0.0,5820,5,3.0,2
2,19.2,53.9,93.4,579.6,464.1,735.7,682.5,621.6,1.0,6528,4,5.0,3
1,18.8,53.1,195.9,559.2,481.7,715.0,664.0,592.8,1.0,2847,3,5.0,1
3,21.0,46.0,106.0,588.0,455.4,710.4,677.5,603.9,2.0,2679,2,5.0,3
3,22.2,51.4,126.2,549.4,456.3,704.4,637.3,571.1,2.0,7058,2,4.0,1
2,19.2,54.0,91.3,586.0,468.6,729.8,687.2,605.0,1.0,6528,6,1.0,2
1,19.0,55.1,97.7,577.5,504.7,738.1,707.5,643.2,1.0,6528,2,4.0,2
2,29.24,53.9,90.4,577.2,458.1,730.4,689.1,613.4,1.0,6528,1,4.0,2
2,19.2,53.8,90.8,583.4,471.0,723.7,899.9,623.8,1.0,6528,6,5.0,1
2,19.3,53.8,7.7,581.9,459.4,733.1,688.7,622.8,1.0,6528,4,4.0,2
2,19.2,54.0,88.4,580.0,453.2,734.2857142857143,695.5,628.7,1.0,6528,2,1.0,2
2,30.9,54.0,85.6,585.5,454.0,733.6,685.1,620.6,1.0,6528,3,1.0,1
1,19.3,56.9,140.9,563.6,428.8,728.5,688.4,604.1,2.0,8649,2,5.0,1
2,19.1,54.3,87.9,578.8,463.7,729.5,689.3,607.7,1.0,6528,5,5.0,2
2,29.22,54.4,88.5,582.0,453.6,732.8,675.8,611.7,1.0,6528,3,5.0,2
3,29.700000000000003,51.3,120.6,564.6,480.4,706.4,642.2,578.4,2.0,4761,6,2.0,1
2,19.0,54.5,87.0,581.1,463.5,727.1857142857142,682.1,616.6,1.0,6528,3,5.0,1
4,19.6,50.7,111.7,594.2,485.1,737.0,827.7,623.4,1.0,8374,5,3.0,2
2,19.0,54.4,86.3,586.6,465.2,724.4,688.3,619.1,1.0,6528,1,5.0,3
2,19.1,54.3,86.5,581.4,470.7,729.8,692.6,609.3,1.0,6528,3,5.0,1
2,19.2,54.1,85.4,584.8,439.3,726.8,688.4,606.4,1.0,6528,4,5.0,3
2,19.2,54.1,81.8,586.3,460.8,727.6,692.3,624.4,1.0,6528,1,5.0,3
2,19.2,54.1,92.8,585.1,452.9,728.3,679.9,627.6,1.0,6528,5,5.0,2
2,19.2,54.1,85.4,583.2,459.9,728.2,682.8,607.4,1.0,6528,6,4.0,2
2,19.2,54.0,80.8,586.3,454.3,734.1,684.6,614.3,1.0,6528,2,4.0,3
2,19.2,54.1,86.2,582.1,441.1,724.6,683.0,613.7,1.0,6528,3,3.0,2
2,19.1,54.2,86.4,577.7,443.6,721.3,682.3,621.8,1.0,6528,3,4.0,2
2,19.0,54.3,88.9,583.2,448.3,733.0,693.6,617.8,1.0,6528,2,5.0,1
2,19.1,54.1,84.8,584.2,439.9,736.6,688.0,613.4,1.0,6528,4,3.0,3
2,29.210000000000004,54.4,85.0,582.2,458.0,728.2,697.5,623.2,1.0,6528,2,4.0,2
2,18.9,54.4,82.7,584.1,470.2,735.2,685.4,620.6,1.0,6528,1,4.0,1
2,18.9,54.1,85.4,587.0,473.8,737.0,697.2,620.2,1.0,6528,2,4.0,1
3,21.6,48.6,124.2,570.4,405.7,707.2,658.8,596.6,3.0,6431,5,2.0,1
3,19.0,53.5,85.7,590.2,462.2,732.4,700.0,615.8,1.0,6528,5,4.0,1
3,19.0,53.6,82.1,582.5,444.1,747.2,698.6,604.7,1.0,6528,1,3.0,3
3,29.230000000000004,53.4,87.7,587.8,437.0,746.4,697.4,622.3,1.0,6528,2,2.0,1
3,19.0,53.6,83.3,583.6,436.6,731.2,700.1,610.5,1.0,6528,5,5.0,2
3,19.0,53.4,83.8,584.6,452.1,735.9714285714286,696.4,628.7,1.0,6528,1,3.0,2
3,19.1,53.3,84.0,584.2,432.7,738.2714285714285,704.5,623.5,1.0,6528,3,5.0,3
3,19.0,53.6,81.8,584.8,440.3,737.8,693.3,607.2,1.0,6528,6,4.0,1
3,18.9,53.6,76.5,579.7,429.8,746.7,699.1,621.5,1.0,6528,4,5.0,2
3,18.9,53.5,89.7,586.7,444.7,748.2,699.0,607.1,1.0,6528,6,4.0,2
2,19.5,44.8,107.8,583.6,487.8,737.6,685.5,635.1,2.0,2679,4,5.0,1
2,18.2,54.0,74.5,593.8,538.3,760.0571428571429,720.2,665.2,0.0,5172,6,4.0,2
1,19.5,49.3,86.5,552.3,505.1,754.4,696.7,629.5,2.0,9241,2,5.0,2
3,18.9,53.4,85.8,589.8,437.2,740.1,797.8,613.7,1.0,6528,6,4.0,3
3,18.8,53.5,93.1,581.2,456.1,746.5,699.7,627.5,1.0,6528,6,5.0,3
3,19.0,53.7,87.0,586.3,458.9,743.5,705.2,625.8,1.0,6528,5,5.0,3
3,20.3,51.0,94.9,582.4,465.2,733.8,691.4,636.4,1.0,6528,1,3.0,2
3,24.9,44.9,102.0,602.7,492.5,718.6,669.5,593.2,1.0,9127,3,1.0,3
3,25.0,52.0,124.3,551.5,466.5,698.2,667.0,583.1,2.0,8936,1,1.0,1
3,20.5,53.5,137.1,561.6,494.8,727.6714285714287,854.5,617.4,2.0,6528,4,4.0,2
1,19.0,55.8,114.5,555.3,498.2,716.2,656.9,587.1,2.0,7058,3,3.0,1
4,20.7,52.8,96.2,599.5,440.2,723.3,682.9,587.5,1.0,9127,1,5.0,3
3,29.52,50.4,108.1,578.0,467.7,738.2,697.7,634.2,1.0,6528,6,4.0,2
3,21.7,51.8,97.9,576.6,488.0,732.8,694.8,630.0,1.0,6528,4,5.0,2
4,22.2,52.6,109.3,546.7,485.9,712.7,654.6,588.1,1.0,6817,4,2.0,1
3,21.7,52.3,102.7,575.0,485.3,736.0428571428573,698.2,625.6,1.0,6528,1,2.0,2
3,21.8,52.0,103.1,574.1,488.2,733.1,696.8,628.3,1.0,6528,3,2.0,2
3,24.3,47.5,113.1,579.4,460.4,718.0,666.9,617.9,1.0,4507,6,5.0,1
3,22.0,51.8,102.1,582.1,480.4,733.0,678.7,612.6,1.0,6528,5,1.0,3
3,29.52,51.8,102.4,572.7,486.8,729.9,695.7,617.5,1.0,6528,5,3.0,1
2,17.6,47.3,100.4,597.9,369.4,742.0,691.4,636.8,2.0,5820,6,3.0,2
3,22.7,51.0,105.2,571.9,474.7,710.5,681.3,607.7,1.0,6528,5,3.0,1
3,23.4,49.5,105.7,575.8,462.1,719.9,675.1,601.9,1.0,6528,2,4.0,1
3,23.0,50.1,113.5,571.8,468.1,728.9,673.9,599.0,1.0,6528,1,4.0,1
3,22.9,50.6,105.9,568.9,461.6,727.9,675.4,613.2,1.0,6528,1,5.0,2
3,22.8,51.0,106.8,575.5,471.6,728.1,680.9,607.7,1.0,6528,4,4.0,1
4,19.1,51.4,107.5,597.4,471.1,732.4,694.6,642.2,1.0,8374,4,2.0,3
3,23.0,50.9,109.2,572.1,466.2,727.8,873.9,617.2,1.0,6528,1,5.0,2
3,23.1,50.6,113.3,565.3,465.6,717.1,680.7,617.6,1.0,6528,1,2.0,1
3,24.9,47.7,114.7,575.3,440.1,717.9714285714284,677.4,601.8,1.0,4507,4,4.0,1
3,23.4,50.1,116.1,574.1,451.5,719.5,681.3,616.2,1.0,6528,5,4.0,1
3,29.64,50.3,108.2,568.5,478.4,712.5,677.9,597.6,1.0,6528,5,5.0,2
3,23.2,50.2,113.8,571.9,460.1,717.9,665.7,600.8,1.0,6528,6,5.0,1
3,23.3,49.9,109.9,581.0,444.6,709.8,665.8,592.4,1.0,6528,4,5.0,1
3,23.0,50.4,108.5,569.0,454.1,700.8,667.2,598.2,2.0,6528,1,5.0,1
2,20.9,55.4,109.3,556.4,497.3,728.4,839.8,623.9,1.0,3592,2,2.0,3
2,24.8,43.8,93.3,604.6,473.9,745.3,707.5,636.2,1.0,9127,5,4.0,2
3,22.9,50.6,113.8,569.6,432.6,703.7,558.5,588.0,2.0,6528,1,4.0,1
3,23.1,50.0,104.9,574.7,424.4,696.7,652.7,579.4,3.0,6528,4,3.0,1
3,23.2,49.7,116.0,567.1,429.0,698.2,652.0,581.0,2.0,6528,2,3.0,1
3,20.2,45.6,97.2,598.4,516.6,743.1142857142858,701.8,635.2,1.0,8052,4,4.0,3
3,22.6,51.0,116.5,566.8,422.5,695.8,642.6,576.3,3.0,6528,3,5.0,1
3,23.1,43.4,128.9,587.3,481.9,714.5,669.6,586.9,2.0,2679,5,5.0,1
4,22.2,52.2,109.2,567.4,428.3,692.2,646.5,574.1,3.0,6528,4,1.0,1
4,21.8,53.1,4.7,567.4,403.7,694.7,636.5,576.7,3.0,6528,4,2.0,1
1,20.2,55.7,136.5,563.3,382.1,706.3,646.9,560.9,2.0,6528,6,5.0,1
2,18.4,51.3,121.3,582.1,500.5,731.5,679.8,614.9,2.0,9184,1,3.0,3
4,32.3,53.5,182.4,569.8,405.9,697.6,652.5,570.7,3.0,6528,5,4.0,1
4,21.4,53.7,112.6,571.0,417.2,691.1,643.4,569.7,3.0,6528,4,4.0,1
4,21.5,53.8,112.9,565.2,391.1,689.7,650.1,581.9,3.0,6528,1,4.0,1
4,21.0,53.1,124.7,581.0,474.1,725.4,677.8,610.6,1.0,4507,2,4.0,1
4,21.5,53.7,123.9,567.5,400.8,696.9285714285714,641.7,569.1,3.0,6528,4,4.0,1
4,21.2,54.4,117.7,567.7,394.1,689.6,639.9,575.3,3.0,6528,2,5.0,1
4,21.2,54.1,118.5,557.8,397.0,693.0,643.1,567.5,3.0,6528,5,3.0,1
4,21.0,54.3,117.1,565.0,396.2,689.1,643.5,574.7,3.0,6528,1,5.0,1
4,21.0,54.6,118.4,567.6,379.0,689.5714285714286,640.2,559.9,3.0,6528,6,5.0,1
4,21.5,50.3,104.1,561.9,428.1,704.8,655.7,571.6,2.0,2847,5,2.0,1
1,29.360000000000003,57.4,132.0,559.2,462.4,716.0,854.4,590.5,1.0,4761,5,1.0,1
4,21.2,54.0,123.5,555.7,387.6,688.9,637.5,566.3,2.0,6528,2,4.0,1
4,21.1,54.3,123.9,565.6,385.0,694.5,643.9,555.3,3.0,6528,5,2.0,1
4,21.2,53.6,118.3,569.9,385.5,687.8,827.9,563.0,3.0,6528,1,4.0,1
4,20.6,55.1,122.9,566.3,383.5,683.1,652.2,558.6,3.0,6528,3,3.0,1
4,29.37,55.5,43.5,564.1,377.9,689.6,630.8,553.9,3.0,6528,2,4.0,1
4,20.5,55.7,125.1,561.0,362.1,685.5,635.4,565.5,3.0,6528,6,2.0,1
4,29.22,52.8,123.8,589.8,488.2,718.7,540.4,592.7,1.0,4129,5,4.0,3
3,23.3,49.7,97.9,556.7,465.4,736.6,690.0,623.9,1.0,9241,3,4.0,2
4,20.6,55.0,122.1,567.4,376.4,693.7,639.5,557.1,2.0,6528,1,5.0,3
4,20.6,55.2,119.3,566.2,395.8,691.5,626.6,554.7,2.0,6528,2,4.0,1
4,18.4,52.3,116.0,587.3,488.4,750.1,718.3,645.5,1.0,1374,6,5.0,1
2,19.1,54.1,90.1,575.1,456.6,733.9,683.3,617.7,1.0,6528,3,4.0,2
4,20.3,55.8,127.7,564.3,365.6,685.0,648.4,557.1,2.0,6528,5,5.0,1
2,29.3,58.3,115.4,551.5,459.6,703.9428571428571,648.2,592.1,1.0,8936,4,4.0,1
2,29.05,47.7,67.7,618.4,545.7,771.6,736.6,676.5,0.0,2105,6,4.0,2
2,23.1,52.3,113.6,548.6,491.7,710.5,673.3,597.8,1.0,5214,5,5.0,1
4,20.1,56.2,124.7,562.2,375.5,693.1,644.6,548.8,2.0,6528,3,4.0,2
2,18.5,52.6,111.4,595.8,445.1,730.2,686.8,604.0,1.0,2105,2,4.0,2
4,8.8,56.2,134.6,564.9,376.3,696.7,641.1,560.0,2.0,6528,6,5.0,1
3,23.2,54.7,8.6,547.5,432.9,692.5,650.1,570.4,2.0,8936,4,4.0,1
4,20.0,56.3,174.2,561.4,372.9,690.2,652.9,566.5,2.0,6528,6,5.0,1
4,20.0,56.1,194.5,562.5,361.7,699.9,637.2,554.1,2.0,6528,3,3.0,2
1,18.4,54.1,128.1,593.2,470.4,750.6142857142858,714.1,638.0,1.0,6847,3,4.0,3
2,19.8,47.6,95.2,600.6,518.4,754.2,713.1,639.5,0.0,3418,5,3.0,1
4,10.7,56.6,126.6,563.1,383.8,695.8,648.6,561.9,2.0,6528,4,3.0,1
2,16.8,41.3,69.2,606.0,498.8,786.3,758.0,680.6,0.0,3418,1,4.0,2
4,19.8,56.6,129.4,559.0,383.9,693.9,644.8,564.9,2.0,6528,4,5.0,1
4,19.8,56.6,31.8,562.5,386.7,690.8,881.3,568.6,2.0,6528,4,1.0,1
4,19.8,56.7,125.6,555.8,400.0,692.2,654.8,566.0,2.0,6528,4,4.0,1
4,19.7,56.8,129.1,566.4,385.5,693.2,638.1,565.6,2.0,6528,6,5.0,1
1,30.1,58.1,135.9,540.2,512.6,712.7,661.1,587.6,2.0,1458,4,5.0,3
4,19.6,57.0,125.6,561.7,382.3,692.2,653.0,556.0,2.0,6528,6,4.0,1
4,19.6,57.1,127.8,562.9,396.8,696.1,644.2,573.7,2.0,6528,1,4.0,1
3,24.0,48.8,117.5,569.9,419.9,716.5,663.7,592.8,2.0,1826,1,4.0,1
4,19.6,57.2,130.2,566.3,388.1,696.2,502.5,564.6,2.0,6528,6,4.0,1
1,17.2,50.7,111.0,587.3,496.9,742.5,832.3,635.2,1.0,2679,3,4.0,2
4,19.6,57.1,133.3,556.5,415.1,686.6,653.5,574.6,2.0,6528,2,4.0,1
2,21.6,44.8,109.8,591.4,432.8,737.4,694.1,638.5,1.0,1374,2,5.0,2
3,23.8,52.7,118.3,551.6,445.5,695.3,653.2,575.5,2.0,5214,3,4.0,1
1,18.8,50.4,103.5,579.8,487.2,741.7,697.4,622.7,2.0,7395,2,5.0,2
4,19.7,56.8,136.6,560.4,374.7,690.8,652.0,562.8,2.0,6528,5,4.0,1
3,22.2,55.4,107.6,549.9,451.3,693.8,651.0,582.7,2.0,5214,4,3.0,1
1,16.8,49.5,73.1,612.5,553.6,768.3,730.0,684.5,1.0,7963,3,4.0,1
2,17.8,49.1,92.7,606.8,439.5,766.4,724.9,656.8,0.0,2105,3,4.0,3
4,20.7,53.5,110.1,593.3,463.6,731.1,685.9,614.4,1.0,5693,1,5.0,2
4,21.0,57.0,133.7,551.7,441.2,703.9,646.5,580.2,1.0,4761,6,2.0,1
1,19.4,57.3,136.0,557.9,408.4,686.9,639.6,555.8,2.0,6528,6,5.0,1
1,19.4,57.3,132.8,565.4,391.8,696.3571428571429,655.7,561.6,2.0,6528,4,3.0,2
2,18.5,53.2,95.0,581.5,444.7,706.8,646.4,571.9,2.0,7395,1,5.0,1
1,19.4,57.2,34.1,569.3,405.0,693.3,651.3,555.2,2.0,6528,4,4.0,1
1,19.5,57.0,136.2,563.4,403.3,690.1,657.3,575.4,2.0,6528,6,5.0,1
1,19.4,57.3,140.2,559.0,413.0,691.5,646.2,563.1,2.0,6528,3,4.0,2
1,19.5,56.8,140.0,565.1,402.3,696.5,649.2,571.8,2.0,6528,5,3.0,2
1,19.4,57.1,141.3,561.9,400.8,698.3,662.5,568.9,2.0,6528,4,1.0,2
1,19.4,57.1,138.4,561.0,419.3,691.4,636.1,564.9,2.0,6528,4,4.0,1
3,23.3,52.6,121.8,556.1,415.3,652.2,566.7,503.4,3.0,1903,4,5.0,1
3,22.5,44.2,112.2,589.8,427.8,739.8,691.0,624.9,1.0,5820,5,3.0,2
4,19.2,52.8,120.2,588.2,487.5,728.2571428571429,689.3,603.3,1.0,4129,3,5.0,1
4,29.47,57.5,129.9,545.6,453.3,701.8,670.3,582.5,1.0,8936,6,5.0,1
1,19.1,57.6,138.3,563.9,401.6,693.6857142857143,652.2,564.8,2.0,6528,4,2.0,1
1,19.2,57.4,139.3,558.9,400.2,686.1,648.9,573.5,2.0,6528,2,4.0,1
2,29.130000000000003,48.9,102.5,607.7,482.8,756.1,890.7,659.5,1.0,3418,2,5.0,1
2,22.8,52.5,111.4,545.7,492.4,714.3,684.5,600.1,2.0,1458,2,5.0,1
4,19.6,55.1,122.5,599.1,483.3,738.1,689.6,619.6,1.0,5693,2,5.0,1
1,19.5,56.4,145.3,562.6,423.4,690.8,652.4,570.3,2.0,6528,3,5.0,1
4,29.3,55.7,145.6,573.5,462.7,711.6,654.0,586.2,2.0,4507,2,5.0,1
1,19.4,56.6,32.9,562.3,429.9,687.4,651.4,564.9,2.0,6528,3,5.0,3
1,19.1,57.6,139.1,563.4,409.9,690.5,653.8,566.8,2.0,6528,2,4.0,1
2,23.7,52.2,107.3,554.4,481.3,726.5,670.8,607.0,1.0,3592,4,5.0,1
4,20.2,49.1,112.9,597.9,456.8,725.7,702.1,617.6,1.0,2105,6,4.0,2
4,21.2,56.0,118.0,551.9,429.9,703.8,669.8,593.5,1.0,3592,1,5.0,1
1,19.0,57.7,141.8,555.4,441.2,701.9,658.3,571.9,2.0,6528,3,5.0,1
1,19.1,57.4,139.0,559.7,421.1,690.4,649.9,566.9,2.0,6528,6,4.0,1
1,18.2,48.5,76.4,584.0,587.7,774.5,735.2,677.6,0.0,1903,2,1.0,1
1,18.9,57.5,135.9,559.7,441.2,700.8,649.9,572.1,2.0,6528,4,4.0,1
1,18.9,57.1,132.5,567.1,446.8,707.9714285714286,663.8,580.7,2.0,6528,1,5.0,1
1,18.9,57.1,129.4,565.2,455.4,695.9,664.3,592.8,2.0,6528,5,2.0,1
1,19.0,57.0,127.8,566.1,441.4,700.7,654.1,583.6,2.0,6528,6,3.0,1
4,21.6,55.4,135.9,560.1,422.1,694.9,638.7,562.7,2.0,1903,3,4.0,1
4,19.8,56.9,116.3,599.2,427.5,726.3,674.8,595.0,3.0,7241,5,2.0,3
1,19.0,57.0,124.7,568.7,446.2,699.7,663.7,587.1,2.0,6528,6,4.0,1
1,16.7,51.4,118.2,582.4,511.0,750.5714285714286,706.1,652.8,1.0,2679,5,3.0,2
2,19.9,45.1,113.1,594.5,482.7,735.4,701.3,630.9,2.0,2679,4,4.0,1
1,19.0,54.9,78.0,574.8,530.8,750.5285714285714,710.7,642.8,1.0,6528,6,4.0,2
1,19.2,54.6,79.7,579.9,546.2,758.4,713.6,649.5,1.0,6528,3,4.0,2
1,19.0,56.1,85.2,583.0,492.0,741.3,700.4,634.0,1.0,6528,2,3.0,2
1,19.3,55.8,88.0,584.9,489.5,728.8,693.2,614.2,1.0,6528,2,5.0,1
1,19.3,55.6,90.5,584.6,493.7,729.5,696.5,632.6,1.0,6528,5,4.0,2
2,19.7,55.3,96.9,572.3,402.1,718.7714285714285,680.3,597.1,1.0,9385,4,3.0,2
1,19.2,55.2,80.0,586.0,530.3,745.5,703.5,637.6,1.0,6528,6,3.0,1
3,23.1,43.8,231.4,591.3,443.9,735.1,694.9,621.1,1.0,3418,5,5.0,2
1,19.3,55.1,79.9,590.8,536.8,749.6,716.4,635.9,0.0,6528,5,5.0,2
1,19.2,55.4,75.5,587.5,531.7,754.0,715.6,647.9,0.0,6528,5,5.0,1
3,22.5,44.8,122.1,575.0,459.1,711.6,666.6,595.2,2.0,2679,2,5.0,1
1,9.7,53.8,128.7,575.5,472.0,740.1,707.1,632.2,1.0,7395,5,4.0,1
2,19.1,55.5,75.9,587.6,532.0,746.8,711.7,645.6,0.0,6528,3,5.0,2
2,19.1,55.4,79.5,584.3,531.0,752.4,720.0,660.8,0.0,6528,2,4.0,2
2,19.1,55.6,75.1,587.2,531.7,752.3,713.1,655.2,0.0,6528,5,4.0,3
2,19.1,55.6,81.9,594.0,522.0,747.1,708.8,635.6,0.0,6528,1,3.0,3
2,19.0,55.9,41.2,586.9,497.7,750.3,707.7,631.9,0.0,6528,1,4.0,2
2,19.0,55.6,77.2,586.2,511.0,751.2,706.6,639.7,0.0,6528,4,2.0,1
2,19.1,55.7,73.4,581.2,484.4,746.1,709.5,646.3,0.0,6528,2,4.0,3
2,19.0,55.2,76.9,583.8,496.6,744.0,703.1,640.9,0.0,6528,1,4.0,3
2,24.7,44.5,97.8,604.1,485.7,735.8,693.7,621.8,1.0,9127,5,5.0,2
2,19.0,54.6,74.2,591.8,491.6,744.1,710.7,641.4,0.0,6528,6,4.0,2
2,19.0,53.2,76.2,589.1,534.5,753.6,727.8,645.9,0.0,6528,1,2.0,2
2,18.9,53.4,75.2,592.6,545.7,754.9,726.5,659.2,0.0,6528,5,4.0,2
2,19.0,53.0,74.7,583.5,529.7,754.0,730.0,650.6,0.0,6528,5,4.0,1
2,19.1,53.5,207.7,589.0,514.1,743.5,717.4,632.8,0.0,6528,5,4.0,1
3,20.7,48.9,109.7,581.6,439.2,717.7,662.8,596.3,2.0,6431,5,4.0,1
2,7.1,54.6,80.3,585.8,448.5,731.3,701.7,619.8,0.0,6528,2,3.0,1
2,19.3,54.4,92.8,584.3,470.6,743.5,901.0,619.8,1.0,6528,3,4.0,1
4,20.3,48.6,111.7,586.6,370.6,703.2,633.4,538.5,2.0,3418,2,4.0,1
1,19.8,53.0,210.9,567.2,398.9,720.8,673.5,590.9,2.0,5172,2,4.0,1
1,16.8,52.1,79.2,607.0,584.1,776.7571428571428,746.4,694.7,1.0,4129,1,5.0,1
2,20.5,44.3,75.6,564.0,496.1,760.2,715.8,643.1,1.0,2586,6,2.0,2
2,20.1,54.1,94.5,582.8,503.5,736.9,690.1,642.1,1.0,1903,1,4.0,2
2,15.3,44.1,69.1,603.5,579.0,787.6,758.2,681.3,0.0,2679,5,1.0,2
3,29.55,51.3,130.9,540.0,416.0,641.8,570.8,484.7,4.0,7058,3,5.0,2
3,25.4,46.1,118.0,569.1,397.2,694.9,650.0,579.7,2.0,7395,6,4.0,1
3,25.3,44.3,99.4,600.0,462.8,724.9,688.9,603.1,1.0,9127,5,3.0,3
2,21.4,53.3,102.9,572.2,490.3,727.2857142857143,507.0,611.8,1.0,1903,6,4.0,2
2,21.9,52.5,105.6,574.6,476.1,719.4,673.2,620.7,1.0,1903,6,3.0,3
2,22.1,52.2,108.8,568.9,476.9,715.8,687.8,600.6,1.0,1903,2,4.0,2
2,22.2,51.8,97.6,565.2,473.5,714.0,677.5,605.3,1.0,1903,4,2.0,2
1,19.5,55.3,121.5,570.8,484.2,724.5,674.8,602.0,1.0,1903,2,3.0,2
2,22.0,52.6,98.3,574.1,471.6,713.5,680.3,611.8,1.0,1903,4,5.0,1
2,22.0,52.7,98.4,575.0,465.3,715.8,671.0,608.8,1.0,1903,1,4.0,3
2,22.3,52.4,98.8,574.5,463.1,714.2,668.2,614.4,1.0,1903,1,5.0,1
2,22.3,52.4,96.5,573.7,482.2,718.5,675.4,599.3,1.0,1903,6,1.0,2
4,20.2,52.3,137.5,588.8,422.8,725.8,684.3,585.6,1.0,6847,6,5.0,3
2,22.4,52.6,96.2,571.7,427.0,687.4714285714286,598.2,519.1,1.0,1903,4,5.0,2
3,29.67,52.5,111.2,550.2,480.3,707.3,664.4,586.4,1.0,3592,4,1.0,1
1,19.2,51.8,114.3,579.0,396.1,713.7,662.9,574.2,3.0,5172,5,4.0,1
4,21.5,52.5,105.4,544.2,489.7,726.6,660.7,587.5,1.0,4703,2,5.0,1
2,22.3,53.4,210.0,555.1,353.8,666.3571428571429,595.3,491.6,2.0,7963,4,2.0,1
2,18.1,49.8,80.6,605.0,522.1,779.6,727.8,676.6,0.0,4129,4,4.0,2
2,22.9,52.4,108.3,566.5,417.6,637.1,559.2,493.6,3.0,1903,2,4.0,1
2,22.8,52.7,109.6,566.0,401.4,642.5,559.2,501.6,3.0,1903,5,4.0,1
2,21.7,50.2,113.6,584.1,455.2,721.6285714285714,672.6,603.6,1.0,4507,4,4.0,2
2,23.0,52.2,114.7,567.5,427.1,645.8,559.6,493.6,3.0,1903,4,4.0,1
2,23.4,51.1,113.6,559.8,433.6,655.7,554.0,498.4,3.0,1903,3,4.0,1
4,20.6,53.1,97.6,546.8,484.1,744.5,673.4,614.1,1.0,4703,6,4.0,3
2,23.6,50.7,113.9,557.1,424.1,645.1,563.4,497.6,3.0,1903,5,5.0,1
1,19.1,57.4,148.3,561.3,433.5,722.7,676.6,603.2,1.0,8649,2,1.0,1
3,23.2,52.3,114.3,561.0,425.7,645.0,573.9,501.3,3.0,1903,5,2.0,1
4,7.1,52.3,122.9,586.6,496.9,740.5,682.4,624.2,1.0,1374,4,5.0,2
3,23.1,52.1,117.9,560.6,438.2,657.9,567.2,494.7,3.0,1903,3,4.0,1
1,20.3,57.2,127.7,549.8,458.9,707.0,675.7,588.9,1.0,3592,1,5.0,1
3,23.0,52.6,116.0,561.2,421.2,651.3142857142857,573.8,516.1,3.0,1903,3,5.0,1
3,23.8,48.5,128.5,548.6,419.2,639.9,555.6,489.5,4.0,7058,4,5.0,1
3,22.6,50.3,98.8,560.3,433.6,733.0571428571428,689.3,631.1,1.0,9241,6,4.0,2
3,23.6,51.9,124.9,559.0,426.7,649.7,584.5,502.2,3.0,1903,2,3.0,1
4,29.42,56.3,120.3,551.4,441.3,704.5,675.8,589.6,1.0,3592,5,4.0,2
3,24.2,50.3,125.7,557.9,437.6,651.2,572.4,511.0,3.0,1903,6,4.0,1
3,23.7,46.5,117.4,586.2,422.1,724.8285714285714,680.5,608.1,2.0,9658,1,4.0,1
2,18.5,49.0,74.6,629.0,555.7,783.1,739.3,696.0,0.0,1482,1,5.0,2
3,23.2,52.9,133.8,552.4,437.9,654.2,578.3,497.0,3.0,1903,1,2.0,1
2,19.0,51.4,73.9,625.6,539.4,759.2,722.5,660.1,1.0,3856,1,2.0,2
3,29.62,53.4,139.6,554.8,430.6,652.5,582.4,508.5,3.0,1903,6,4.0,1
2,29.55,53.8,111.5,542.4,459.6,708.9,665.6,593.7,1.0,1458,5,4.0,1
3,28.1,51.7,140.5,555.0,432.9,654.4,584.3,510.0,3.0,1903,4,5.0,1
2,22.8,51.8,141.9,528.7,509.9,765.8,701.0,634.3,2.0,4703,6,5.0,1
4,19.6,55.2,120.3,595.8,505.3,733.1,699.6,608.0,1.0,5693,4,5.0,3
3,23.1,53.6,143.7,555.1,422.0,659.4571428571429,579.5,516.1,3.0,1903,1,3.0,1
2,21.7,52.5,97.1,576.2,479.2,727.3,683.3,603.7,1.0,1903,2,4.0,1
3,23.3,53.3,147.9,551.7,424.8,664.9,585.7,510.4,3.0,1903,3,4.0,1
3,23.6,52.9,151.1,557.4,431.3,660.8,580.6,511.5,3.0,1903,2,4.0,1
3,23.8,52.2,150.1,546.9,431.6,658.1,584.6,514.8,3.0,1903,5,3.0,1
3,23.7,52.4,148.1,550.6,434.0,659.5857142857143,591.7,520.2,3.0,1903,4,3.0,1
3,28.1,52.6,142.0,549.9,421.1,661.5,576.9,521.1,3.0,1903,2,1.0,1
3,23.7,52.3,139.6,556.3,414.3,659.9,582.3,520.3,3.0,1903,3,3.0,1
1,19.0,53.6,95.1,553.8,494.9,716.7428571428571,661.7,597.6,2.0,4703,3,4.0,3
3,23.8,53.3,148.3,554.7,414.0,663.6142857142858,582.6,503.5,3.0,1903,3,4.0,1
3,23.8,52.5,147.0,553.3,406.0,663.6,585.0,531.7,3.0,1903,1,2.0,1
3,23.2,53.7,143.1,554.5,408.4,662.4,598.5,517.5,3.0,1903,1,5.0,1
3,22.9,54.5,152.9,555.9,380.1,671.6000000000001,578.7,534.7,3.0,1903,1,5.0,1
3,23.6,53.2,150.6,554.7,406.3,663.7,593.9,525.3,3.0,1903,3,5.0,1
3,25.4,48.8,146.5,550.5,417.2,665.0,588.3,518.4,3.0,1903,5,5.0,1
3,29.82,49.5,145.8,554.2,398.4,663.6,598.2,533.3,3.0,1903,6,5.0,1
3,21.7,48.5,132.8,580.7,436.9,713.6,841.4,589.8,1.0,7963,5,5.0,1
4,19.7,57.3,113.5,598.5,461.7,730.0,681.0,614.1,2.0,7241,6,2.0,1
4,29.27,53.4,129.8,586.3,441.1,729.1,674.4,612.5,1.0,6847,3,5.0,3
3,23.9,50.2,147.4,561.2,385.4,677.6857142857143,636.3,539.0,2.0,5172,4,2.0,1
1,17.0,53.6,114.6,578.6,480.2,730.8,670.4,615.5,2.0,9184,2,5.0,2
3,24.4,50.2,134.3,557.9,424.8,675.7,595.5,541.2,2.0,1903,5,3.0,2
1,19.7,53.4,104.8,572.5,431.2,717.5,657.4,593.2,2.0,6528,2,5.0,2
3,25.0,48.9,141.8,554.9,425.2,680.4142857142857,600.0,541.0,2.0,1903,4,4.0,1
3,29.760000000000005,50.3,143.9,566.5,427.0,671.8,609.6,545.1,2.0,1903,3,4.0,1
3,20.2,44.9,93.1,595.3,532.3,745.0,693.5,612.9,1.0,8052,5,5.0,1
1,18.2,50.7,117.4,589.6,439.6,742.6,680.1,598.3,1.0,3418,1,2.0,2
2,19.1,53.6,103.5,589.0,505.2,745.1,698.0,634.3,0.0,4507,4,5.0,2
2,19.5,46.5,70.1,625.6,554.1,777.0571428571428,740.8,682.0,0.0,1482,2,5.0,1
3,24.2,50.7,135.9,556.9,443.8,684.0,615.6,552.5,2.0,1903,6,5.0,1
3,23.2,46.7,125.3,591.1,463.8,721.3,675.6,596.6,1.0,9658,4,4.0,1
3,23.8,51.5,134.6,554.0,431.7,687.8,620.7,560.5,2.0,1903,3,5.0,1
4,21.2,54.1,127.5,562.7,377.1,686.6,646.7,557.8,3.0,6528,1,4.0,1
3,23.5,52.0,136.2,558.0,431.4,690.2,622.9,545.9,2.0,1903,3,5.0,1
3,23.3,52.6,137.9,561.6,432.5,679.3,613.5,557.8,2.0,1903,4,4.0,3
3,23.3,52.3,138.5,551.7,423.2,681.0857142857143,622.4,549.0,2.0,1903,3,4.0,1
2,29.59,46.4,96.1,591.2,500.4,737.7,696.1,632.3,1.0,1826,5,5.0,1
2,19.2,48.8,76.7,622.9,568.4,783.7142857142857,756.4,693.0,0.0,7241,3,4.0,1
4,23.0,53.0,215.2,566.6,422.8,684.7,621.4,564.7,2.0,1903,1,4.0,2
4,22.8,53.3,130.4,557.3,439.4,691.3,614.8,551.6,2.0,1903,3,5.0,1
4,22.5,53.8,136.9,554.2,421.1,678.7,625.1,553.2,2.0,1903,4,4.0,1
2,23.1,48.3,114.0,580.6,454.1,718.7,685.8,597.4,1.0,4507,1,4.0,1
4,22.2,54.3,136.2,562.1,418.0,686.1,630.1,547.8,2.0,1903,5,5.0,2
3,24.5,48.9,133.8,565.4,394.3,680.4,855.5,534.7,2.0,3074,2,4.0,1
4,22.3,53.8,15.2,559.8,415.9,690.3285714285713,632.1,562.9,2.0,1903,1,4.0,1
3,23.8,50.4,109.2,539.7,411.6,730.7,657.8,582.7,2.0,4703,2,4.0,1
4,29.5,54.9,131.2,557.6,428.6,689.8,637.4,565.9,2.0,1903,3,5.0,1
3,20.2,50.7,113.5,584.8,444.9,705.3,625.3,558.4,2.0,1374,6,2.0,1
4,21.6,55.1,131.6,559.2,423.2,694.9,896.8,559.8,2.0,1903,2,4.0,1
4,29.480000000000004,55.1,135.1,559.1,435.1,688.7,630.2,571.3,2.0,1903,1,5.0,1
4,21.6,55.4,134.9,552.4,425.7,705.0,872.9,565.4,2.0,1903,1,3.0,1
3,22.3,48.1,164.8,567.4,420.4,703.0,652.5,567.3,2.0,7963,3,2.0,1
4,21.6,55.3,30.2,560.5,439.0,702.4,647.3,559.6,2.0,1903,4,1.0,1
4,21.7,55.0,142.0,563.1,426.8,698.5,631.5,561.7,2.0,1903,5,3.0,1
4,21.7,55.0,137.1,561.0,425.4,698.3,635.8,583.1,2.0,1903,4,4.0,2
4,21.5,55.4,133.7,558.6,436.7,701.4,639.4,581.6,2.0,1903,5,1.0,1
4,18.6,51.1,121.5,594.8,483.0,753.0,710.0,644.9,1.0,5820,2,5.0,2
2,19.4,54.4,99.5,577.1,457.3,723.4,680.0,602.8,2.0,1903,6,4.0,2
4,21.2,55.9,136.9,568.6,448.3,693.3,652.6,577.9,2.0,1903,1,5.0,1
4,21.2,56.0,133.6,556.4,437.2,704.7,644.6,583.9,2.0,1903,2,5.0,1
1,20.1,53.5,103.5,555.1,483.8,733.9,677.1,600.6,1.0,4703,3,4.0,1
4,21.0,56.2,135.0,561.3,454.0,705.3,653.5,582.3,1.0,1903,2,5.0,1
4,21.0,56.2,139.6,563.3,452.5,711.0,651.7,582.2,2.0,1903,4,4.0,1
4,21.0,56.2,135.0,564.4,452.2,712.4,652.2,577.3,2.0,1903,3,5.0,1
4,21.0,56.1,134.0,565.4,443.8,703.8999999999999,648.7,577.0,2.0,1903,2,3.0,1
4,29.6,58.6,132.8,545.2,473.0,723.8,879.5,596.6,1.0,8936,5,4.0,1
3,24.0,50.4,149.8,552.4,443.7,700.0,506.5,574.1,1.0,9385,3,2.0,1
4,21.0,55.8,133.8,557.8,450.3,705.1,653.1,590.3,1.0,1903,3,3.0,1
4,21.0,55.6,136.4,559.5,452.2,707.8,653.9,582.4,1.0,1903,1,3.0,1
4,21.0,55.7,130.8,559.1,449.4,714.9,647.2,589.8,1.0,1903,2,4.0,1
1,17.9,45.0,58.0,571.7,604.6,791.9,756.8,718.2,0.0,4703,6,1.0,2
4,21.0,55.8,135.7,559.9,449.1,708.1,656.8,592.9,1.0,1903,6,4.0,1
4,20.8,56.1,132.1,560.4,456.0,706.4,643.5,579.4,1.0,1903,3,5.0,1
1,17.0,54.1,122.9,593.5,514.4,760.6,717.2,667.5,0.0,5820,5,3.0,2
4,20.9,55.9,134.9,557.1,476.3,710.8,664.7,591.5,1.0,1903,4,2.0,1
4,20.7,56.1,137.4,557.7,457.4,707.2,655.9,595.1,1.0,1903,1,5.0,1
4,20.7,55.8,136.6,563.7,459.9,712.0,662.4,590.3,1.0,1903,4,3.0,1
4,20.8,55.7,132.2,566.5,456.0,712.7,658.2,605.3,1.0,1903,2,5.0,1
4,20.6,56.0,130.4,562.6,468.8,716.4,666.2,592.5,1.0,1903,1,4.0,1
4,20.6,56.1,201.9,560.9,463.4,716.1,657.6,589.5,1.0,1903,4,5.0,1
4,20.5,56.2,128.6,564.6,468.9,712.7,670.6,593.7,1.0,1903,1,4.0,1
4,20.5,56.1,126.0,560.7,461.9,709.5285714285716,663.9,590.7,1.0,1903,3,4.0,1
4,20.4,56.2,131.9,560.4,469.9,716.0,663.4,601.4,1.0,1903,6,5.0,1
4,20.4,56.2,132.5,561.0,463.5,716.3,674.0,597.1,1.0,1903,3,5.0,1
4,20.4,56.1,125.8,560.6,462.8,717.1,661.4,603.9,1.0,1903,4,4.0,1
2,22.4,52.5,113.8,543.0,467.4,697.6999999999999,638.9,556.7,1.0,6817,1,4.0,1
4,20.4,55.7,129.8,559.0,465.2,723.1,651.1,601.5,1.0,1903,6,5.0,1
4,20.4,55.6,137.2,559.5,474.4,715.3,650.6,589.9,1.0,1903,4,3.0,1
4,20.3,56.0,130.2,559.5,461.9,713.4571428571428,667.1,605.8,1.0,1903,1,4.0,1
4,20.3,55.9,129.3,567.3,465.0,717.8857142857142,659.6,599.3,1.0,1903,4,3.0,1
4,19.8,57.1,235.1,600.3,454.2,730.4,676.1,611.6,3.0,7241,6,5.0,2
1,29.34,55.9,131.1,560.0,478.4,717.7,664.6,607.0,1.0,1903,4,5.0,1
1,20.2,56.0,132.5,564.1,461.4,729.2,675.0,595.4,1.0,1903,2,4.0,1
3,21.7,54.8,118.3,591.5,438.9,725.6,662.2,583.1,3.0,7241,5,4.0,1
2,24.6,47.4,104.0,552.0,417.5,735.7,678.6,612.2,1.0,4703,6,4.0,1
1,20.2,55.8,130.7,566.8,482.3,730.4,678.9,612.9,1.0,1903,3,4.0,1
4,20.8,55.1,113.3,601.6,413.6,701.8,630.7,563.8,2.0,3856,4,5.0,1
1,20.1,55.8,120.6,561.7,479.0,724.1571428571427,673.6,622.7,1.0,1903,1,5.0,1
1,20.2,55.6,129.0,564.4,474.4,720.4,672.5,595.6,1.0,1903,5,4.0,2
1,20.2,55.6,135.2,560.3,464.4,717.0,670.8,616.4,1.0,1903,2,5.0,3
1,30.6,55.7,131.1,562.9,467.2,727.1,676.8,606.3,1.0,1903,4,4.0,3
1,16.2,43.0,73.2,609.7,503.8,788.9,758.2,695.0,1.0,3418,2,4.0,2
2,18.6,49.8,75.8,603.5,562.5,772.5,747.5,676.3,0.0,7395,6,1.0,1
3,23.4,45.6,151.5,576.9,446.0,711.9,670.8,594.0,2.0,7963,4,3.0,1
1,19.9,56.0,15.5,564.8,485.9,726.2,675.6,610.3,1.0,1903,1,4.0,3
1,19.8,56.0,132.5,558.9,474.1,721.7,672.1,612.9,1.0,1903,2,5.0,1
1,19.9,55.8,126.8,564.6,488.3,733.3,672.8,606.0,1.0,1903,2,2.0,1
3,21.0,56.3,110.3,598.1,425.7,727.2,665.7,598.9,3.0,7241,3,1.0,1
4,20.6,54.5,132.5,543.4,443.5,672.1,612.9,530.4,3.0,7058,5,4.0,2
4,20.1,53.8,115.4,579.8,488.4,728.2,684.6,627.5,1.0,1826,5,5.0,2
1,19.9,55.4,123.2,562.2,478.0,731.4,674.9,615.3,1.0,1903,4,4.0,2
1,19.8,55.6,124.3,566.0,488.6,724.9,682.4,617.7,1.0,1903,1,5.0,1
1,19.7,55.7,126.0,570.9,484.3,726.3,674.1,609.8,1.0,1903,2,2.0,2
1,19.8,55.6,125.8,563.6,467.7,720.7714285714286,677.0,617.1,1.0,1903,1,4.0,2
1,19.8,55.5,130.4,567.5,495.0,728.4428571428572,679.7,616.7,1.0,1903,5,4.0,2
1,19.7,55.8,126.7,564.6,497.9,728.7,675.2,620.4,1.0,1903,1,4.0,1
1,19.6,55.8,123.7,566.0,481.4,726.1,674.9,620.5,1.0,1903,6,5.0,1
1,19.5,55.0,121.9,566.8,483.9,726.0,677.1,615.4,1.0,1903,1,4.0,2
1,19.5,55.3,123.8,559.1,483.9,726.6,667.4,586.3,1.0,1903,6,3.0,2
1,29.27,55.4,202.5,562.5,475.5,722.1000000000001,668.5,604.2,2.0,1903,5,4.0,3
1,19.6,55.3,125.2,563.1,484.5,716.2,670.1,607.4,1.0,1903,6,2.0,1
1,19.5,55.2,122.9,563.2,470.1,716.3285714285713,673.3,597.6,1.0,1903,6,5.0,3
2,22.9,45.6,86.4,602.4,428.1,734.5,689.9,617.1,1.0,1482,2,5.0,2
1,19.6,55.0,124.2,569.1,481.4,716.4,664.5,610.4,1.0,1903,5,4.0,2
4,29.3,54.7,126.8,543.8,471.4,692.2,642.5,561.9,2.0,7058,4,3.0,1
2,19.1,57.1,118.2,546.2,486.6,730.9,679.0,601.3,2.0,1458,2,3.0,1
1,19.4,55.5,116.4,571.9,490.7,719.1,667.4,607.6,1.0,1903,3,1.0,1
4,20.6,55.7,146.8,562.9,377.2,686.9,647.3,553.6,2.0,8649,5,4.0,1
1,19.1,52.6,110.8,571.4,502.5,747.6,695.7,658.7,1.0,1903,6,1.0,3
1,18.9,50.1,83.9,577.6,541.3,757.2,717.0,667.8,1.0,1903,5,5.0,1
4,20.5,54.7,114.6,554.2,436.4,714.6,666.3,609.1,2.0,9385,5,5.0,1
1,19.1,48.2,75.5,580.3,570.6,764.1,744.8,681.2,1.0,1903,5,5.0,2
4,20.7,53.6,115.8,595.4,465.4,732.1,686.6,589.1,1.0,5693,6,4.0,3
4,19.8,52.2,115.4,587.9,444.0,708.0,532.3,572.8,1.0,4129,6,1.0,1
1,17.6,42.6,61.4,633.1,616.7,803.8,771.6,732.2,0.0,5693,6,2.0,3
1,18.3,47.8,78.6,581.3,577.5,776.3,747.5,703.9,0.0,1903,3,3.0,3
1,17.9,48.5,79.1,590.1,588.9,774.2,746.8,705.9,0.0,1903,5,3.0,2
2,18.4,45.9,74.7,615.4,536.1,768.0,736.1,652.4,1.0,5693,2,3.0,2
2,24.4,46.7,109.7,572.0,467.7,717.9,685.5,618.3,1.0,4507,1,5.0,2
1,18.5,48.6,79.1,587.7,570.3,770.5,737.7,684.1,0.0,1903,1,3.0,2
1,18.3,49.0,76.9,584.8,594.4,773.0428571428571,739.8,688.0,0.0,1903,3,4.0,1
1,18.2,49.4,69.9,591.3,582.8,767.4,729.2,690.7,0.0,1903,4,4.0,1
1,18.4,49.2,75.9,582.6,581.7,777.6,745.8,680.8,0.0,1903,1,5.0,1
1,18.5,49.2,75.8,582.1,573.4,767.6,740.6,679.9,0.0,1903,1,5.0,2
2,18.5,49.2,76.1,586.1,572.7,767.3428571428573,720.7,675.6,0.0,1903,2,4.0,1
2,29.17,49.2,75.1,581.6,568.7,765.7,737.4,673.4,0.0,1903,3,1.0,2
2,18.7,49.1,79.7,590.4,564.5,762.7,737.0,671.3,0.0,1903,5,4.0,1
3,25.3,52.0,130.4,538.7,432.1,697.6,643.8,575.6,2.0,8936,3,5.0,1
2,18.5,49.8,78.2,585.7,590.0,765.0,732.6,669.9,0.0,1903,5,2.0,1
2,29.160000000000004,50.1,81.4,585.2,561.8,765.6,729.3,677.9,0.0,1903,4,5.0,2
2,18.5,50.7,73.9,582.9,577.0,773.0,740.0,672.0,0.0,1903,3,3.0,1
1,17.0,54.2,122.0,592.1,515.1,757.6,718.3,674.9,0.0,5820,1,2.0,1
2,18.4,51.6,76.6,586.8,580.6,767.8,553.8,678.5,1.0,1903,6,1.0,1
2,18.6,51.8,76.3,583.5,572.6,767.3000000000001,731.7,671.8,0.0,1903,5,2.0,2
1,17.9,42.7,5.5,627.1,609.4,800.4,763.6,712.0,0.0,5693,6,5.0,1
3,25.1,52.5,125.8,545.5,431.9,683.7,644.1,573.2,2.0,8936,5,5.0,1
2,19.0,52.7,95.4,572.9,495.2,694.5,611.3,548.7,1.0,1903,5,4.0,1
3,22.6,45.1,120.6,582.9,429.6,725.8000000000001,680.2,614.5,2.0,6431,4,5.0,2
4,18.9,52.1,118.5,587.9,464.2,749.0,713.0,642.8,1.0,9658,5,4.0,2
2,19.0,53.5,102.8,569.2,498.3,695.1,623.9,552.2,2.0,1903,4,4.0,2
2,29.189999999999998,53.7,102.4,572.1,514.6,701.3,616.3,559.3,2.0,1903,5,1.0,1
1,17.1,50.9,121.7,585.1,501.5,737.4,713.7,641.1,1.0,2679,4,1.0,1
3,23.4,52.6,131.0,552.3,423.6,660.0,511.0,493.1,3.0,1903,2,3.0,1
3,22.1,49.2,108.4,558.1,443.8,744.0,695.0,622.3,1.0,2847,5,4.0,1
2,18.8,53.8,97.3,577.0,507.1,707.2,633.1,572.2,2.0,1903,5,4.0,1
3,25.0,44.9,99.3,592.4,477.4,715.7,683.7,586.2,1.0,9127,6,4.0,1
2,19.0,54.1,95.0,571.9,510.9,699.5,809.3,554.6,2.0,1903,3,2.0,1
2,29.27,53.2,100.0,572.2,515.4,700.0,642.9,571.0,2.0,1903,4,5.0,1
4,18.2,52.4,125.4,587.9,483.6,736.7,676.3,615.6,1.0,1374,2,1.0,2
2,19.9,52.5,99.3,574.5,491.5,702.2,642.0,566.1,2.0,1903,2,3.0,1
2,20.5,52.0,98.4,565.9,497.6,709.8,643.5,561.4,2.0,1903,6,1.0,1
2,20.8,51.6,102.8,570.6,500.9,702.2,639.9,574.3,2.0,1903,5,5.0,2
3,22.7,43.2,109.1,583.1,460.0,720.5142857142857,674.9,602.6,1.0,8052,4,5.0,2
2,16.8,43.6,54.2,570.6,611.6,804.2,758.5,719.8,0.0,9241,2,5.0,2
2,21.3,51.3,178.2,564.1,504.7,706.1,642.3,587.2,2.0,1903,3,4.0,1
2,21.4,51.4,103.2,568.8,493.0,709.7,630.6,583.6,2.0,1903,6,5.0,1
2,21.4,51.5,102.3,563.9,505.9,703.6,636.2,576.1,2.0,4761,5,5.0,1
2,21.5,51.8,99.7,568.5,506.6,711.8,633.2,577.8,2.0,4761,2,4.0,1
2,21.6,51.7,107.9,565.8,499.8,700.4,636.4,574.7,2.0,4761,3,4.0,1
4,20.3,58.6,128.7,551.4,489.8,722.1,676.7,612.3,1.0,5214,1,1.0,1
1,29.130000000000003,40.7,59.8,627.4,576.3,801.4,773.5,710.2,0.0,3856,2,5.0,1
2,11.7,51.2,116.8,570.2,481.7,704.0,634.8,577.9,1.0,4761,1,5.0,3
2,19.4,54.0,124.6,573.9,430.0,729.5,687.3,628.6,1.0,3074,6,4.0,2
2,22.5,50.6,107.5,568.4,490.7,708.7285714285714,648.5,584.5,2.0,4761,1,5.0,1
4,19.2,48.1,118.3,582.4,467.8,725.7,692.9,599.4,2.0,2679,4,5.0,2
2,22.6,50.8,115.5,565.7,500.5,711.3,641.2,577.7,2.0,4761,4,5.0,1
2,22.5,51.0,108.7,568.5,479.1,708.2,623.2,558.6,2.0,4761,3,4.0,2
2,22.5,51.4,121.6,563.5,494.9,705.7,642.4,576.7,2.0,4761,3,1.0,1
2,18.0,46.3,70.2,598.8,581.7,773.9,746.3,696.4,0.0,1826,6,3.0,2
4,29.380000000000003,56.1,133.5,563.0,455.8,713.8,652.6,580.8,1.0,1903,4,2.0,1
4,29.330000000000002,58.8,130.0,552.1,492.4,723.1,684.6,623.7,1.0,8936,2,4.0,1
2,22.9,51.0,109.5,570.3,481.7,707.4,646.1,582.7,2.0,4761,5,4.0,1
2,23.0,51.0,118.8,569.0,494.7,707.4,640.0,576.4,2.0,4761,2,2.0,1
1,34.3,52.9,104.7,560.3,486.5,678.1,607.8,541.3,1.0,7058,6,3.0,1
1,20.1,55.5,116.3,550.4,512.3,726.5,674.5,607.1,1.0,1458,1,4.0,2
2,23.2,52.4,114.7,561.9,479.7,695.6,633.6,572.0,2.0,4761,2,5.0,3
3,23.2,52.5,119.1,559.8,471.6,700.6,638.8,571.3,2.0,4761,1,4.0,1
2,19.8,46.0,103.8,592.5,417.3,744.1,715.8,635.8,1.0,5820,6,3.0,2
3,23.3,52.5,117.4,561.1,488.2,692.0,629.7,564.1,2.0,4761,5,5.0,1
3,23.7,51.6,121.2,567.8,495.9,697.4,522.0,579.8,2.0,4761,1,3.0,1
3,23.7,52.0,122.2,559.4,492.5,703.3,631.7,572.5,2.0,4761,5,1.0,1
3,22.7,51.9,115.9,551.2,425.3,689.9,638.2,568.5,3.0,9385,4,3.0,1
3,24.0,50.7,124.7,570.9,486.8,697.9,630.8,560.9,2.0,4761,1,4.0,1
4,22.7,54.7,119.2,554.0,430.8,698.6,667.3,574.2,2.0,5214,4,5.0,1
3,29.660000000000004,52.0,117.4,563.6,482.6,704.3,641.5,579.1,2.0,4761,5,4.0,1
3,23.6,51.8,119.1,557.6,475.7,704.7,637.9,574.6,2.0,4761,4,5.0,1
4,19.7,48.7,119.5,580.8,463.5,735.9,699.7,630.5,1.0,6431,5,4.0,2
3,23.7,51.8,123.1,559.6,482.0,699.7,641.7,573.0,2.0,4761,4,5.0,2
3,24.3,50.2,123.2,558.8,489.0,701.7571428571429,636.7,564.2,2.0,4761,3,3.0,1
3,25.3,47.4,116.0,575.5,438.5,704.5,668.3,584.9,1.0,4507,5,3.0,1
2,22.5,52.6,98.6,570.7,423.4,656.2,577.1,509.4,2.0,1903,5,4.0,1
3,24.3,50.9,132.0,561.0,470.7,703.3428571428573,642.9,573.4,2.0,4761,5,3.0,1
1,19.9,59.3,123.3,553.2,484.6,724.4,686.0,617.3,1.0,8936,4,5.0,2
3,23.9,52.1,129.8,555.5,413.0,686.8,630.3,567.9,2.0,4761,4,2.0,1
3,29.710000000000004,51.9,130.5,551.6,435.8,696.0,622.1,568.3,2.0,4761,1,5.0,2
3,24.1,51.3,130.4,564.9,403.7,704.8142857142858,638.2,580.4,2.0,4761,4,5.0,1
3,23.5,52.7,129.6,557.6,384.7,694.2857142857143,627.0,569.4,2.0,4761,5,5.0,1
3,29.650000000000002,53.0,126.4,561.1,369.2,695.2,630.9,560.3,2.0,4761,5,3.0,1
3,23.9,50.9,124.6,558.7,489.9,704.1,641.3,561.6,2.0,4761,2,5.0,3
3,23.8,51.7,131.2,561.4,393.7,697.1,520.8,572.2,2.0,4761,1,5.0,1
3,23.9,51.5,126.0,562.6,403.1,703.2,636.7,578.3,2.0,4761,3,4.0,1
3,24.1,51.3,127.9,555.6,400.2,697.1,631.8,562.2,2.0,4761,4,4.0,1
3,24.3,50.8,134.1,563.6,404.5,690.2,617.5,552.6,2.0,4761,3,4.0,2
3,23.9,51.6,126.0,564.4,409.7,684.0714285714287,615.8,550.3,2.0,4761,4,5.0,1
3,24.3,50.8,124.4,562.9,392.0,691.3,611.3,545.1,2.0,4761,2,5.0,1
4,23.2,48.1,119.0,577.1,417.2,722.6,668.3,605.8,2.0,1826,5,4.0,3
3,23.5,52.5,135.8,556.3,408.2,694.7,623.6,548.5,2.0,4761,4,5.0,1
3,23.6,52.5,122.5,562.3,421.3,699.2,627.3,553.4,2.0,4761,5,3.0,1
3,23.8,52.1,117.4,555.7,424.6,688.8999999999999,627.8,560.1,2.0,4761,6,3.0,1
2,21.4,50.0,108.0,583.0,480.5,732.7,683.2,628.0,1.0,4507,6,5.0,2
3,23.9,52.0,128.4,566.2,416.5,696.1,642.9,568.0,2.0,4761,1,4.0,2
3,29.72,51.6,129.1,562.5,403.1,698.1,636.3,556.1,2.0,4761,1,5.0,1
3,24.8,45.3,111.1,601.8,476.8,727.5714285714286,672.2,589.4,1.0,9127,1,5.0,1
3,24.8,49.8,122.2,557.1,408.3,686.8,646.6,562.7,2.0,4761,6,2.0,1
1,19.5,55.0,116.6,558.1,463.6,714.8,672.4,613.3,1.0,2847,2,4.0,3
3,29.72,52.6,130.3,558.1,412.8,670.1,630.4,550.8,2.0,4761,2,3.0,1
3,23.2,48.4,92.1,601.1,497.3,737.9,679.3,619.6,1.0,3856,5,1.0,1
3,23.2,54.7,125.7,556.5,396.1,681.3,613.2,540.5,2.0,4761,5,5.0,1
3,29.6,55.0,129.0,558.8,392.4,686.1,624.1,550.2,2.0,4761,4,4.0,1
3,24.4,49.2,145.3,556.5,391.6,678.0,630.7,558.1,2.0,5172,2,5.0,1
1,19.5,51.5,96.9,581.1,464.7,719.1,459.5,586.2,2.0,6528,5,1.0,3
3,22.8,54.7,129.9,558.1,410.8,687.8,631.8,559.6,2.0,4761,6,5.0,1
4,19.5,51.1,121.5,592.3,455.3,745.0,706.6,631.0,1.0,9658,3,4.0,1
4,22.5,55.1,129.6,559.0,435.2,691.8571428571429,638.5,560.1,2.0,4761,1,3.0,1
4,22.4,55.3,125.4,560.5,411.5,694.5,635.5,550.9,2.0,4761,3,5.0,1
4,22.4,55.0,127.8,554.1,419.3,686.1,635.7,568.6,2.0,4761,1,4.0,1
2,19.3,53.5,87.6,617.1,488.6,749.4,703.1,629.3,2.0,3856,4,4.0,2
4,22.3,55.3,131.8,557.4,422.9,692.5,634.3,551.3,2.0,4761,5,2.0,1
2,23.1,51.0,118.5,557.4,483.7,703.7,638.1,576.2,2.0,4761,5,5.0,1
4,22.3,55.2,135.3,555.7,426.0,690.5,631.3,578.6,2.0,4761,5,5.0,1
2,17.7,50.5,98.9,606.8,470.7,764.9,723.7,655.6,0.0,2105,4,2.0,1
4,22.2,55.5,137.3,561.7,425.2,699.2,475.4,569.3,2.0,4761,4,4.0,1
4,22.0,56.0,135.1,557.9,407.3,700.6,641.2,564.6,2.0,4761,6,4.0,1
4,21.7,56.7,135.8,557.2,425.2,692.1428571428571,633.1,564.7,2.0,4761,5,4.0,1
4,21.6,56.8,144.2,554.9,418.5,695.7,645.8,556.4,2.0,4761,3,3.0,1
4,21.6,57.0,140.0,556.1,449.3,699.3,551.5,571.2,2.0,4761,3,3.0,1
4,21.5,57.1,137.7,559.4,436.8,701.5857142857143,647.6,578.4,2.0,4761,3,4.0,1
3,21.8,43.5,98.7,590.4,520.5,738.1142857142859,692.3,613.4,1.0,8052,6,4.0,3
4,21.4,57.2,138.6,554.7,428.5,699.9714285714286,828.4,567.8,2.0,4761,2,4.0,1
2,24.2,44.0,85.1,606.1,468.8,756.6,713.5,654.4,1.0,9127,4,4.0,2
4,33.7,57.2,139.5,553.9,437.6,696.6,645.3,575.0,2.0,4761,1,1.0,3
1,19.7,53.5,120.5,572.8,482.2,745.6,699.4,648.0,1.0,7395,1,3.0,2
2,9.3,42.9,64.2,616.2,603.7,800.4,758.5,711.0,0.0,3418,6,4.0,2
4,21.4,56.9,137.3,556.1,428.6,692.5285714285714,648.6,567.5,2.0,4761,2,4.0,1
3,23.2,46.2,109.1,596.2,396.1,717.0,686.5,572.9,4.0,8374,3,5.0,1
3,21.5,49.7,130.3,589.2,405.0,709.5571428571429,674.9,586.0,1.0,6847,5,4.0,1
4,21.4,56.9,132.2,545.5,436.1,693.7285714285714,643.0,567.2,2.0,4761,2,5.0,1
4,21.3,56.9,134.6,553.6,414.3,703.9428571428571,477.2,572.3,2.0,4761,2,3.0,1
2,17.2,45.3,71.3,618.6,562.7,784.1,755.2,691.4,0.0,8374,6,4.0,1
4,21.2,57.3,4.2,554.6,460.7,700.6,644.3,579.5,2.0,4761,5,5.0,3
4,21.1,57.5,136.3,560.5,433.8,698.7,649.9,580.2,1.0,4761,1,5.0,1
4,21.1,57.3,141.3,561.1,449.8,699.8,652.7,583.1,1.0,4761,1,5.0,1
4,21.1,57.4,135.5,561.0,436.4,691.5,631.3,578.5,1.0,4761,3,5.0,1
2,23.6,49.4,103.8,554.9,425.7,721.2,686.1,617.4,1.0,4703,6,4.0,1
4,21.0,57.3,137.3,564.0,446.5,707.7857142857143,647.4,590.6,1.0,4761,3,5.0,1
4,20.7,53.6,113.9,597.8,464.6,731.1,694.3,602.9,1.0,5693,2,5.0,2
4,21.0,57.1,132.2,558.5,439.8,713.1857142857143,664.5,586.7,1.0,4761,6,4.0,1
4,29.110000000000003,54.7,121.8,586.1,495.1,739.4,699.7,626.1,1.0,9658,4,5.0,3
4,29.24,49.8,116.5,593.8,402.9,716.8,642.1,563.4,1.0,3418,1,3.0,1
4,20.9,57.3,135.2,562.3,458.9,705.4,662.7,587.0,1.0,4761,3,3.0,1
1,19.1,57.3,143.7,567.2,431.9,723.0,673.8,607.4,2.0,8649,5,2.0,1
4,20.9,57.2,142.8,563.0,452.8,704.3,653.6,585.0,1.0,4761,5,2.0,1
4,20.1,53.6,112.8,589.5,485.6,733.0,882.1,623.4,1.0,5693,1,5.0,2
1,16.5,54.0,75.9,615.9,579.3,776.1,738.9,679.9,1.0,9658,6,5.0,2
4,20.8,57.4,138.4,568.5,450.5,704.6428571428571,650.1,575.6,1.0,4761,1,3.0,1
4,20.8,57.3,129.0,554.8,435.6,702.5,654.0,588.1,1.0,4761,1,4.0,1
4,20.7,57.2,130.4,557.3,454.4,706.9,655.2,591.1,1.0,4761,2,5.0,1
1,19.8,54.7,112.1,549.9,500.6,695.2,635.5,578.2,1.0,1458,6,4.0,1
2,22.0,49.5,103.6,580.5,477.1,721.3,685.8,610.1,1.0,7395,3,3.0,3
4,20.6,57.4,139.8,561.9,458.5,702.7,647.4,577.3,1.0,4761,1,5.0,2
4,20.6,57.5,129.6,561.3,460.7,707.5,660.4,574.5,1.0,4761,5,5.0,1
4,20.6,57.6,123.7,560.0,461.4,708.7,647.5,580.6,1.0,4761,5,5.0,1
2,18.9,50.0,121.3,579.5,496.1,725.3,677.3,605.7,2.0,9184,6,5.0,1
1,20.0,55.8,137.9,563.1,400.7,699.9,836.4,573.4,2.0,6528,5,4.0,1
4,20.5,57.5,132.1,560.9,461.7,720.3,659.6,600.0,1.0,4761,5,2.0,1
4,20.5,57.5,34.7,557.3,453.7,713.8,662.0,584.4,1.0,4761,3,4.0,1
2,22.6,44.4,113.9,588.6,454.9,730.1,687.6,618.7,1.0,1374,3,4.0,1
4,20.7,56.9,125.2,560.1,445.7,708.9,657.7,591.0,1.0,4761,1,3.0,1
2,21.9,55.6,119.8,544.8,485.9,710.7,659.2,615.8,2.0,1458,4,2.0,1
4,20.7,56.7,132.1,557.8,452.6,709.9,668.8,585.4,1.0,4761,4,4.0,1
1,17.8,48.5,69.9,628.9,553.4,782.8,760.7,706.9,1.0,3856,4,5.0,2
4,20.4,57.5,133.5,556.3,459.5,707.3,508.0,603.4,1.0,4761,1,3.0,1
2,16.1,46.5,226.9,610.2,572.2,791.7,520.9,704.2,0.0,5820,5,3.0,2
1,20.4,57.6,137.7,560.3,448.9,715.2,655.3,596.7,1.0,4761,3,4.0,1
1,20.4,57.6,130.9,565.1,456.8,711.1714285714286,660.5,598.3,1.0,4761,6,4.0,1
1,20.4,57.5,124.5,554.3,458.2,716.1,659.7,595.6,1.0,4761,2,3.0,1
1,20.3,57.6,127.6,562.7,459.4,710.1,664.4,599.5,1.0,4761,1,4.0,1
1,8.3,56.9,125.1,553.5,463.2,712.4,537.1,589.0,1.0,4761,6,3.0,1
3,23.8,49.7,117.8,573.0,446.4,708.8,663.8,580.7,1.0,4507,4,3.0,1
2,18.4,45.8,74.3,622.9,516.3,770.9,729.4,676.6,0.0,2105,1,5.0,2
1,20.7,56.4,132.9,560.4,463.0,722.0,661.7,595.3,1.0,4761,6,3.0,1
1,20.8,56.0,131.3,559.2,474.6,721.6,564.9,586.3,1.0,4761,5,3.0,1
1,20.4,57.0,123.9,558.0,454.3,706.7571428571429,670.2,594.9,1.0,4761,3,3.0,1
2,19.4,48.1,237.8,616.5,540.6,765.6,736.8,660.8,0.0,1482,5,1.0,1
4,22.8,50.0,117.6,573.0,385.6,685.7,643.6,551.3,3.0,7395,2,4.0,1
1,30.5,57.5,129.8,567.6,457.8,720.1,666.6,584.5,1.0,9385,5,4.0,1
2,19.1,54.4,85.6,583.4,471.1,731.7,682.7,622.0,1.0,6528,1,4.0,2
1,20.2,57.3,131.1,561.5,477.9,716.6,676.8,608.8,1.0,9385,6,4.0,1
1,29.360000000000003,56.3,126.9,564.7,455.2,716.5428571428571,676.0,597.3,1.0,9385,5,4.0,1
1,20.3,56.6,130.7,558.0,460.9,715.8,674.0,605.1,1.0,9385,5,3.0,1
1,18.3,55.6,100.6,607.3,493.7,736.7285714285714,690.6,617.9,1.0,1482,5,5.0,1
1,20.5,56.0,133.0,559.1,470.2,718.6,680.6,585.2,1.0,9385,6,2.0,1
3,23.8,51.0,109.2,550.5,459.2,695.0,651.7,576.7,3.0,6817,6,5.0,1
1,20.1,57.2,135.1,560.7,461.5,721.4,675.2,600.1,1.0,9385,4,1.0,1
1,20.0,57.5,132.9,563.2,482.3,720.3,671.1,594.1,1.0,9385,6,4.0,1
1,19.9,57.6,137.1,561.1,460.0,715.9,667.3,599.2,1.0,9385,1,4.0,1
3,24.4,48.1,115.0,575.2,447.1,710.5571428571428,667.5,584.0,2.0,7395,2,4.0,1
1,20.0,57.5,134.5,565.0,483.9,720.0,673.3,604.0,1.0,9385,5,3.0,1
1,20.0,57.1,126.8,561.3,471.4,722.7142857142857,668.8,616.2,1.0,9385,1,4.0,2
1,20.1,56.6,133.2,559.7,468.9,717.6571428571427,670.3,599.7,1.0,9385,1,3.0,1
1,19.9,57.3,120.1,564.1,398.0,703.7,660.6,578.5,2.0,9385,4,4.0,1
2,22.4,48.4,88.5,611.8,505.3,744.3285714285714,689.9,624.8,1.0,3856,4,5.0,3
1,19.8,57.5,38.8,557.1,452.4,703.4,660.3,588.4,1.0,9385,3,3.0,1
1,19.8,57.2,132.3,561.4,456.3,704.8,666.3,603.2,1.0,9385,5,3.0,1
3,23.4,45.0,123.1,582.2,446.7,726.2,681.4,612.2,1.0,1374,4,4.0,2
1,20.0,57.1,128.5,553.9,409.6,696.6,652.0,574.8,2.0,9385,3,4.0,1
1,20.0,57.5,141.1,555.9,385.0,701.8,644.9,571.1,2.0,9385,1,2.0,1
1,19.9,57.4,139.2,558.6,405.0,705.7,651.2,585.9,2.0,9385,6,5.0,1
1,20.0,57.1,121.5,553.5,407.0,702.357142857143,655.2,581.9,2.0,9385,3,5.0,1
1,17.4,41.8,58.2,623.6,595.5,796.0,767.9,727.4,0.0,8374,1,4.0,2
1,19.9,57.3,127.5,560.8,407.9,703.4,654.4,587.3,2.0,9385,4,4.0,1
2,19.0,53.2,81.9,621.7,521.4,752.9,710.5,637.0,1.0,3856,6,5.0,2
1,19.6,57.8,123.5,557.0,403.9,705.9,650.6,584.6,2.0,9385,4,5.0,1
1,19.7,57.7,128.2,564.5,420.1,706.2,485.1,592.4,2.0,9385,3,5.0,1
2,20.5,50.5,89.5,615.6,418.9,745.0,681.1,606.2,1.0,7241,2,5.0,1
1,20.0,56.8,127.4,555.2,429.8,716.0,670.6,593.1,2.0,9385,6,5.0,1
1,20.2,56.3,129.9,548.3,453.0,713.1,661.8,590.2,2.0,9385,5,2.0,1
1,20.2,56.3,131.6,555.1,425.0,704.2,654.4,593.7,2.0,9385,1,4.0,1
4,19.7,50.6,112.7,601.0,495.9,739.4,694.8,616.9,1.0,8374,6,4.0,3
2,20.2,57.4,120.9,547.2,475.4,704.3,650.9,603.2,2.0,3592,5,1.0,1
2,21.4,44.9,116.4,584.3,434.0,731.9,687.4,620.5,2.0,1374,5,3.0,1
2,20.3,55.9,132.5,559.5,449.0,716.0,668.8,588.0,2.0,9385,3,4.0,1
2,20.2,56.0,134.3,557.1,437.1,712.4,670.9,580.4,1.0,9385,3,2.0,1
2,20.4,55.6,131.5,551.3,447.3,710.1,672.8,596.2,2.0,9385,6,4.0,1
2,20.2,56.1,132.9,554.8,442.9,713.3,661.4,602.3,2.0,9385,4,5.0,1
2,19.9,54.3,120.5,562.4,475.7,717.9,678.7,615.1,1.0,9385,2,1.0,1
2,19.4,53.0,216.7,567.3,494.9,741.9,700.5,637.3,1.0,9385,1,2.0,1
2,19.2,51.6,81.6,580.0,526.7,752.8,717.8,658.3,1.0,9385,4,5.0,1
2,29.25,51.0,80.4,580.7,514.5,750.4,710.3,649.6,1.0,9385,2,5.0,2
2,19.3,52.1,88.1,576.6,512.3,749.0,707.4,655.6,1.0,9385,5,4.0,2
2,19.4,52.0,84.3,576.1,519.5,746.8,707.3,655.3,1.0,9385,5,5.0,2
2,19.5,52.5,86.7,564.0,494.3,737.0,699.5,632.7,1.0,9385,1,5.0,2
4,20.7,55.1,144.4,560.5,359.9,677.0,624.2,543.4,2.0,3074,6,4.0,1
3,21.2,49.1,112.8,595.1,401.2,723.4,684.7,612.9,2.0,9658,5,5.0,2
2,19.9,52.6,94.9,572.2,479.7,738.7,698.7,644.3,1.0,9385,3,3.0,1
2,21.2,58.4,150.3,535.1,517.6,712.2857142857143,670.9,585.1,2.0,1458,6,5.0,1
3,25.2,46.8,116.7,566.7,410.7,702.7,654.7,565.5,2.0,7395,6,4.0,1
2,19.5,55.0,114.4,558.0,497.9,737.5,691.3,629.6,1.0,9385,5,4.0,2
2,29.3,55.2,113.2,563.6,489.5,740.6,699.5,639.9,1.0,9385,3,4.0,2
2,19.8,54.1,107.7,562.5,514.7,742.4,694.4,615.6,1.0,9385,2,2.0,3
4,18.8,53.5,123.9,585.1,456.6,734.8,701.3,630.1,1.0,6847,2,5.0,2
2,29.3,54.0,102.7,567.6,513.6,736.5,699.3,638.7,1.0,9385,5,1.0,3
2,18.4,52.3,116.7,585.1,456.7,702.3571428571429,654.5,558.8,1.0,2105,5,5.0,1
4,18.4,52.4,119.1,590.8,484.2,752.6,714.4,649.3,1.0,1374,1,5.0,1
3,23.1,42.8,114.4,583.0,483.0,723.5,689.5,615.7,1.0,8052,4,2.0,2
1,15.6,41.9,71.8,605.9,555.9,796.1,754.5,695.5,1.0,8052,5,3.0,2
1,29.27,54.7,111.6,550.0,490.0,742.1,674.7,612.4,1.0,4703,2,4.0,1
2,23.3,51.7,113.5,551.7,479.9,716.1,669.2,609.8,1.0,5214,1,5.0,1
2,19.5,55.4,98.1,568.2,373.3,723.5,676.1,594.8,1.0,9385,2,5.0,1
2,19.4,55.6,101.5,564.1,413.6,717.4,681.0,610.9,1.0,9385,1,3.0,3
2,19.5,55.8,95.4,558.9,374.7,711.8,668.3,600.9,1.0,9385,2,3.0,2
2,20.5,53.6,100.2,569.1,395.8,722.3,873.2,608.7,1.0,9385,6,1.0,3
2,20.6,53.1,105.7,560.3,415.4,719.6,679.6,609.2,1.0,9385,3,3.0,1
1,16.1,45.1,68.5,603.6,571.4,792.3,757.5,715.8,1.0,6431,4,3.0,2
2,21.2,52.9,114.0,562.9,427.9,719.6,680.4,618.1,1.0,9385,4,5.0,1
2,21.4,52.9,118.5,560.6,426.6,711.6428571428571,666.6,603.2,1.0,9385,1,4.0,1
2,21.5,52.9,229.1,559.3,428.5,710.0571428571427,666.6,601.8,1.0,9385,1,5.0,1
2,18.5,52.2,111.3,595.4,461.4,746.0,706.8,635.4,1.0,9658,4,4.0,1
2,21.8,52.6,132.7,560.2,434.7,710.9,666.6,612.2,1.0,9385,5,5.0,1
2,21.8,52.9,130.1,550.7,443.2,709.3285714285714,564.1,598.7,1.0,9385,5,2.0,1
2,23.2,54.0,113.6,554.4,482.2,700.3,651.0,580.6,1.0,8936,6,4.0,1
2,22.4,52.8,178.0,546.5,438.9,707.9,657.3,608.4,1.0,9385,4,5.0,1
2,29.580000000000002,52.3,151.9,558.0,429.8,712.0,667.2,601.2,1.0,9385,1,4.0,1
2,22.7,52.2,149.9,545.5,438.2,713.4,666.1,594.9,1.0,9385,3,4.0,2
3,21.9,46.5,104.1,586.7,360.2,682.4,607.5,518.5,2.0,3418,6,4.0,1
2,23.0,51.9,159.4,549.6,446.6,705.7,665.0,601.7,1.0,9385,3,4.0,1
3,24.2,49.0,112.3,598.8,407.8,722.4,668.8,576.1,3.0,7241,2,3.0,1
2,22.9,52.3,161.6,548.8,441.8,702.7,665.5,595.8,1.0,9385,1,3.0,1
3,22.7,47.9,121.1,588.1,462.5,725.9,678.0,613.2,1.0,9658,2,4.0,2
2,23.0,52.4,159.3,548.1,436.2,704.0,666.9,592.1,1.0,9385,6,5.0,2
3,23.0,46.4,98.3,607.0,437.5,730.4,693.3,606.7,1.0,1482,5,4.0,3
4,19.7,52.7,108.5,560.5,465.9,717.8,684.4,614.0,1.0,2847,1,5.0,2
2,23.4,52.1,160.4,545.9,439.3,708.7,511.5,595.5,1.0,9385,5,5.0,1
2,23.6,51.6,165.8,546.9,437.4,707.1,661.9,601.5,1.0,9385,1,5.0,1
2,23.6,51.6,162.8,550.1,438.7,700.5,664.0,595.3,1.0,9385,1,5.0,1
1,19.0,51.3,111.1,603.8,495.9,745.3,694.5,644.3,1.0,8374,4,4.0,1
3,23.9,51.0,215.6,546.8,436.3,704.3,662.9,593.6,1.0,9385,5,5.0,1
2,24.0,50.2,104.3,552.7,473.2,710.2,678.6,602.2,1.0,5214,1,5.0,1
3,23.9,51.5,175.5,546.7,433.8,703.3,654.4,597.5,1.0,9385,4,4.0,1
3,23.8,51.3,170.2,545.4,446.6,704.9,655.1,607.6,1.0,9385,2,4.0,1
3,23.7,51.2,162.0,552.4,444.9,705.2,665.9,602.4,1.0,9385,3,5.0,1
3,23.8,51.0,162.4,542.5,442.5,703.2,667.1,598.6,1.0,9385,1,4.0,1
4,22.4,52.2,119.3,555.7,434.4,692.9,639.5,563.9,3.0,9385,3,4.0,1
3,24.3,43.7,139.2,579.0,440.9,687.4,650.4,535.2,1.0,6847,3,4.0,1
1,19.0,53.0,111.8,555.6,487.0,731.7,689.7,624.5,1.0,2847,4,5.0,3
1,21.7,52.4,107.0,548.6,490.5,711.9,667.2,606.0,2.0,7058,1,5.0,1
3,24.0,50.2,159.1,550.9,443.1,713.0,662.1,597.7,1.0,9385,5,4.0,1
3,24.0,50.6,160.9,547.6,447.9,702.5,664.7,601.0,1.0,9385,6,4.0,1
3,24.0,50.7,158.2,545.4,453.4,714.3,658.3,595.4,1.0,9385,2,4.0,1
3,29.710000000000004,50.7,155.7,543.0,448.0,707.9,661.7,602.9,1.0,9385,3,4.0,1
3,23.8,51.1,147.4,548.4,447.7,707.5,672.9,587.6,1.0,9385,5,5.0,1
4,19.6,49.5,117.0,593.9,389.8,714.3,641.5,564.4,1.0,3418,4,4.0,1
3,24.0,50.0,104.8,544.4,389.2,721.4,646.7,585.7,2.0,4703,6,5.0,1
1,20.0,55.3,117.1,556.7,469.5,727.2571428571429,687.9,617.5,1.0,9385,2,5.0,2
3,23.0,46.1,36.2,580.4,443.1,707.6,512.9,571.9,1.0,7963,2,4.0,1
3,24.0,50.4,149.8,552.4,443.7,700.0,640.4,574.1,1.0,9385,3,2.0,1
3,23.9,50.7,146.5,546.7,462.4,699.5,645.8,575.4,1.0,9385,2,4.0,1
4,18.9,51.7,123.9,588.7,482.4,732.4,672.3,601.9,1.0,1374,1,4.0,3
1,17.0,51.0,113.6,580.9,493.1,741.842857142857,701.6,639.8,1.0,2679,2,3.0,1
3,24.0,50.4,144.1,550.6,451.0,702.2,469.6,588.5,1.0,9385,3,5.0,1
3,24.0,50.7,142.1,554.0,463.0,703.8,648.8,586.7,1.0,9385,6,4.0,3
3,23.3,51.6,135.6,553.9,453.8,708.2,647.3,581.7,1.0,9385,6,2.0,1
3,23.3,51.8,137.8,549.6,465.3,705.8,661.7,589.3,1.0,9385,4,2.0,1
3,23.7,51.0,237.7,553.5,442.9,709.8,658.5,587.4,1.0,9385,3,3.0,1
1,17.5,50.4,83.9,612.0,577.6,774.0,512.3,701.1,0.0,4129,6,5.0,2
3,23.8,50.8,141.5,551.5,455.7,705.3,666.6,588.0,1.0,9385,5,5.0,1
2,18.8,56.1,72.2,568.0,566.4,751.9,722.2,664.1,0.0,3592,6,3.0,2
1,18.3,52.6,77.1,595.8,541.6,758.1142857142858,719.9,667.9,0.0,4507,6,4.0,2
3,23.8,50.6,125.9,555.6,455.2,700.8,659.0,598.3,1.0,9385,3,4.0,1
3,29.689999999999998,50.3,126.1,558.8,462.2,709.0,499.5,576.8,1.0,9385,1,5.0,1
3,23.2,51.5,129.6,551.3,449.1,706.2,650.1,584.7,1.0,9385,3,1.0,1
3,23.1,51.5,126.4,552.2,441.5,712.5,661.8,583.0,1.0,9385,2,2.0,1
3,23.1,51.5,128.1,548.0,453.5,709.7,663.1,596.0,1.0,9385,5,4.0,1
3,23.1,51.8,124.2,553.6,440.1,700.8,654.5,587.1,1.0,9385,3,3.0,1
3,23.2,51.6,134.3,556.8,442.5,709.7,665.9,601.3,1.0,9385,2,1.0,1
3,23.8,50.6,133.6,550.2,444.4,709.2,671.8,596.0,1.0,9385,3,4.0,1
3,23.8,50.7,221.6,550.8,464.5,719.1,661.1,588.5,1.0,9385,4,4.0,1
3,24.0,50.3,130.3,551.7,456.4,709.6,663.0,600.3,1.0,9385,1,4.0,1
4,18.0,48.5,7.4,578.3,473.3,734.3,685.4,628.0,3.0,8052,2,3.0,1
3,23.7,50.5,123.0,548.3,457.2,708.3428571428573,663.6,596.3,1.0,9385,1,5.0,1
2,24.5,48.6,150.7,557.5,382.8,681.1,638.8,548.8,2.0,5172,5,4.0,2
3,23.4,50.9,124.0,549.4,450.6,710.8,564.5,594.4,1.0,9385,1,3.0,1
3,23.5,50.7,118.6,559.7,447.2,712.8,665.7,615.6,1.0,9385,4,3.0,1
2,22.2,42.0,79.3,616.8,536.2,765.2,734.1,676.0,0.0,5693,3,4.0,2
3,23.1,51.6,120.6,552.6,451.3,708.0,656.6,595.0,1.0,9385,4,1.0,1
4,20.1,53.9,116.2,580.0,498.2,730.6,685.7,628.0,1.0,1826,1,5.0,2
4,21.6,56.7,129.5,549.7,467.8,707.8,673.3,600.3,2.0,5214,1,5.0,1
3,22.7,52.2,9.1,559.3,432.2,678.6,618.9,574.9,2.0,9385,2,4.0,1
3,22.6,52.2,119.6,560.3,412.3,685.3,633.5,547.4,2.0,9385,4,4.0,1
3,21.6,53.6,137.1,576.9,459.2,706.9,670.7,606.6,2.0,9184,5,5.0,1
3,10.1,44.0,95.8,593.3,494.8,737.3,684.9,611.7,2.0,8052,3,4.0,3
4,22.6,52.1,119.8,557.1,433.6,685.0,641.7,567.6,3.0,9385,3,5.0,1
1,11.8,50.8,117.9,590.4,500.9,758.4,714.8,644.7,1.0,1374,5,5.0,2
4,22.6,51.8,119.2,556.4,419.6,685.4142857142858,630.5,566.2,3.0,9385,4,2.0,1
4,22.5,52.0,117.6,553.6,433.1,684.4,628.3,561.2,3.0,9385,2,4.0,1
4,22.5,52.3,122.5,550.5,415.5,673.6,636.9,569.3,3.0,9385,1,4.0,1
1,19.6,55.7,120.5,553.9,462.6,736.2,890.1,630.6,1.0,2847,4,5.0,3
4,22.4,52.1,122.5,550.9,435.9,684.6,635.7,560.8,3.0,9385,2,4.0,1
3,23.9,49.4,114.8,551.1,450.8,729.7,678.3,610.7,1.0,9241,1,5.0,1
1,17.9,51.4,117.0,588.5,389.9,734.7,676.0,589.1,1.0,3418,5,5.0,2
4,22.1,52.9,123.7,546.7,434.3,690.4285714285714,645.9,562.7,3.0,9385,6,3.0,1
1,28.930000000000003,44.5,69.3,622.6,582.0,789.6,760.9,714.3,1.0,5820,5,4.0,2
4,20.8,52.9,123.5,566.6,389.1,689.5,651.9,570.6,2.0,7395,1,3.0,1
4,21.9,53.0,123.1,548.6,438.6,693.2,652.5,577.5,3.0,9385,1,3.0,1
3,23.3,48.9,224.1,554.8,439.2,720.6,677.3,630.5,1.0,2847,1,1.0,2
4,19.3,56.7,142.2,568.8,409.9,721.9,677.8,600.1,2.0,8649,4,5.0,1
4,21.6,53.4,126.8,551.6,431.4,699.9,651.5,578.1,3.0,9385,5,5.0,1
1,16.9,49.6,81.8,611.6,552.7,762.7,714.8,660.6,1.0,7963,3,5.0,1
4,21.5,53.8,124.7,555.1,452.0,695.3,655.0,584.5,3.0,9385,3,5.0,1
4,21.4,53.9,129.1,558.6,448.1,703.0,663.4,582.4,2.0,9385,1,4.0,1
4,18.6,51.2,121.3,594.1,475.3,757.6,726.9,653.6,1.0,5820,4,5.0,2
4,21.4,53.8,119.3,556.6,427.2,704.7,658.6,587.8,2.0,9385,3,5.0,1
4,21.3,53.7,127.0,554.8,411.8,706.1,667.5,587.7,2.0,9385,6,5.0,1
3,21.1,48.1,114.8,578.9,441.5,719.1,668.7,598.7,2.0,6431,3,1.0,1
4,29.430000000000003,54.2,119.2,551.1,431.8,701.3,651.6,598.4,2.0,9385,2,5.0,1
2,22.5,53.7,102.5,557.8,487.5,715.6,678.1,598.5,1.0,3592,4,2.0,3
2,29.230000000000004,54.5,207.7,572.1,414.2,723.2714285714286,691.5,605.2,1.0,3074,2,1.0,3
4,21.3,53.4,116.7,551.3,433.8,714.0,657.8,598.4,2.0,9385,6,4.0,3
1,19.0,56.0,109.8,599.9,474.5,737.7,683.5,594.3,1.0,3856,2,4.0,3
4,21.1,53.9,120.7,560.5,431.6,707.3,667.9,600.7,2.0,9385,3,5.0,1
4,21.1,53.8,122.5,561.0,439.0,705.0,665.9,584.9,2.0,9385,1,5.0,1
4,20.8,49.4,104.7,598.2,458.3,723.9,685.5,595.7,2.0,8374,5,5.0,2
4,21.1,54.1,115.6,559.5,431.8,711.6,669.2,598.7,2.0,9385,2,5.0,1
4,21.0,54.1,115.4,555.8,425.7,709.8,661.7,602.8,2.0,9385,2,3.0,1
4,21.0,54.2,115.0,549.6,432.8,710.1,668.2,595.5,2.0,9385,4,4.0,1
2,17.1,42.3,63.5,632.1,611.3,798.7,770.8,716.8,0.0,8374,4,3.0,2
4,20.8,54.2,109.7,551.0,462.7,717.1,678.0,591.5,2.0,9385,5,4.0,1
4,20.6,54.5,37.6,557.0,434.4,717.4,673.5,607.8,2.0,9385,5,4.0,1
4,21.6,52.5,125.4,547.0,449.9,649.4,592.7,505.3,4.0,7058,1,5.0,1
4,20.6,54.5,123.1,553.4,445.1,724.6,666.6,613.5,2.0,9385,3,4.0,1
1,19.2,48.4,80.4,613.4,531.1,764.1142857142858,720.9,678.0,0.0,3856,3,3.0,1
1,18.2,52.3,124.1,587.5,490.9,737.7571428571429,687.0,626.2,1.0,1374,3,2.0,1
3,23.1,47.2,102.7,608.9,448.8,735.9,693.1,607.5,1.0,1482,5,1.0,3
1,18.9,56.1,113.9,601.4,496.7,735.8,677.6,621.9,1.0,3856,3,3.0,1
2,18.1,54.0,106.5,592.1,528.0,764.8,719.0,643.7,1.0,9658,1,2.0,2
3,29.52,47.5,94.8,557.8,497.4,749.8,686.7,622.8,1.0,2586,5,5.0,2
4,20.3,54.9,117.9,556.5,459.1,719.4,686.0,616.1,1.0,9385,1,4.0,2
4,29.330000000000002,55.1,119.4,562.1,462.0,727.8,679.7,613.6,1.0,9385,5,5.0,2
2,18.2,45.9,69.1,606.2,557.2,764.4,750.5,689.7,0.0,1826,4,5.0,1
4,20.2,54.9,115.3,552.1,471.8,725.5,685.9,619.6,1.0,9385,1,5.0,1
4,20.1,55.0,116.5,556.4,461.7,720.0,680.1,629.4,1.0,9385,4,5.0,2
1,20.0,55.2,119.1,559.7,466.8,727.8,673.2,624.0,1.0,9385,6,5.0,2
2,22.5,51.2,181.0,571.9,409.2,697.0,632.1,572.0,2.0,3074,5,1.0,1
1,20.0,55.2,121.2,555.3,470.5,736.5,689.1,627.7,1.0,9385,4,4.0,2
1,19.9,55.4,114.3,560.5,468.4,731.8,675.8,635.6,1.0,2847,2,3.0,2
1,19.8,55.4,120.3,558.5,469.9,728.5,687.2,627.3,1.0,2847,3,2.0,3
1,15.6,44.2,68.2,620.6,618.3,791.3,771.3,721.9,0.0,5820,2,5.0,2
3,25.2,46.9,116.1,573.6,437.2,704.1,659.8,587.4,1.0,4507,2,3.0,1
3,22.1,45.3,122.4,571.6,472.9,722.6857142857142,800.7,600.8,2.0,2679,1,4.0,1
1,19.6,55.8,117.2,556.2,480.7,724.2,687.8,623.4,1.0,2847,5,4.0,2
1,19.7,55.6,224.4,563.8,477.3,729.4428571428571,686.5,622.4,1.0,2847,1,2.0,3
1,19.6,55.7,121.1,557.1,456.1,728.9,675.7,625.0,1.0,2847,2,5.0,3
1,33.0,55.7,124.4,557.6,476.7,733.9,683.3,633.2,1.0,2847,1,4.0,2
4,19.5,52.4,135.2,578.5,452.5,728.5,692.0,616.8,1.0,7963,3,5.0,1
2,17.1,49.9,93.3,600.0,384.8,745.4,696.2,637.5,2.0,5820,5,5.0,2
2,22.9,52.2,0.9,549.8,494.1,717.0714285714284,676.3,609.9,1.0,7058,5,3.0,1
3,21.9,48.0,123.3,578.1,423.6,717.0,663.0,600.4,3.0,6431,2,4.0,1
2,23.9,48.8,105.9,541.5,392.0,720.1,636.5,578.4,2.0,4703,5,4.0,1
1,19.5,55.6,120.4,558.5,473.7,730.8,693.8,638.9,1.0,2847,3,4.0,3
1,18.9,57.4,199.4,561.7,431.3,728.3,686.5,618.9,1.0,8649,3,5.0,1
1,19.5,55.6,121.3,558.7,466.7,734.1,691.3,632.6,1.0,2847,3,4.0,3
1,19.5,55.7,125.0,558.7,476.1,730.6,689.6,629.2,1.0,2847,5,5.0,2
1,19.5,55.7,117.5,562.4,485.1,730.6,691.7,633.8,1.0,2847,2,4.0,1
3,22.4,47.7,106.1,586.9,494.0,738.1,695.2,625.8,1.0,4129,2,4.0,2
3,23.8,52.3,113.6,547.9,481.8,710.9285714285714,671.3,600.8,2.0,3592,5,5.0,1
1,19.4,55.2,114.2,559.9,465.7,736.3,679.6,624.2,1.0,2847,6,4.0,3
3,29.67,47.0,169.0,572.8,444.4,687.3,799.6,561.7,1.0,6847,2,4.0,2
1,19.5,55.0,116.6,558.1,463.6,714.8,672.4,613.3,1.0,2847,2,4.0,3
1,20.1,56.4,125.3,550.1,430.1,700.5,648.1,601.4,2.0,9385,4,4.0,1
1,29.260000000000005,55.0,114.7,561.5,475.9,716.2,665.9,600.1,2.0,2847,2,4.0,1
1,29.260000000000005,55.2,113.0,557.6,462.3,705.7,664.6,595.5,2.0,2847,6,4.0,1
1,19.4,55.2,109.7,559.5,464.7,711.1,666.3,602.0,2.0,2847,1,5.0,1
1,29.25,55.3,111.3,559.2,464.7,715.4,658.4,597.8,2.0,2847,2,4.0,1
1,19.3,55.4,107.8,559.0,467.9,720.3,662.3,598.0,2.0,2847,5,4.0,1
1,19.5,54.8,104.7,559.9,482.9,713.9,658.4,604.4,2.0,2847,5,5.0,1
1,29.22,49.2,93.4,570.1,529.0,759.9,864.6,668.9,2.0,2847,5,3.0,2
3,22.8,50.2,138.4,584.6,429.4,713.7,661.2,574.5,2.0,1482,5,2.0,1
1,19.0,46.1,67.9,575.7,550.8,764.4,735.2,673.2,1.0,2847,2,5.0,1
1,18.8,56.7,139.4,569.7,470.1,719.3,686.6,613.6,1.0,4507,2,2.0,2
3,23.8,49.2,133.8,564.1,410.4,676.7,584.5,520.0,1.0,3074,1,3.0,1
1,18.7,43.1,63.6,580.6,578.3,776.6,754.7,689.6,0.0,2847,4,4.0,2
1,18.7,43.5,65.1,581.5,589.3,783.4,754.4,699.9,0.0,2847,6,5.0,1
1,18.7,43.3,62.1,590.8,586.5,783.9,757.8,697.2,0.0,2847,5,5.0,1
2,29.610000000000003,53.5,140.1,540.2,477.1,705.9857142857143,658.4,585.5,2.0,7058,2,4.0,1
3,24.6,47.7,123.5,575.5,437.8,710.1,662.3,595.1,1.0,7395,1,5.0,1
1,18.7,43.6,61.5,578.9,587.1,786.8,753.6,702.2,0.0,2847,6,5.0,2
1,18.8,43.7,56.4,582.3,612.4,771.9,758.4,689.3,0.0,2847,4,4.0,2
1,18.9,43.9,62.7,582.8,602.1,782.1,750.7,687.6,0.0,2847,6,5.0,3
1,18.8,44.9,66.5,577.8,571.0,768.8,745.4,695.9,0.0,2847,1,3.0,1
1,18.8,44.8,66.8,578.2,570.0,786.6,742.8,699.9,0.0,2847,4,4.0,2
2,18.8,44.7,68.5,581.9,589.0,770.7,752.2,695.3,0.0,2847,4,1.0,2
2,18.7,45.1,62.8,582.9,586.4,778.4,750.5,702.6,0.0,2847,3,5.0,2
2,18.9,44.5,67.0,582.7,576.8,779.7,739.1,690.2,0.0,2847,6,5.0,2
1,17.0,50.9,118.1,582.6,495.9,743.4,707.0,638.6,1.0,2679,6,4.0,2
4,18.5,52.2,119.2,588.0,473.9,757.5,711.0,650.8,1.0,1374,2,4.0,2
2,29.180000000000003,43.0,59.0,577.8,582.1,783.1,757.5,703.8,0.0,2847,3,4.0,1
2,18.4,44.1,62.4,582.6,583.2,786.3,749.9,690.0,0.0,2847,1,5.0,2
2,18.5,44.3,62.7,578.8,597.6,780.4857142857144,747.2,693.6,0.0,2847,3,5.0,2
2,18.5,44.4,66.3,586.5,589.4,781.9,747.4,706.7,0.0,2847,6,4.0,1
2,18.5,46.0,60.8,581.5,553.6,773.8,735.4,674.3,0.0,2847,4,4.0,2
2,18.4,47.1,72.5,575.7,569.1,762.3,730.4,664.2,0.0,2847,6,4.0,2
2,18.9,46.8,73.7,574.0,563.8,771.7,726.0,658.7,1.0,2847,5,3.0,2
2,18.9,45.7,74.9,575.1,564.6,762.4,744.4,674.1,0.0,2847,5,5.0,1
4,19.1,52.8,121.2,591.7,490.8,716.4,681.8,591.8,1.0,4129,4,4.0,1
2,29.180000000000003,47.9,72.0,571.8,538.2,762.7,731.8,650.5,0.0,2847,2,2.0,3
3,19.1,53.3,84.0,584.2,432.7,733.0,704.5,623.5,1.0,6528,3,5.0,3
2,18.5,48.8,77.2,569.1,537.6,757.4,716.9,655.5,0.0,2847,1,5.0,2
2,18.6,48.7,45.4,575.8,523.2,749.5,490.8,668.0,0.0,2847,3,2.0,1
2,18.7,49.4,78.2,575.1,516.2,761.3,717.9,661.2,0.0,2847,1,5.0,2
2,18.8,49.5,77.5,577.4,511.0,743.4,513.6,654.7,0.0,2847,3,4.0,1
1,29.5,52.5,106.1,559.2,487.2,716.5,659.4,593.4,2.0,7058,1,4.0,1
2,9.9,50.5,87.3,573.3,512.2,749.2,711.7,638.5,0.0,2847,2,4.0,2
2,19.5,53.7,85.8,619.7,395.6,754.9,692.6,619.8,1.0,7241,2,5.0,1
2,18.8,50.9,89.8,571.2,497.5,745.5,709.6,640.9,1.0,2847,1,2.0,2
2,18.8,51.0,85.6,571.4,496.1,742.1,696.8,640.3,0.0,2847,4,4.0,3
2,29.210000000000004,51.0,90.7,568.3,503.0,744.2285714285715,533.3,644.2,1.0,2847,1,5.0,1
1,21.0,53.3,233.7,551.1,480.3,712.6,671.9,593.1,2.0,7058,4,5.0,1
2,19.0,51.2,94.0,566.1,495.1,746.1285714285715,706.9,648.2,1.0,2847,5,2.0,1
2,19.1,50.8,93.2,568.2,518.6,754.9,713.2,639.9,1.0,2847,3,5.0,1
2,33.5,54.6,125.2,549.5,437.8,691.8,619.4,555.1,2.0,7058,6,3.0,1
2,19.2,50.9,98.8,567.8,507.7,739.5,718.8,649.3,1.0,2847,4,4.0,2
2,19.0,51.4,94.9,566.2,509.3,746.8,711.1,645.1,1.0,2847,1,2.0,1
2,19.1,51.4,96.3,566.5,501.2,748.6,714.8,641.9,1.0,2847,3,3.0,3
2,19.1,51.4,97.3,560.1,495.4,747.0,705.2,646.5,1.0,2847,1,4.0,1
3,22.3,51.3,124.8,551.6,452.5,702.0,649.3,563.0,2.0,7058,3,5.0,1
2,19.5,50.6,100.2,569.4,499.8,743.4,711.2,647.2,1.0,2847,5,5.0,1
3,23.9,47.5,105.4,604.3,411.1,709.4,654.8,557.4,1.0,9127,5,4.0,1
2,19.6,50.5,103.1,564.0,503.5,738.3,711.5,644.9,1.0,2847,6,4.0,1
2,19.4,51.3,110.2,558.7,492.5,750.7,703.6,647.9,1.0,2847,2,4.0,1
4,22.3,52.4,121.4,560.7,424.9,686.5,630.6,573.7,3.0,9385,6,3.0,1
2,19.2,51.8,102.1,565.3,512.9,743.1,705.3,644.5,1.0,2847,1,2.0,2
1,17.8,52.9,120.5,590.6,494.9,741.9,696.1,621.3,1.0,1374,1,3.0,1
2,19.0,52.3,103.6,564.7,514.2,748.1,707.1,649.4,1.0,2847,2,5.0,1
4,29.29,55.1,123.1,548.4,462.7,684.4,622.5,543.1,3.0,7058,4,3.0,1
2,19.0,52.2,103.0,562.8,517.5,746.7,717.9,649.5,1.0,2847,1,5.0,1
3,24.1,48.0,108.9,585.2,480.7,725.5,681.0,615.7,1.0,1826,6,5.0,2
2,19.7,52.0,98.8,570.5,498.8,745.1,702.9,641.5,1.0,2847,2,4.0,2
4,18.3,51.7,121.7,590.7,482.3,744.4,698.8,642.1,1.0,5820,5,1.0,3
2,20.6,50.2,110.0,564.1,444.6,732.5,696.1,645.1,1.0,2847,4,5.0,3
3,20.7,50.1,109.0,562.0,448.3,738.5,698.2,649.2,1.0,2847,5,4.0,2
3,20.6,50.6,107.4,556.1,441.7,743.4,697.0,639.1,1.0,2847,5,4.0,2
3,23.8,50.0,106.2,547.1,428.2,728.0,669.2,593.6,2.0,4703,3,4.0,1
3,21.0,50.4,106.1,562.5,452.3,730.7,691.8,639.9,1.0,2847,5,2.0,2
3,21.2,50.1,102.0,563.9,456.1,737.0,700.2,638.4,1.0,2847,4,5.0,1
3,21.3,49.9,104.7,562.0,441.5,745.5,708.0,644.5,1.0,2847,2,5.0,1
3,21.4,50.1,113.8,560.1,447.3,726.9,696.6,630.1,1.0,2847,1,5.0,2
3,21.5,49.8,105.3,564.9,437.4,729.8,691.3,631.2,1.0,2847,5,2.0,2
3,21.8,49.5,102.3,557.8,452.6,730.7,699.3,641.2,1.0,2847,3,4.0,3
4,20.8,51.0,107.1,559.1,434.7,711.6,660.1,599.6,2.0,2847,1,4.0,1
3,23.8,45.4,140.0,565.6,415.4,691.5,649.6,561.2,3.0,6431,6,4.0,1
3,22.1,49.1,107.7,567.8,442.0,733.0,534.8,644.5,1.0,2847,5,4.0,1
3,22.2,49.1,110.2,562.4,442.7,737.4,694.9,627.7,1.0,2847,5,4.0,1
4,22.3,44.8,114.3,582.6,446.0,721.4,682.5,603.7,2.0,6431,6,4.0,2
3,22.2,49.8,102.8,558.9,446.0,730.5,691.0,628.5,1.0,2847,5,4.0,1
3,22.1,49.9,106.6,555.0,451.6,736.2,698.9,626.9,1.0,2847,2,5.0,1
3,22.4,49.4,102.0,557.4,450.7,742.1,680.1,632.7,1.0,2847,1,5.0,1
4,19.8,53.9,104.3,602.0,462.7,732.6714285714286,538.2,611.8,1.0,9127,3,5.0,2
3,29.59,49.2,106.7,563.5,451.9,735.9,688.4,616.5,1.0,2847,1,5.0,1
3,22.8,49.0,102.9,566.1,453.7,731.5714285714286,690.3,629.5,1.0,2847,5,4.0,1
4,19.5,54.6,107.1,605.5,495.0,738.6,702.0,620.3,1.0,9127,5,3.0,1
1,19.7,50.3,20.4,466.5,555.7,794.6,756.0,673.7,3.0,4703,3,5.0,3
3,9.4,49.0,116.7,559.9,451.1,726.1,685.0,612.5,1.0,2847,5,4.0,1
3,23.0,49.0,104.6,562.2,457.8,729.4,683.0,623.7,1.0,2847,4,3.0,2
3,23.0,49.0,112.4,560.1,462.1,738.657142857143,695.8,627.4,1.0,2847,3,3.0,2
4,29.650000000000002,49.8,120.7,579.0,421.4,709.8999999999999,651.7,595.0,1.0,4507,3,4.0,1
4,10.8,50.8,112.2,560.3,437.8,717.1,660.1,594.3,2.0,2847,1,4.0,1
3,29.560000000000002,49.8,110.4,552.7,468.9,735.3,683.7,637.3,1.0,2847,6,4.0,2
2,19.2,53.9,80.5,581.7,453.7,729.5,690.0,625.1,1.0,6528,1,4.0,3
1,17.9,52.8,187.0,585.7,483.1,750.1,697.2,623.9,1.0,1374,1,5.0,2
3,23.4,47.5,106.4,560.9,464.4,737.6,694.2,626.3,1.0,2847,1,2.0,2
2,12.6,43.9,97.7,606.8,469.9,752.742857142857,712.6,635.3,1.0,9127,2,1.0,2
3,23.0,48.3,102.6,560.5,475.3,733.3,704.8,630.9,1.0,2847,1,1.0,2
3,23.1,48.2,106.0,561.4,465.8,730.0,695.4,626.7,1.0,2847,1,4.0,2
3,23.2,48.0,107.8,561.6,477.0,726.4714285714284,678.3,626.5,1.0,2847,3,4.0,1
1,20.0,55.5,127.8,556.0,481.4,722.1,673.8,618.8,1.0,1903,4,3.0,1
1,18.3,49.4,67.9,622.2,565.9,792.2,749.1,698.0,1.0,3856,5,4.0,2
3,23.1,47.6,101.5,566.9,455.8,728.8,695.1,626.8,1.0,2847,2,1.0,1
2,29.400000000000002,49.5,108.3,594.0,507.2,745.8,700.9,626.6,1.0,4129,2,1.0,3
3,22.9,47.9,96.6,562.1,477.2,735.2,698.7,624.8,1.0,2847,4,5.0,3
3,29.710000000000004,46.0,102.6,595.8,439.6,732.7,694.2,603.3,1.0,1482,5,2.0,1
3,20.8,50.4,130.2,583.8,451.8,708.3,668.8,596.9,1.0,7963,6,4.0,1
3,23.0,48.0,102.0,568.9,464.6,729.4,691.4,637.8,1.0,2847,1,2.0,1
4,17.6,48.5,114.0,578.5,471.5,733.5,690.5,630.8,2.0,8052,4,5.0,1
3,22.5,49.0,105.7,560.4,473.2,727.4,850.9,599.4,1.0,2847,3,4.0,2
4,21.6,55.2,118.3,549.7,461.0,698.3,658.7,598.3,1.0,3592,1,5.0,1
2,18.0,54.0,100.1,555.3,491.3,707.0,641.5,590.5,1.0,7058,3,3.0,1
3,22.2,49.1,102.9,562.4,442.5,711.4,653.7,582.1,2.0,2847,6,3.0,1
3,23.4,46.0,103.6,597.1,447.1,730.4,685.9,614.2,4.0,8374,1,4.0,1
2,18.3,51.6,111.8,588.7,472.6,734.4,674.6,601.8,2.0,9184,6,4.0,1
3,22.3,48.2,95.2,559.2,446.1,707.4,652.6,575.0,2.0,2847,5,5.0,1
1,17.9,52.3,121.6,591.3,476.6,748.2,695.1,627.5,1.0,1374,1,4.0,2
3,21.9,50.3,105.2,578.1,482.9,740.5,699.8,630.1,2.0,6528,2,4.0,2
4,21.7,49.7,105.2,557.9,433.9,700.9,648.8,577.9,2.0,2847,5,4.0,3
4,21.1,54.2,121.9,557.2,438.0,694.5,660.4,590.7,2.0,9385,3,4.0,1
4,21.4,50.3,97.9,559.1,426.5,707.9,657.8,587.2,2.0,2847,2,5.0,1
4,21.3,50.6,100.6,563.8,427.3,716.8,654.5,576.5,2.0,2847,4,2.0,1
4,21.3,50.4,105.3,558.2,434.3,710.5,653.6,582.0,2.0,2847,2,1.0,1
2,23.3,51.3,142.6,527.1,391.5,688.5,588.1,519.9,4.0,4703,1,4.0,1
2,17.6,49.1,89.4,606.0,556.1,766.4,731.3,677.1,0.0,1374,1,4.0,1
3,22.8,46.3,107.8,600.6,454.3,740.2,688.0,621.9,3.0,8374,2,4.0,1
2,22.0,51.8,131.1,552.0,444.7,695.9,642.4,567.2,2.0,7058,5,4.0,1
4,21.2,50.3,206.4,557.7,435.0,710.6,652.0,584.1,2.0,2847,3,4.0,1
2,18.4,44.1,62.4,582.6,583.2,781.5714285714284,749.9,690.0,0.0,2847,1,5.0,2
4,21.0,50.6,205.2,567.2,424.7,714.2,656.6,604.2,2.0,2847,3,3.0,1
4,21.0,50.7,109.0,558.8,452.4,714.7,656.1,588.4,2.0,2847,2,5.0,1
4,20.7,56.8,121.8,553.4,456.5,707.9,667.1,603.5,1.0,3592,1,4.0,2
2,29.22,53.1,105.7,581.0,431.0,717.3999999999999,682.6,579.4,2.0,7395,6,4.0,2
4,20.8,50.9,109.6,563.4,447.1,717.0,662.7,596.2,2.0,2847,5,5.0,1
4,20.7,51.2,106.0,563.6,441.3,717.9,675.6,599.7,2.0,2847,6,5.0,1
4,29.39,51.1,108.0,554.8,439.4,725.4,669.5,598.8,2.0,2847,1,4.0,1
3,24.4,48.1,115.0,575.2,447.1,718.8,667.5,584.0,2.0,7395,2,5.0,1
1,17.4,53.0,120.9,582.6,478.5,716.9,663.8,593.9,2.0,9184,6,2.0,2
4,20.6,51.0,111.8,564.8,447.4,722.9,669.4,611.6,2.0,2847,3,4.0,1
4,20.6,51.1,110.8,563.3,447.4,722.0,669.6,618.1,2.0,2847,2,1.0,1
2,18.3,52.7,77.2,593.0,513.0,751.7,708.9,624.5,1.0,5172,6,1.0,2
4,20.4,51.7,106.1,553.6,465.1,723.3,674.6,606.4,2.0,2847,1,3.0,2
1,19.5,49.3,83.1,610.9,530.7,756.4,729.4,668.8,0.0,3856,3,3.0,1
4,20.5,55.7,127.4,561.8,369.7,675.2,509.9,556.3,3.0,6528,2,4.0,1
4,20.3,52.0,109.0,557.2,442.9,714.6714285714287,560.5,598.0,1.0,2847,5,3.0,2
1,19.5,53.5,96.2,578.3,409.7,709.9857142857143,662.6,582.4,1.0,6528,5,4.0,2
3,23.3,46.3,145.3,574.9,429.8,714.2,669.8,585.1,2.0,7963,1,4.0,1
4,29.34,52.2,111.3,558.8,464.5,718.8,671.0,608.4,1.0,2847,6,4.0,3
4,20.2,52.2,111.3,560.5,467.2,722.2,677.5,604.3,1.0,2847,4,4.0,2
4,20.2,52.1,112.8,557.4,451.1,726.3,488.7,621.2,1.0,2847,1,5.0,2
4,20.1,52.4,234.6,558.0,477.8,724.6,669.4,603.0,1.0,2847,6,4.0,1
4,20.1,52.4,104.6,560.7,463.4,724.5,669.1,609.0,1.0,2847,1,5.0,2
4,22.2,52.7,124.5,553.5,430.1,690.6,629.7,560.0,3.0,9385,4,4.0,1
4,29.32,52.3,106.0,563.0,438.4,727.6,501.6,600.1,1.0,2847,6,5.0,3
4,20.0,52.4,107.1,562.0,474.0,724.6285714285714,674.8,610.0,1.0,2847,2,5.0,2
4,20.0,52.4,104.4,555.4,445.6,718.1000000000001,672.8,600.8,1.0,2847,2,2.0,2
4,19.9,52.6,108.5,556.8,471.7,721.4,677.5,590.8,1.0,2847,4,5.0,2
4,19.9,52.5,109.5,558.2,470.9,718.1,675.4,608.6,1.0,2847,4,5.0,1
2,19.0,47.1,96.8,603.1,544.6,758.2,727.6,670.6,0.0,1374,1,3.0,1
4,19.8,52.6,115.0,556.8,474.7,724.9,679.4,600.8,1.0,2847,2,5.0,1
4,19.9,52.5,109.4,558.0,467.9,730.1,677.8,603.5,1.0,2847,4,4.0,3
4,19.7,52.7,108.5,560.5,465.9,717.8,684.4,614.0,1.0,2847,1,5.0,2
4,19.8,52.7,114.7,552.2,469.0,714.2,672.0,595.4,1.0,2847,1,4.0,3
4,20.3,53.8,122.5,578.9,480.0,733.2,687.8,614.2,1.0,1826,5,5.0,2
4,19.7,52.5,109.7,557.7,466.4,724.7,687.2,613.5,1.0,2847,3,5.0,2
3,23.0,50.7,132.9,540.6,423.2,643.4,552.7,482.5,4.0,7058,4,5.0,1
4,19.6,52.7,110.2,555.3,459.8,725.6,678.6,625.8,1.0,2847,6,5.0,1
1,16.8,49.8,115.9,584.5,505.3,747.0142857142856,702.2,643.7,2.0,8052,3,5.0,2
4,19.5,52.8,108.1,563.2,455.5,725.1,679.1,611.3,1.0,2847,2,3.0,2
4,11.2,52.8,104.4,555.6,471.3,729.2428571428571,678.3,620.9,1.0,2847,4,4.0,2
1,19.5,52.8,112.7,554.4,472.2,732.2,683.8,607.6,1.0,2847,4,5.0,2
1,19.4,52.8,109.8,552.5,485.3,724.2,678.3,612.6,1.0,2847,5,5.0,3
1,21.8,52.6,112.2,556.9,497.6,715.5,664.6,587.9,2.0,7058,5,2.0,1
1,19.3,52.9,106.7,557.8,482.2,727.4,679.3,597.7,1.0,2847,6,5.0,1
1,29.24,53.0,106.0,557.4,475.3,724.7,818.8,617.0,1.0,2847,4,5.0,1
1,19.3,52.8,101.2,566.6,472.9,721.0,676.0,612.8,1.0,2847,5,4.0,1
1,19.2,52.9,106.1,558.3,479.0,720.9,677.5,612.1,1.0,2847,3,4.0,2
1,19.2,52.8,105.2,555.6,473.7,732.8,672.5,603.2,1.0,2847,4,4.0,3
2,20.0,45.5,91.9,605.3,476.8,754.9,704.9,654.2,1.0,2105,5,3.0,1
1,19.1,53.0,112.8,565.4,471.6,722.8714285714285,675.6,611.4,1.0,2847,4,5.0,2
1,19.1,53.1,110.3,552.2,477.5,733.6,683.5,606.3,1.0,2847,4,4.0,3
1,29.230000000000004,52.8,112.5,555.6,475.4,722.7,679.7,606.3,1.0,2847,4,1.0,2
4,20.9,52.0,104.0,554.9,479.7,739.0,688.2,638.2,1.0,9241,5,2.0,1
1,18.9,53.4,110.9,564.4,477.4,724.6,678.3,610.8,1.0,2847,6,4.0,1
1,19.0,53.1,106.0,553.8,475.6,729.4,699.8,609.8,1.0,2847,5,4.0,2
1,19.0,53.0,113.5,566.3,478.3,722.9714285714286,674.0,619.5,1.0,2847,2,5.0,2
1,19.0,53.1,105.7,561.3,472.4,733.9571428571429,693.5,625.2,1.0,2847,4,3.0,3
1,18.9,53.3,112.0,555.8,496.3,729.4,684.4,622.6,1.0,2847,1,5.0,2
1,17.4,44.2,62.1,631.4,611.1,790.9,763.4,711.2,0.0,5693,2,2.0,2
2,17.3,46.9,94.3,594.2,461.4,726.7,560.8,628.6,2.0,2679,1,5.0,2
1,18.8,53.1,104.3,559.2,481.7,715.0,664.0,592.8,1.0,2847,3,5.0,1
2,20.4,47.3,98.4,600.9,501.7,747.8,714.2,649.2,0.0,3418,6,4.0,1
1,19.7,58.3,130.7,550.2,477.0,702.6,655.5,581.2,1.0,3592,2,4.0,1
1,18.7,53.2,106.8,558.4,461.4,712.9,665.5,586.3,1.0,2847,4,4.0,1
1,18.7,53.2,105.0,563.0,466.2,716.8714285714286,667.2,589.5,2.0,2847,5,5.0,1
1,18.7,53.2,109.9,551.1,456.9,713.4,875.7,583.3,2.0,2847,2,5.0,1
1,18.7,53.1,105.7,565.9,485.9,715.1,521.5,586.2,2.0,2847,2,4.0,1
1,18.7,53.2,108.5,560.2,466.1,715.0,658.6,579.6,2.0,2847,6,2.0,1
1,18.6,53.4,110.9,559.9,472.1,709.2,480.5,592.0,2.0,2847,4,5.0,1
1,18.6,53.3,109.3,563.5,482.7,712.9,665.2,582.1,2.0,2847,1,5.0,1
1,13.6,53.3,105.8,554.0,479.1,711.9,662.4,583.5,2.0,2847,5,5.0,1
1,18.6,53.2,107.0,561.5,468.0,717.3142857142858,670.4,590.6,2.0,2847,1,5.0,1
3,22.6,46.4,122.7,585.1,456.9,729.6,675.4,612.1,2.0,1374,6,4.0,1
1,18.4,53.7,107.2,566.4,484.4,711.6,653.7,587.1,2.0,2847,5,5.0,1
2,16.7,45.8,62.2,612.1,620.4,790.0,757.7,701.8,0.0,3418,4,4.0,1
4,12.0,56.6,176.3,598.7,450.1,729.5,677.5,603.0,2.0,7241,6,5.0,1
1,18.4,53.5,102.7,561.2,481.0,719.7,670.5,603.4,2.0,2847,2,3.0,1
3,23.4,47.6,101.5,558.3,454.3,724.8,688.3,620.8,1.0,2847,1,4.0,2
1,18.6,53.0,95.9,556.9,476.3,720.3,668.9,592.4,1.0,2847,3,2.0,2
2,23.0,53.5,140.1,540.2,477.1,710.7,658.4,585.5,2.0,7058,2,4.0,1
1,18.5,51.5,93.9,561.2,488.0,689.7,609.2,550.2,1.0,7058,6,4.0,2
3,22.9,47.1,116.9,585.7,439.6,724.9,688.5,609.2,2.0,9658,2,5.0,2
1,18.5,52.0,98.2,566.3,466.6,673.3,590.7,510.2,1.0,7058,6,5.0,1
1,18.6,52.0,101.5,564.8,482.9,681.5,584.8,533.1,1.0,7058,3,5.0,1
2,18.9,55.9,90.8,553.8,536.5,740.6,708.0,643.0,0.0,6817,3,4.0,3
1,29.180000000000003,52.2,100.0,558.9,478.1,680.3,596.5,530.9,1.0,7058,4,4.0,1
1,18.7,52.3,99.6,557.8,481.0,679.6714285714286,596.2,517.8,1.0,7058,4,5.0,1
1,18.6,52.6,99.4,561.0,484.4,682.1,598.4,540.1,1.0,7058,6,4.0,2
1,18.6,52.6,102.9,562.8,482.6,687.5,589.1,532.8,1.0,7058,5,4.0,1
1,17.5,51.1,86.4,607.2,525.3,770.8,726.7,673.4,1.0,4129,6,3.0,2
4,29.37,52.9,119.9,574.9,458.3,732.8,690.0,619.4,1.0,7395,2,5.0,2
2,23.6,49.7,112.8,554.0,420.2,733.2,674.8,614.4,1.0,4703,4,4.0,1
2,18.9,53.0,125.3,553.5,453.0,690.2,607.5,541.1,2.0,7058,2,3.0,1
2,20.6,47.6,99.5,586.7,464.0,722.9285714285714,677.9,616.7,2.0,6431,5,5.0,2
2,29.24,51.9,116.3,553.4,474.5,682.7,605.8,550.5,2.0,7058,2,5.0,1
2,19.4,50.3,106.9,560.2,486.3,700.8,619.9,561.7,1.0,7058,4,5.0,1
2,18.7,52.2,101.9,558.0,469.1,703.4,634.2,563.3,1.0,7058,6,5.0,1
1,16.8,46.5,106.0,596.4,545.0,768.2,707.4,661.5,1.0,2679,4,3.0,2
2,18.5,53.1,100.7,558.4,477.7,707.3,640.9,562.3,1.0,7058,4,4.0,1
2,21.8,51.0,105.6,579.5,455.8,718.4,674.2,625.5,2.0,7395,6,4.0,1
2,18.4,53.3,105.4,565.4,461.2,699.2,623.3,568.3,1.0,7058,1,1.0,1
2,18.3,53.4,186.4,556.1,489.6,702.0,630.7,567.6,1.0,7058,6,4.0,1
3,21.7,53.2,34.4,603.9,430.7,693.6,610.0,541.5,2.0,3856,5,5.0,1
2,18.2,53.6,100.9,565.8,494.0,711.3,635.0,578.5,1.0,7058,5,4.0,2
2,18.1,53.8,110.0,560.2,494.7,704.6,642.6,564.7,1.0,7058,3,3.0,1
2,18.1,53.7,104.3,562.4,492.7,709.2,556.0,565.7,1.0,7058,1,5.0,1
2,29.130000000000003,53.7,103.4,559.4,487.5,701.9,639.2,571.5,1.0,7058,3,3.0,1
2,18.1,53.8,105.0,551.8,486.9,705.6,631.3,567.8,1.0,7058,5,3.0,1
2,18.1,53.9,103.1,558.0,488.7,700.7571428571429,626.6,566.4,1.0,7058,2,2.0,1
2,17.2,49.2,83.8,613.8,565.9,768.4,804.4,684.6,0.0,1374,1,2.0,1
2,18.0,54.0,101.7,561.4,484.2,703.7,637.5,573.1,1.0,7058,3,1.0,1
2,18.1,53.8,98.3,560.9,481.0,710.3,641.7,580.3,1.0,7058,1,2.0,1
1,19.5,52.4,105.6,552.8,515.8,753.4,705.3,642.6,1.0,9241,4,4.0,2
2,18.1,53.8,103.0,555.3,494.6,706.5,628.9,570.4,1.0,7058,2,3.0,1
2,18.1,53.8,101.6,565.2,480.7,713.7,645.4,560.7,1.0,7058,4,4.0,2
2,18.0,53.9,97.7,565.0,491.4,717.1,642.5,570.3,1.0,7058,1,5.0,1
4,20.1,53.0,127.4,571.6,392.2,709.5857142857142,660.2,596.7,2.0,5172,6,5.0,1
2,12.8,54.1,95.5,563.6,472.7,720.3,644.7,569.5,1.0,7058,3,5.0,1
2,18.0,54.0,97.3,564.8,498.0,711.6,645.6,575.3,1.0,7058,6,4.0,2
2,18.0,54.1,100.4,568.4,485.1,715.9,832.4,579.7,1.0,7058,5,3.0,2
2,18.2,53.0,94.3,557.2,504.7,715.2,648.7,580.0,1.0,7058,1,4.0,2
2,18.0,53.9,103.5,564.9,491.4,723.4,636.9,569.5,1.0,7058,5,5.0,1
2,29.180000000000003,54.7,131.6,554.1,447.0,700.4428571428572,632.5,561.6,2.0,7058,3,2.0,1
2,19.0,55.2,130.9,550.9,456.1,694.9,491.9,552.8,2.0,7058,5,4.0,1
2,19.1,58.8,143.5,546.0,387.6,671.3,608.5,546.9,2.0,7058,5,1.0,1
2,20.0,54.9,125.3,544.9,412.4,699.5,864.3,549.6,2.0,7058,6,5.0,1
2,29.34,55.1,124.5,552.5,430.9,687.9,622.4,552.7,2.0,7058,3,5.0,3
3,23.1,46.8,122.4,591.5,483.4,720.8,662.5,584.5,1.0,4129,1,5.0,2
2,29.54,52.3,35.2,547.7,448.4,677.1,629.8,562.4,4.0,6817,3,5.0,1
2,20.8,54.5,127.7,550.4,431.1,699.4,629.3,564.7,2.0,7058,3,2.0,1
1,20.0,58.2,129.5,553.5,479.9,692.5,617.4,549.5,2.0,8936,5,4.0,1
4,18.7,51.8,113.3,591.5,485.3,751.3142857142857,703.2,648.4,1.0,1374,1,5.0,2
3,23.7,52.4,20.4,553.9,427.9,700.5,649.0,575.1,2.0,5214,6,5.0,2
3,22.6,47.1,28.7,580.3,443.1,717.4,657.9,613.5,2.0,1374,3,3.0,1
2,19.8,54.1,91.7,610.9,496.2,749.3428571428573,694.7,641.7,1.0,3856,4,4.0,2
2,18.8,53.3,96.7,569.3,504.8,743.7,707.7,656.8,1.0,2847,2,5.0,1
2,21.3,53.7,130.4,554.3,426.3,686.9,633.7,551.9,2.0,7058,3,5.0,1
1,17.0,54.1,118.6,586.0,500.8,756.1,713.1,661.0,0.0,5820,1,4.0,2
4,28.8,55.5,121.3,564.1,377.9,689.857142857143,630.8,553.9,3.0,6528,2,4.0,1
2,21.6,52.9,133.2,556.2,440.3,697.6,634.5,564.6,2.0,7058,2,3.0,1
2,21.6,52.7,125.1,549.8,436.7,693.9,643.5,567.0,3.0,7058,5,4.0,1
2,21.8,52.2,126.3,555.1,436.0,698.5,637.2,563.7,2.0,7058,2,4.0,1
2,22.2,51.1,130.0,555.4,456.2,701.8,631.6,568.2,2.0,7058,5,4.0,1
3,22.2,51.4,127.5,552.9,450.6,701.3142857142857,642.2,560.7,2.0,7058,3,4.0,1
1,16.5,56.5,77.8,613.2,576.4,777.7,738.1,691.5,1.0,9658,1,5.0,2
3,22.1,51.6,123.8,553.7,450.4,701.8,634.3,576.5,2.0,7058,3,4.0,2
3,22.1,51.6,121.2,554.2,446.9,700.2,642.2,571.3,2.0,7058,1,5.0,1
3,23.6,51.8,124.8,565.6,481.5,704.1,636.6,566.9,2.0,4761,1,4.0,1
1,20.4,56.5,131.2,563.5,468.9,717.3,680.4,594.3,1.0,9385,4,5.0,1
3,22.4,51.0,125.1,547.6,458.6,706.3,645.6,583.1,2.0,7058,2,4.0,1
4,18.3,53.9,118.9,595.8,491.9,729.6,691.7,613.4,1.0,9658,1,5.0,3
3,22.4,51.1,125.4,554.8,460.5,704.4714285714284,646.2,562.2,2.0,7058,2,4.0,1
3,23.0,50.1,124.2,549.8,458.6,712.7,638.6,568.5,2.0,7058,5,3.0,1
3,23.0,49.9,124.4,554.0,454.5,705.3,650.6,567.6,2.0,7058,4,4.0,1
2,22.8,51.7,102.1,552.9,483.5,714.3,661.9,596.7,2.0,7058,2,4.0,1
3,23.1,49.6,125.3,550.5,462.0,701.6,643.3,584.4,2.0,7058,2,1.0,2
3,23.1,49.9,122.2,541.9,459.8,696.2,650.1,576.1,2.0,7058,4,4.0,1
4,12.2,47.5,113.8,594.1,446.0,733.1,700.7,626.3,2.0,2105,6,5.0,1
2,23.1,51.9,114.2,550.6,442.1,675.8,635.2,577.1,3.0,6817,3,5.0,1
3,29.6,50.5,122.5,550.4,471.6,706.9,893.4,577.3,2.0,7058,6,5.0,1
3,22.8,50.9,25.4,547.5,455.3,700.1,646.2,568.7,2.0,7058,5,5.0,1
3,23.1,50.8,145.7,546.4,466.0,703.7857142857144,511.5,568.9,2.0,7058,4,3.0,1
3,23.2,43.8,124.4,578.1,446.3,709.1,672.1,584.8,2.0,2679,5,3.0,1
2,17.7,48.6,102.7,599.0,380.9,742.9,679.3,602.6,2.0,5820,2,4.0,2
1,17.2,42.5,66.7,629.1,578.1,792.9,773.9,705.6,0.0,2105,6,4.0,2
3,23.5,48.9,117.3,545.5,473.9,703.6,485.3,583.4,2.0,7058,2,2.0,1
1,20.2,55.6,135.2,560.3,464.4,717.8857142857141,670.8,616.4,1.0,1903,2,5.0,3
4,29.439999999999998,53.2,100.3,546.8,467.8,723.9,663.5,586.5,1.0,4703,6,5.0,1
3,23.4,49.1,194.2,555.2,461.2,717.0,667.6,587.9,2.0,7058,4,5.0,2
4,29.3,53.1,121.3,569.7,399.8,704.4,658.0,581.7,2.0,5172,6,4.0,1
3,23.0,49.5,192.4,547.8,471.5,713.7,664.9,591.3,2.0,7058,2,4.0,2
1,17.5,46.1,84.7,605.8,555.1,774.7714285714285,742.3,686.9,0.0,5820,6,5.0,1
4,19.5,54.6,112.0,599.5,476.7,732.6,481.5,619.9,1.0,9127,1,5.0,3
3,23.2,49.8,126.2,551.2,462.5,674.3,587.4,524.5,2.0,7058,6,5.0,1
3,23.2,49.8,139.9,554.6,459.1,670.7,577.9,518.8,2.0,7058,1,3.0,1
4,20.8,58.3,119.7,549.0,475.4,716.7571428571429,675.0,610.5,1.0,5214,5,3.0,1
2,22.7,51.2,106.3,562.9,499.8,710.1,639.0,578.1,2.0,4761,4,5.0,1
1,19.3,58.2,127.8,541.9,522.5,716.6,663.0,609.1,2.0,1458,6,4.0,1
3,23.3,49.8,127.1,554.2,399.8,628.1,548.6,483.2,4.0,7058,4,4.0,1
2,20.3,47.7,109.9,588.6,480.0,749.6,709.1,638.3,1.0,5820,6,4.0,2
1,18.1,43.7,53.1,571.7,599.4,796.5,762.5,718.6,0.0,4703,5,4.0,2
3,23.6,49.3,131.1,541.9,400.9,621.7,549.0,474.7,4.0,7058,2,4.0,1
3,24.0,48.4,231.5,536.6,392.4,624.9,551.4,470.8,4.0,7058,6,5.0,1
2,18.6,46.9,82.8,614.3,495.8,759.8,723.1,639.0,0.0,2105,5,2.0,2
3,24.0,48.5,126.8,540.1,397.2,622.6,558.5,465.3,4.0,7058,3,5.0,1
3,23.9,48.8,130.6,546.2,401.0,629.9,559.7,478.6,4.0,7058,2,4.0,1
3,23.6,49.3,130.5,540.3,418.7,623.5,573.7,475.6,4.0,7058,5,2.0,1
3,22.7,51.3,129.1,539.4,412.7,635.4,558.3,499.0,4.0,7058,5,5.0,1
3,22.6,51.0,125.6,540.4,420.8,641.2571428571429,564.2,494.2,4.0,7058,4,5.0,1
4,22.8,54.6,120.6,547.6,446.0,703.1,656.2,589.3,2.0,5214,4,2.0,1
3,22.3,51.6,129.9,542.8,417.1,648.5,572.0,490.8,4.0,7058,3,4.0,1
2,19.5,47.8,78.3,616.8,548.6,770.8,737.2,666.0,0.0,1482,1,5.0,2
3,22.4,51.1,127.9,539.4,426.8,634.5,577.6,506.3,4.0,7058,4,5.0,1
3,22.3,51.3,123.7,544.3,402.9,649.7142857142857,583.8,493.9,4.0,7058,1,5.0,1
4,21.8,52.3,119.5,538.9,427.4,650.1999999999999,577.1,506.2,4.0,7058,5,2.0,1
3,23.3,50.7,128.0,560.8,426.0,672.4,591.9,531.5,2.0,3074,2,4.0,1
4,21.6,52.6,122.6,538.3,440.9,653.3,586.8,507.3,4.0,7058,2,5.0,1
4,21.4,53.1,132.7,539.3,439.3,649.4,592.2,504.5,4.0,7058,3,5.0,1
1,19.7,55.7,119.7,555.3,471.9,738.4,687.1,623.3,1.0,2847,5,4.0,1
4,29.430000000000003,53.9,128.1,542.6,423.8,664.3,590.4,503.4,4.0,7058,3,4.0,1
4,21.1,53.9,123.7,539.5,450.2,666.0,585.2,517.9,4.0,7058,4,5.0,1
4,21.1,53.6,131.1,546.5,442.8,657.0,598.8,514.6,4.0,7058,3,4.0,1
4,21.1,53.6,127.6,550.5,456.7,669.7,596.6,518.8,3.0,7058,1,3.0,1
1,16.4,46.8,77.0,609.5,571.6,779.5571428571428,742.0,703.0,0.0,5820,4,3.0,2
4,20.8,54.3,122.9,545.1,456.7,664.7,603.2,517.2,3.0,7058,1,4.0,1
4,20.8,54.1,132.3,544.2,448.3,672.2,589.6,522.2,3.0,7058,5,4.0,1
4,20.6,54.5,125.0,544.9,449.1,661.1,600.5,525.3,3.0,7058,3,4.0,1
4,20.6,54.7,125.3,544.4,463.3,667.8,610.2,535.6,3.0,7058,1,4.0,1
4,20.9,53.5,125.3,550.6,448.3,664.0,599.8,527.2,3.0,7058,6,5.0,1
4,20.9,53.6,122.8,541.9,461.1,672.4,615.9,537.5,3.0,7058,4,4.0,1
4,20.7,54.3,126.6,546.6,448.5,670.8,611.0,511.0,3.0,7058,2,4.0,2
4,20.5,54.9,135.1,546.3,456.7,674.4,603.1,542.4,3.0,7058,5,3.0,1
4,18.6,51.2,118.8,589.7,484.9,751.9,709.3,646.7,1.0,5820,3,4.0,1
4,20.4,54.7,132.0,539.9,463.4,679.6,607.9,543.5,3.0,7058,3,4.0,1
4,20.5,54.4,131.8,536.5,458.0,667.2,611.0,541.2,3.0,7058,4,5.0,2
4,20.5,54.4,130.6,546.8,458.9,680.3,615.6,541.4,3.0,7058,4,5.0,1
4,20.4,54.6,133.7,539.7,462.5,675.6,607.4,535.9,3.0,7058,1,3.0,1
4,20.4,54.4,125.7,546.4,439.6,680.5,610.9,538.6,3.0,7058,5,4.0,1
4,21.6,54.1,147.0,563.5,340.6,668.5,615.9,521.1,2.0,3074,6,3.0,1
4,20.3,54.5,130.2,537.2,455.0,673.9428571428572,612.7,541.7,3.0,7058,4,5.0,1
4,20.2,54.8,126.9,543.2,454.5,677.4,625.8,542.7,3.0,7058,6,4.0,1
4,20.3,54.6,131.0,542.1,467.1,681.9,613.0,556.5,3.0,7058,3,5.0,1
3,20.5,49.5,115.0,576.8,431.3,714.5,663.2,598.6,2.0,6431,5,5.0,1
2,19.9,56.6,135.2,539.2,501.5,714.1,673.1,598.5,2.0,1458,6,4.0,2
4,19.4,52.5,132.7,576.5,456.8,725.2,686.3,607.1,1.0,7963,3,5.0,1
2,18.5,53.2,95.0,581.5,444.7,714.5571428571428,646.4,571.9,2.0,7395,1,5.0,1
4,20.3,54.1,220.7,549.9,455.5,682.0,627.7,547.6,3.0,7058,3,5.0,1
4,20.2,54.3,124.5,544.5,466.0,684.7,629.4,565.1,3.0,7058,6,5.0,1
2,18.6,52.2,105.5,601.3,455.2,749.3,521.5,646.8,1.0,9658,3,4.0,1
4,20.0,54.6,192.8,549.3,460.2,683.7,627.9,547.5,3.0,7058,5,4.0,1
4,20.0,54.7,121.7,545.9,470.7,688.1,624.9,542.5,3.0,7058,4,4.0,1
4,19.9,54.9,126.3,549.7,453.7,686.9,623.6,565.1,3.0,7058,2,4.0,1
4,19.9,54.9,124.3,544.2,479.1,688.4,620.2,553.3,3.0,7058,2,5.0,1
4,19.9,55.0,131.5,547.0,467.6,691.4714285714286,630.5,562.3,3.0,7058,4,4.0,1
4,21.7,53.2,113.6,572.7,398.2,689.8,642.2,567.7,3.0,6528,6,4.0,1
4,18.2,52.6,120.7,586.4,483.9,737.6,677.0,613.5,1.0,1374,5,5.0,1
4,19.8,55.0,127.6,543.2,459.3,695.7,631.0,563.8,3.0,7058,4,1.0,1
2,21.5,42.4,80.1,617.9,542.6,762.4,733.2,674.2,0.0,5693,6,2.0,2
4,19.8,54.8,122.5,556.8,463.7,711.8571428571429,827.6,570.2,2.0,7058,3,4.0,1
4,19.8,54.9,129.6,548.2,461.8,696.1,633.7,568.4,2.0,7058,1,4.0,1
4,20.0,54.2,126.9,546.2,472.9,697.0,650.4,561.2,2.0,7058,6,5.0,1
4,19.8,54.8,127.0,544.0,468.7,697.1,647.8,564.6,2.0,7058,6,4.0,1
1,19.6,53.5,93.8,553.5,513.6,724.9,665.8,600.0,2.0,1458,1,4.0,3
2,24.0,45.4,98.6,607.9,460.3,743.7571428571429,700.3,628.3,1.0,9127,5,2.0,3
3,24.1,43.6,117.1,594.5,461.5,740.0857142857143,688.6,641.0,1.0,2105,5,5.0,1
3,22.9,51.1,103.5,557.3,451.4,733.3,681.8,622.0,1.0,9241,4,4.0,2
1,18.0,51.2,126.1,583.0,496.2,743.9,706.6,647.4,1.0,6431,1,5.0,1
1,19.7,54.3,111.5,549.2,477.7,700.2,653.4,580.0,2.0,7058,4,2.0,1
1,29.28,54.4,118.4,549.5,477.4,714.0,650.0,571.0,2.0,7058,1,5.0,1
3,22.8,45.4,103.9,594.9,469.0,736.9,694.9,631.3,1.0,3418,5,5.0,2
1,19.5,55.0,120.6,547.6,486.7,708.5,653.7,578.1,2.0,7058,5,4.0,1
4,18.0,54.6,124.6,590.8,497.8,727.5,699.0,618.6,1.0,9658,1,5.0,2
1,19.3,55.4,116.5,552.2,480.2,705.6999999999999,668.0,575.7,2.0,7058,3,5.0,1
1,19.8,55.5,130.4,567.5,495.0,733.0,494.3,616.7,1.0,1903,5,4.0,2
1,19.4,55.2,114.2,548.1,473.4,705.2,659.0,576.5,2.0,7058,2,3.0,2
1,16.0,45.0,74.3,609.1,583.3,789.3,755.9,700.4,0.0,5820,4,5.0,2
4,19.9,50.4,120.6,600.9,486.3,734.8,699.4,619.0,2.0,8374,5,4.0,1
1,19.5,54.7,115.4,551.7,481.4,707.9,662.3,585.8,2.0,7058,4,4.0,1
1,19.6,54.3,111.2,552.4,480.9,707.1,653.2,591.9,2.0,7058,5,4.0,1
3,24.2,46.5,110.2,574.3,448.8,723.8,508.7,614.4,1.0,7395,1,4.0,3
2,18.8,52.8,107.4,557.7,469.6,686.9,587.4,528.4,2.0,7058,5,5.0,1
1,19.5,54.6,110.9,555.2,486.8,711.9,649.8,594.5,2.0,7058,4,3.0,1
1,19.6,54.2,111.0,555.7,485.3,713.2,648.5,590.0,2.0,7058,3,2.0,1
1,19.6,54.2,114.6,548.8,479.2,715.5,656.9,591.7,2.0,7058,2,5.0,2
1,19.3,54.9,109.6,549.9,479.1,713.5,666.5,593.2,2.0,7058,6,1.0,1
1,19.5,54.5,112.4,559.2,475.3,712.1,669.8,585.0,2.0,7058,5,4.0,1
1,19.1,55.6,11.3,552.0,491.3,703.6,662.2,584.6,2.0,7058,1,5.0,1
3,24.2,53.6,123.2,546.0,471.9,694.4,651.4,584.6,1.0,8936,3,5.0,2
1,19.1,55.7,115.0,550.8,478.9,714.2,661.6,592.1,2.0,7058,3,4.0,1
1,19.1,55.4,110.4,554.6,476.8,707.7,669.5,593.8,2.0,7058,6,4.0,1
1,19.1,55.0,104.0,561.2,505.7,713.1,666.2,591.1,2.0,7058,2,3.0,1
1,19.1,55.2,113.4,552.5,502.9,720.5,667.2,586.6,2.0,7058,1,2.0,1
1,29.22,55.4,107.5,550.1,497.2,721.0,660.7,588.1,1.0,7058,3,4.0,1
1,19.1,55.8,110.3,549.5,482.0,709.4,668.5,594.1,2.0,7058,5,2.0,1
2,22.8,44.4,118.6,589.4,459.6,738.8,686.4,623.5,1.0,1374,1,5.0,2
1,18.9,56.2,119.4,560.0,487.5,713.9,662.9,596.4,2.0,7058,2,3.0,1
1,18.9,56.1,109.8,554.2,489.6,714.8,669.6,599.8,2.0,7058,3,5.0,1
1,18.9,56.2,106.6,556.6,481.1,711.8,659.8,583.0,2.0,7058,4,5.0,1
1,19.2,55.8,110.3,551.0,505.0,710.6,659.8,593.5,2.0,7058,6,2.0,1
1,17.8,40.8,57.1,633.9,588.1,796.9,769.0,719.9,0.0,3856,5,4.0,2
1,19.2,56.2,108.6,558.9,502.2,713.4,659.7,593.7,2.0,7058,6,3.0,1
2,22.0,45.4,88.5,593.4,503.2,744.3,720.0,653.5,0.0,1826,4,5.0,2
1,20.6,53.2,111.9,556.9,480.9,705.6,656.2,592.4,2.0,7058,4,5.0,1
1,19.0,56.8,107.8,599.9,485.2,730.2,678.8,592.2,1.0,3856,5,5.0,1
1,20.7,53.8,109.2,551.1,473.7,708.8,661.4,593.0,2.0,7058,3,5.0,1
3,23.6,52.2,140.2,554.9,436.7,645.5,568.5,505.3,3.0,1903,4,5.0,1
2,29.630000000000003,52.6,104.6,553.3,410.5,704.9,655.6,582.4,2.0,5214,5,5.0,1
4,21.2,55.9,136.2,550.4,448.4,697.4857142857144,640.8,558.2,2.0,1903,6,5.0,1
1,21.8,52.2,112.0,557.1,479.1,702.1,667.7,597.9,2.0,7058,6,4.0,1
4,17.4,50.6,119.1,588.1,491.2,742.1,873.1,632.3,1.0,2679,6,5.0,1
1,19.6,46.2,82.2,618.9,547.3,774.3,746.5,688.1,0.0,5693,4,4.0,1
2,18.4,52.8,113.1,594.7,433.7,727.0,683.9,598.3,1.0,2105,3,1.0,3
1,22.1,52.2,107.0,558.1,501.5,711.3,661.2,590.3,2.0,7058,5,5.0,1
1,22.1,52.2,109.0,558.5,497.7,712.2,659.0,607.8,2.0,7058,6,5.0,1
1,22.2,52.1,108.7,552.5,485.4,712.0,660.6,595.6,2.0,7058,2,5.0,1
1,22.3,52.0,108.1,555.2,486.8,706.7,663.9,597.2,2.0,7058,1,4.0,1
1,29.6,51.9,100.4,555.8,485.9,715.7,670.5,588.7,2.0,7058,6,2.0,1
3,23.4,50.3,2.3,554.6,447.1,733.1,679.9,613.3,1.0,4703,3,4.0,1
2,23.2,50.7,111.0,547.7,467.9,708.4,660.7,606.0,2.0,7058,2,4.0,1
2,22.9,51.5,120.3,554.1,468.5,706.9,502.4,589.8,2.0,7058,5,2.0,1
2,23.1,50.9,116.1,552.9,468.8,708.1,665.1,586.3,2.0,7058,5,3.0,1
2,23.0,51.2,206.9,563.0,475.5,713.3,669.0,596.0,2.0,7058,1,3.0,1
4,19.2,49.6,193.9,587.6,475.0,742.6,691.0,620.8,1.0,6431,6,1.0,2
2,22.6,51.9,108.0,557.4,493.2,709.7,668.0,591.1,1.0,7058,6,4.0,1
4,23.1,52.5,132.3,560.2,422.6,675.5,614.2,548.6,2.0,1903,6,5.0,1
2,22.8,51.7,112.5,550.7,487.2,712.3,665.4,590.1,1.0,7058,5,4.0,1
2,23.1,51.2,102.4,551.3,477.2,715.7,660.9,609.1,1.0,7058,6,4.0,1
3,24.4,49.9,124.4,576.4,421.5,716.3142857142857,664.0,598.5,2.0,1826,5,5.0,1
2,23.1,51.8,123.3,547.5,467.0,704.9142857142858,661.2,590.7,2.0,7058,4,5.0,3
2,23.1,52.4,138.2,540.6,483.9,711.1,678.9,589.2,2.0,7058,5,4.0,1
2,22.8,52.4,119.4,551.4,481.5,711.3,662.6,606.3,2.0,7058,5,3.0,1
2,23.2,51.6,216.8,552.0,488.9,707.8,477.7,600.2,2.0,7058,2,2.0,1
4,20.4,55.0,127.3,537.3,435.1,664.9,603.6,514.9,3.0,7058,2,4.0,1
2,23.2,51.9,113.9,557.1,481.5,708.6,672.9,600.8,2.0,7058,2,5.0,1
4,20.4,51.8,108.0,559.3,449.6,712.9,672.5,619.9,1.0,2847,4,4.0,2
2,23.2,51.7,107.6,555.4,492.9,713.2,671.1,605.3,1.0,7058,1,4.0,1
1,19.4,57.3,140.2,559.0,413.0,691.5,646.2,563.1,2.0,6528,3,4.0,2
2,23.3,51.4,110.3,555.6,484.2,716.0,675.9,604.5,1.0,7058,5,5.0,1
2,12.5,52.6,104.1,550.1,481.8,715.5,676.2,601.0,1.0,7058,2,5.0,1
2,22.8,52.6,112.9,548.6,485.0,715.3,670.0,605.1,1.0,7058,4,4.0,1
1,29.010000000000005,50.9,117.1,583.2,488.3,745.0,707.7,629.1,1.0,2679,4,2.0,2
4,18.1,54.3,121.1,584.4,498.8,737.9,685.9,613.1,1.0,9658,5,4.0,3
1,17.0,43.3,19.3,586.6,558.3,767.6,736.8,680.7,1.0,8052,5,3.0,1
2,23.5,51.1,111.5,559.3,488.1,718.3,867.0,597.5,1.0,5214,3,5.0,1
4,21.8,46.2,94.4,591.2,359.9,685.2,604.6,524.5,2.0,3418,3,4.0,1
2,29.689999999999998,50.7,103.3,555.4,485.9,716.7142857142856,665.1,603.3,1.0,5214,1,5.0,1
1,20.2,57.4,128.7,552.4,460.1,716.1,685.3,605.5,1.0,3592,6,5.0,1
2,23.6,51.0,108.9,550.2,474.6,713.7,671.6,616.0,1.0,5214,2,4.0,1
2,23.4,51.7,104.2,554.3,481.2,713.2,677.0,613.1,1.0,5214,2,4.0,1
2,23.5,51.4,102.1,555.8,497.3,711.9,664.5,603.6,1.0,5214,2,5.0,1
2,24.0,50.2,104.3,552.7,473.2,710.2,678.6,602.2,1.0,5214,1,5.0,1
2,19.7,49.8,89.7,614.3,519.9,755.9,714.3,655.5,0.0,9127,3,5.0,1
2,23.6,50.9,107.3,558.2,467.2,729.8,669.0,616.1,1.0,5214,1,2.0,1
2,23.6,51.0,102.5,556.4,475.5,717.5,684.8,605.7,1.0,5214,5,4.0,1
2,23.7,50.7,33.6,550.9,480.4,714.6,674.1,603.8,1.0,5214,2,3.0,1
2,29.52,45.8,150.0,582.4,361.9,726.7,477.4,609.6,1.0,5820,1,5.0,1
2,23.9,50.3,116.8,552.0,428.2,705.5,652.1,592.7,1.0,5214,3,5.0,1
4,19.4,55.6,189.3,599.2,476.0,730.1,692.2,615.4,1.0,5693,3,1.0,3
2,24.2,50.2,109.1,556.1,407.2,706.7,662.7,586.7,2.0,5214,2,2.0,2
3,21.5,46.3,96.2,591.2,501.5,742.2,698.2,641.2,0.0,3418,6,4.0,1
4,20.3,55.5,144.8,573.3,432.2,705.7,670.1,583.8,1.0,4507,2,5.0,1
1,17.4,50.3,85.7,608.8,551.4,764.2,729.0,683.2,0.0,3418,1,3.0,2
4,19.6,57.1,131.1,563.5,379.6,684.3,649.7,562.0,2.0,6528,6,5.0,1
2,10.0,52.0,109.1,561.8,410.6,702.6,665.5,592.3,2.0,5214,4,3.0,1
2,23.4,52.2,108.0,554.6,406.1,706.1142857142858,667.2,590.9,2.0,5214,1,4.0,1
2,23.0,53.0,111.8,554.6,421.4,706.6,654.0,605.4,2.0,5214,5,3.0,1
2,22.6,54.1,105.7,551.1,427.5,702.5,666.7,602.5,2.0,5214,1,5.0,1
4,19.8,52.3,121.9,590.9,436.2,708.6,835.1,585.9,2.0,4129,3,1.0,1
2,22.5,54.3,107.0,554.7,419.2,700.5,667.7,602.7,2.0,5214,5,4.0,1
3,22.4,54.4,106.4,548.3,437.8,709.5,656.7,596.0,2.0,5214,1,1.0,1
3,22.7,53.8,105.1,553.2,425.4,701.2,657.2,585.5,2.0,5214,4,4.0,1
1,20.2,55.6,129.0,564.4,474.4,720.4,672.5,595.6,1.0,1903,5,4.0,2
3,23.2,52.8,199.8,551.5,424.6,705.7,656.3,590.9,2.0,5214,6,1.0,1
3,23.8,51.7,107.0,552.8,430.8,698.4,661.1,599.9,2.0,5214,6,4.0,1
1,19.1,53.0,107.5,590.8,491.1,741.5,698.5,642.6,0.0,4507,4,4.0,2
3,22.2,48.5,114.7,592.2,505.2,740.3,689.1,622.4,1.0,4129,5,3.0,2
3,29.54,54.9,104.5,557.1,434.9,711.4,654.7,593.6,2.0,5214,6,4.0,1
3,22.2,55.1,108.2,548.8,428.0,714.1,662.1,579.7,2.0,5214,6,5.0,1
3,29.53,55.2,106.2,553.4,441.4,710.6,657.8,594.1,2.0,5214,4,5.0,1
3,22.1,55.2,115.4,552.1,436.8,705.7,655.0,592.1,2.0,5214,2,5.0,1
3,22.7,53.9,108.9,556.5,424.9,703.2,655.7,585.8,2.0,5214,4,4.0,2
3,23.0,53.1,107.7,557.3,444.9,696.5714285714286,655.9,569.8,2.0,5214,3,5.0,1
4,21.7,51.8,99.7,547.5,471.2,723.4,662.4,584.1,1.0,4703,1,4.0,1
3,23.5,52.0,107.1,550.7,437.2,701.4857142857143,651.0,592.2,2.0,5214,2,5.0,1
3,23.4,52.2,105.9,553.1,443.2,704.3285714285714,657.9,577.3,2.0,5214,1,3.0,1
2,19.0,56.6,98.1,575.4,415.2,700.6,667.9,580.2,0.0,1903,6,4.0,2
3,22.7,54.1,189.2,550.4,439.7,701.0,662.8,586.4,2.0,5214,2,5.0,1
3,22.5,54.6,106.1,552.5,455.4,695.1,655.0,593.3,2.0,5214,5,3.0,3
1,20.2,53.2,123.6,576.3,423.0,727.8142857142857,686.5,613.9,1.0,7395,2,2.0,1
1,29.180000000000003,48.4,84.6,620.5,537.8,787.3,739.3,690.9,2.0,3856,3,4.0,2
3,22.4,54.8,106.9,553.1,442.8,698.1,658.0,574.8,1.0,5214,3,4.0,1
3,22.8,54.0,103.5,554.3,441.5,700.2285714285715,668.0,581.6,1.0,5214,6,2.0,1
3,29.660000000000004,52.8,105.8,544.6,451.1,698.3,659.0,583.6,2.0,5214,4,5.0,1
3,24.0,52.1,190.0,555.8,419.5,690.1,640.7,582.8,2.0,5214,6,5.0,1
3,23.5,50.2,124.7,573.8,413.5,712.8,661.6,590.9,2.0,1826,2,4.0,1
3,23.7,52.5,111.4,546.1,439.6,687.1,649.9,574.4,2.0,5214,6,4.0,1
1,18.8,52.1,101.9,580.5,525.8,738.1,698.0,620.6,1.0,1826,1,4.0,1
3,24.0,52.6,125.7,550.3,438.9,681.8,645.8,556.3,2.0,5214,6,5.0,1
3,23.7,53.6,125.3,549.4,437.9,688.8714285714286,638.0,547.2,2.0,5214,2,5.0,1
3,24.5,51.5,117.0,550.7,479.2,708.7,650.6,592.6,2.0,3592,2,5.0,1
3,23.8,52.6,118.2,553.3,449.0,688.5,674.0,578.9,2.0,5214,2,5.0,1
3,23.8,52.7,118.3,551.6,445.5,695.3,653.2,575.5,2.0,5214,3,5.0,1
3,23.8,52.6,190.2,548.1,450.6,706.2142857142857,658.3,580.0,2.0,5214,4,5.0,1
4,22.8,53.1,113.9,546.9,470.6,694.6,628.7,564.8,1.0,6817,1,5.0,1
2,19.4,46.5,81.7,612.7,496.4,757.2,708.8,640.5,2.0,5693,5,3.0,1
3,23.1,53.9,112.0,549.0,432.7,696.6,654.8,584.2,2.0,5214,5,3.0,1
3,23.4,53.4,114.1,555.3,444.4,704.9,653.0,583.9,2.0,5214,4,5.0,1
3,9.6,52.9,113.0,549.4,437.5,702.2,657.4,584.5,2.0,5214,6,5.0,1
3,24.0,52.0,108.9,547.5,449.5,694.5,657.4,592.2,2.0,5214,5,2.0,1
3,24.1,51.8,16.6,549.3,467.4,703.0,665.6,597.2,2.0,5214,3,4.0,1
3,24.1,52.1,115.2,559.9,462.1,701.4,670.0,583.3,2.0,5214,3,3.0,1
3,23.8,52.8,109.6,552.7,467.3,701.3,657.5,572.3,2.0,5214,6,4.0,1
3,29.700000000000003,52.8,110.8,555.1,445.2,698.2,664.4,589.0,2.0,5214,3,4.0,1
3,29.680000000000003,53.2,109.0,556.7,469.4,703.5,659.8,592.7,2.0,5214,3,4.0,1
3,23.6,53.2,116.6,553.1,454.1,701.0,650.6,584.4,2.0,5214,1,4.0,1
3,23.6,52.9,112.2,557.2,463.7,699.3142857142858,647.2,582.5,2.0,5214,3,5.0,1
3,23.6,52.8,108.9,555.4,455.1,694.8,652.7,576.7,2.0,5214,4,5.0,2
4,19.6,57.0,13.9,559.7,385.9,693.0,649.1,571.5,2.0,6528,4,5.0,1
3,23.6,52.9,108.4,553.4,430.7,692.5,648.3,579.5,2.0,5214,1,1.0,1
2,22.8,51.7,187.1,552.9,483.5,714.3,661.9,596.7,2.0,7058,2,4.0,1
3,24.0,51.8,112.8,552.5,462.6,700.0,652.0,588.9,2.0,5214,6,1.0,2
1,20.1,56.8,126.6,560.0,424.4,699.0,656.4,569.6,2.0,9385,3,5.0,1
3,23.7,52.7,114.4,552.1,449.7,696.2,655.4,583.2,2.0,5214,1,4.0,1
1,17.6,52.9,119.7,587.3,483.4,752.4,705.3,630.2,1.0,1374,5,4.0,2
3,29.67,52.9,115.0,552.1,454.8,697.5142857142856,641.9,579.8,2.0,5214,6,4.0,1
2,18.7,52.3,216.0,584.0,512.8,710.3285714285714,625.5,583.6,2.0,1903,6,5.0,1
3,23.5,52.7,109.2,544.7,448.8,692.4,490.9,583.3,2.0,5214,6,5.0,1
3,23.4,53.0,115.2,551.5,456.9,701.1,650.2,590.4,2.0,5214,2,4.0,2
3,23.1,53.4,139.6,554.8,430.6,652.5,582.4,508.5,3.0,1903,6,4.0,1
3,29.630000000000003,53.8,115.8,550.7,451.0,693.6857142857143,666.9,574.9,2.0,5214,2,5.0,1
1,17.0,54.1,234.7,586.0,500.8,756.1,713.1,661.0,0.0,5820,1,4.0,2
3,21.4,44.2,113.0,588.1,473.7,725.7,512.8,614.6,1.0,8052,2,5.0,2
4,23.1,53.8,114.8,551.9,444.3,690.5,649.4,572.0,2.0,5214,3,2.0,1
4,22.9,54.2,120.5,545.7,451.8,705.3,655.0,578.4,2.0,5214,4,4.0,1
4,22.6,55.0,118.8,551.2,453.7,699.5857142857143,655.7,582.7,2.0,5214,2,4.0,3
4,17.4,53.5,122.8,588.5,492.7,751.3,702.4,664.5,0.0,5820,2,3.0,2
4,22.3,55.5,124.6,548.4,452.1,699.8,664.8,590.8,2.0,5214,3,3.0,1
4,22.3,55.5,123.3,550.1,451.9,693.4,656.7,592.4,2.0,5214,5,3.0,1
4,22.1,55.9,229.5,550.8,457.2,701.0,664.4,584.9,2.0,5214,4,2.0,2
1,18.8,53.2,117.1,589.6,444.6,752.7,702.2,632.6,1.0,6847,6,4.0,2
4,21.9,56.5,116.9,546.7,459.0,713.1,657.2,593.5,2.0,5214,4,5.0,1
4,21.9,56.5,124.3,550.1,464.1,706.8,498.1,595.1,2.0,5214,1,4.0,1
1,19.7,54.4,119.0,548.5,490.9,700.8,644.2,577.6,2.0,7058,1,3.0,1
4,21.8,56.7,116.9,544.3,470.5,709.7,651.8,601.7,2.0,5214,4,2.0,1
4,21.7,56.9,175.3,553.3,466.7,713.0142857142857,661.3,600.5,2.0,5214,1,3.0,3
1,18.3,57.1,108.2,602.0,502.7,749.1,696.9,640.5,1.0,9127,5,4.0,1
4,21.6,56.7,129.5,549.7,467.8,707.8,673.3,600.3,2.0,5214,1,4.0,1
4,21.5,57.1,125.1,544.9,465.6,708.8,670.3,602.2,1.0,5214,6,4.0,1
2,7.9,59.6,162.5,532.0,487.8,711.1,661.0,592.8,2.0,1458,4,4.0,1
4,21.5,57.0,129.3,554.1,462.5,710.2,670.7,606.6,1.0,5214,4,5.0,1
4,21.5,56.9,126.9,552.5,462.8,709.1714285714287,672.8,593.6,1.0,5214,4,3.0,2
4,21.3,57.4,117.9,548.0,462.8,708.1,665.4,604.9,1.0,5214,5,4.0,1
4,21.2,57.5,126.4,553.1,461.3,707.8,682.0,615.2,1.0,5214,2,4.0,1
4,21.2,57.5,123.0,556.1,473.6,714.9,670.2,602.8,1.0,5214,3,5.0,1
4,21.2,57.6,127.1,547.6,487.6,709.1,674.3,613.1,1.0,5214,1,4.0,1
2,19.6,44.7,96.4,598.1,528.7,753.5285714285714,703.4,650.0,1.0,8052,2,4.0,2
4,20.9,58.1,123.4,548.0,471.2,705.8,674.7,607.6,1.0,5214,2,2.0,1
4,20.8,58.2,117.7,549.5,481.6,714.7,675.4,598.2,1.0,5214,6,4.0,1
4,20.8,58.1,121.3,545.7,466.6,711.8285714285715,670.9,592.1,1.0,5214,4,4.0,1
4,20.8,58.2,120.0,554.4,467.1,716.6285714285715,679.6,607.1,1.0,5214,6,4.0,1
4,20.8,58.1,123.7,554.8,474.2,721.1,676.4,608.8,1.0,5214,5,4.0,1
4,20.8,58.1,122.5,546.5,477.1,711.0,672.3,613.1,1.0,5214,5,2.0,2
4,20.7,58.3,117.4,552.6,471.1,721.0,671.5,618.2,1.0,5214,5,5.0,2
4,20.7,58.3,124.0,552.8,489.9,714.8,508.0,609.3,1.0,5214,1,5.0,1
4,20.7,58.2,118.1,555.9,481.7,714.7,683.7,603.0,1.0,5214,5,5.0,2
3,23.0,43.7,127.4,577.5,473.7,715.7,668.2,586.8,2.0,2679,5,4.0,1
3,23.3,42.8,108.6,602.7,494.7,753.2,703.2,655.0,1.0,2105,4,1.0,2
4,21.6,55.3,123.5,549.3,441.0,703.7,672.7,588.5,1.0,3592,3,5.0,1
4,20.4,58.6,122.4,548.8,479.1,722.6,672.0,608.0,1.0,5214,3,4.0,1
4,20.4,58.7,116.0,553.7,492.7,726.5,680.2,620.8,1.0,5214,5,4.0,1
4,20.4,58.5,122.7,549.6,484.6,725.5,678.8,618.7,1.0,5214,1,4.0,1
2,29.700000000000003,53.7,120.2,546.4,475.2,709.5,648.6,577.3,1.0,8936,5,5.0,1
2,24.1,48.7,101.1,543.5,408.3,722.4,646.4,573.5,2.0,4703,5,4.0,1
4,17.0,49.2,115.6,581.1,486.8,749.0571428571428,713.3,642.4,2.0,8052,4,5.0,2
3,29.14,53.4,129.1,587.8,474.1,703.4,661.7,560.6,1.0,6847,6,4.0,2
4,20.3,58.7,123.4,549.1,472.0,718.0,683.0,605.0,1.0,8936,4,5.0,1
4,20.3,58.7,123.0,553.5,471.4,722.9285714285714,681.3,617.8,1.0,8936,5,5.0,2
4,19.9,55.8,137.3,570.8,463.9,716.4142857142857,667.2,597.7,1.0,4507,5,4.0,1
4,20.3,58.6,124.9,553.1,487.9,726.5,685.0,617.0,1.0,8936,1,5.0,2
1,19.2,57.0,142.4,567.0,428.0,717.4,686.6,594.1,1.0,8649,2,4.0,1
1,16.4,50.2,114.6,585.0,511.8,746.2,707.3,643.3,1.0,8052,4,4.0,1
2,22.9,52.2,146.5,560.9,354.3,687.5,650.6,565.1,2.0,5172,6,3.0,1
1,18.6,48.9,79.0,581.4,592.8,780.0,745.4,687.4,1.0,1903,5,4.0,1
1,20.0,58.9,191.7,548.2,485.8,723.6,679.9,614.8,1.0,8936,6,5.0,2
1,20.0,59.0,133.5,547.9,485.9,724.1,682.0,629.5,1.0,8936,2,4.0,3
1,20.0,59.1,126.5,548.9,482.6,729.2,680.2,621.6,1.0,8936,5,5.0,1
2,23.8,53.7,122.6,556.3,487.6,705.4,816.7,575.9,1.0,8936,3,3.0,1
1,20.0,59.0,129.8,548.3,481.4,734.7,686.2,622.7,1.0,8936,3,4.0,2
1,19.9,59.1,126.0,552.3,487.4,723.3857142857142,677.1,621.0,1.0,8936,6,4.0,2
1,29.310000000000002,55.9,132.6,558.5,466.0,729.0,669.5,604.9,1.0,1903,4,5.0,2
1,19.8,59.3,132.0,547.1,493.8,732.2,684.0,619.7,1.0,8936,4,2.0,2
1,19.9,58.9,130.3,559.5,486.3,725.9857142857143,677.8,617.7,1.0,8936,5,3.0,2
2,24.2,44.0,7.6,606.1,468.8,756.6,713.5,654.4,1.0,9127,4,4.0,2
1,19.8,59.0,124.0,550.5,499.8,734.5,678.8,615.8,1.0,8936,6,4.0,2
1,19.8,59.0,130.9,546.9,487.6,731.4,694.7,620.6,1.0,8936,1,4.0,1
2,10.8,50.7,85.5,613.2,495.1,745.5,688.1,621.3,1.0,7241,2,5.0,3
1,19.6,59.2,121.5,551.6,486.8,715.2,681.7,602.9,1.0,8936,4,5.0,1
1,19.6,59.3,128.5,552.5,479.9,713.9,669.1,607.2,1.0,8936,2,5.0,1
1,28.0,59.4,120.7,550.6,483.1,719.1,670.0,603.9,1.0,8936,4,3.0,1
1,19.5,59.5,123.4,549.0,489.0,719.5,666.3,603.1,2.0,8936,1,4.0,1
1,29.28,59.3,125.5,551.7,479.6,689.0571428571429,613.9,552.7,2.0,8936,6,5.0,1
4,20.3,51.7,104.0,554.1,502.7,746.4,702.9,633.3,1.0,9241,6,4.0,1
1,19.6,59.2,122.0,544.7,464.6,678.5,579.3,519.5,2.0,8936,4,3.0,1
4,21.4,53.8,121.9,559.1,435.6,701.3,660.8,581.0,2.0,9385,1,3.0,1
1,19.5,59.6,128.4,547.2,477.7,673.2,589.1,531.0,2.0,8936,4,5.0,1
1,19.4,59.7,125.4,545.9,478.4,680.7,844.4,523.2,2.0,8936,1,3.0,2
4,22.2,51.0,223.9,575.2,413.4,708.7,670.2,584.8,2.0,1826,4,2.0,1
1,19.4,59.5,123.4,555.5,493.0,685.4,611.4,555.3,2.0,8936,4,3.0,1
4,29.380000000000003,53.1,117.7,566.9,480.7,727.7,694.4,614.9,1.0,4507,4,4.0,3
1,7.3,43.3,93.2,601.4,385.9,764.7,718.3,627.2,1.0,3418,4,3.0,3
1,29.3,58.6,128.5,549.1,475.8,687.6,611.4,558.2,2.0,8936,1,3.0,1
1,20.0,58.1,123.3,546.5,477.6,692.6,605.3,556.6,2.0,8936,6,2.0,1
1,20.0,58.3,128.9,551.5,476.4,697.5,609.2,566.4,2.0,8936,6,4.0,1
1,20.0,58.1,127.3,545.6,472.1,688.4,618.7,554.6,2.0,8936,3,5.0,1
1,29.34,57.3,131.1,546.8,483.8,687.8,616.2,540.2,2.0,8936,4,4.0,1
2,29.39,55.3,107.0,560.4,467.5,731.2,684.2,625.2,1.0,3592,2,4.0,1
4,18.5,53.6,121.2,586.3,487.5,728.7,686.4,599.7,1.0,4129,1,2.0,2
1,19.9,58.7,126.1,549.3,484.4,690.0428571428572,613.3,564.3,2.0,8936,6,5.0,1
2,22.6,55.0,116.0,545.1,481.9,697.9,638.9,575.3,1.0,8936,4,1.0,1
4,29.22,51.6,109.9,597.3,484.0,746.3,697.5,620.8,1.0,8374,5,4.0,2
4,20.4,56.5,105.3,596.4,443.4,729.6,676.0,593.9,3.0,7241,3,4.0,1
1,19.6,59.4,135.9,549.9,482.5,684.4,630.3,573.7,2.0,8936,6,2.0,1
1,19.9,58.6,210.2,549.1,478.3,701.1,627.7,569.2,2.0,8936,2,5.0,1
4,22.7,54.0,118.4,554.0,465.3,705.0,648.0,583.8,1.0,3592,4,5.0,1
3,21.7,48.5,132.8,580.7,436.9,712.3,664.1,589.8,1.0,7963,5,5.0,1
1,19.9,58.5,132.3,551.7,482.9,699.7,633.2,562.1,2.0,8936,6,4.0,1
2,17.5,47.6,63.1,623.5,517.4,775.3,552.5,677.0,0.0,2105,4,4.0,2
1,7.7,57.6,133.5,551.9,497.2,695.1,631.7,555.7,2.0,8936,2,5.0,1
4,20.3,56.6,110.3,600.4,442.5,727.5,505.8,603.5,3.0,7241,2,5.0,1
1,19.5,58.0,124.5,551.7,504.3,718.2,647.3,589.1,1.0,8936,1,5.0,1
4,20.5,54.8,107.9,549.4,516.9,732.9,677.8,611.5,1.0,1458,5,4.0,2
2,29.29,57.4,104.7,557.4,514.4,717.3,884.8,590.0,1.0,8936,5,5.0,3
2,20.1,56.9,117.2,552.7,474.9,720.6,652.7,575.3,1.0,8936,2,4.0,1
2,20.5,57.0,121.8,549.3,464.2,699.2,903.8,574.6,2.0,8936,3,4.0,2
1,29.200000000000003,51.6,110.7,593.1,469.6,748.6,703.6,617.4,1.0,8374,4,5.0,1
2,21.4,56.1,122.4,543.0,484.9,706.5,637.7,575.3,2.0,8936,5,4.0,1
2,21.6,55.9,125.1,550.2,476.0,705.6,645.2,579.4,2.0,8936,1,3.0,1
2,21.6,55.9,123.7,548.9,475.0,701.5,654.6,580.4,2.0,8936,1,4.0,1
2,21.8,55.7,201.0,552.4,490.8,714.9571428571428,467.5,572.7,1.0,8936,2,4.0,1
1,18.4,48.4,84.5,558.5,534.2,755.8,706.6,642.8,1.0,9241,4,5.0,2
2,22.1,55.3,117.9,545.2,489.2,704.1,646.4,581.0,2.0,8936,4,5.0,1
2,29.52,55.2,119.8,552.3,490.9,704.4,644.3,583.5,2.0,8936,5,5.0,1
2,30.6,54.6,119.5,551.9,485.5,702.2,635.8,578.4,1.0,8936,6,5.0,1
4,21.0,57.8,20.1,551.8,473.9,718.6,670.1,607.0,1.0,5214,3,4.0,1
2,22.8,54.5,123.1,549.8,479.9,709.4,652.5,571.1,1.0,8936,4,3.0,1
3,29.710000000000004,44.8,185.9,582.6,426.9,703.6999999999999,659.6,569.0,1.0,6847,2,5.0,2
2,22.6,54.9,115.5,553.5,462.8,703.2,638.0,568.1,2.0,8936,1,4.0,1
1,19.2,54.4,128.0,573.4,470.9,744.0,699.4,638.8,1.0,7395,4,4.0,1
2,22.7,54.9,122.5,551.0,473.8,704.0,651.6,580.7,2.0,8936,4,4.0,1
2,22.7,54.7,117.6,546.6,486.1,706.8,659.7,579.5,1.0,8936,4,2.0,1
2,22.9,54.4,118.5,552.3,484.8,701.1,650.2,583.6,1.0,8936,1,3.0,2
2,22.8,54.6,116.2,544.1,468.1,707.2,649.6,589.1,1.0,8936,5,2.0,1
2,16.4,41.6,69.4,614.7,561.5,796.6,762.3,699.1,0.0,3418,6,3.0,1
2,23.0,54.3,112.4,551.1,461.9,708.0,829.2,582.4,1.0,8936,1,1.0,1
3,22.4,46.2,105.5,593.1,353.1,685.7,600.7,514.7,2.0,3418,1,4.0,1
3,24.6,52.0,193.3,549.9,462.6,708.8,655.2,569.6,2.0,8936,1,4.0,1
2,29.64,54.0,16.9,554.4,482.2,701.5,651.0,580.6,1.0,8936,6,4.0,1
2,23.5,53.4,121.6,551.8,476.0,702.9,650.4,578.4,2.0,8936,3,4.0,1
2,23.5,53.3,116.1,553.4,478.8,709.5,644.5,583.6,1.0,8936,4,3.0,1
2,23.4,53.7,117.4,545.1,469.8,701.7571428571429,644.6,578.9,1.0,8936,6,5.0,1
2,23.3,54.2,119.9,546.7,469.7,702.4,648.0,576.4,1.0,8936,4,5.0,1
2,24.6,44.4,92.7,603.1,434.0,740.3,700.4,614.0,1.0,9127,1,2.0,2
2,17.6,48.6,91.1,607.7,555.1,780.3,738.1,678.5,0.0,1374,4,2.0,2
2,23.5,53.9,118.7,549.9,475.7,702.3999999999999,644.7,576.9,1.0,8936,6,4.0,1
2,23.6,53.9,114.4,546.2,480.1,700.4,649.4,577.9,2.0,8936,5,5.0,1
2,23.6,53.7,119.9,545.7,466.7,703.5,649.3,575.2,1.0,8936,1,4.0,1
2,23.8,53.5,119.0,553.2,483.0,699.1,658.1,577.2,1.0,8936,1,4.0,1
2,23.9,53.3,116.9,552.0,469.2,702.5,484.6,584.1,1.0,8936,5,4.0,1
2,24.0,53.1,116.5,545.9,467.4,701.3,651.9,572.9,1.0,8936,6,4.0,1
2,24.0,53.2,124.8,544.4,459.7,699.9,643.6,571.9,1.0,8936,5,4.0,1
4,22.1,54.4,122.5,549.2,468.8,710.0714285714286,663.9,597.8,1.0,3592,2,2.0,1
2,10.4,53.5,120.4,553.3,476.8,701.9,656.6,587.1,1.0,8936,6,1.0,1
2,24.0,53.4,116.6,551.4,467.7,705.5,643.7,581.7,1.0,8936,3,3.0,1
3,23.2,51.3,143.4,564.8,361.4,679.6,637.2,536.8,2.0,8649,5,3.0,1
2,24.1,53.4,119.8,553.6,479.1,699.9,652.3,583.4,1.0,8936,5,5.0,1
2,24.2,53.1,121.3,548.8,480.5,706.5142857142857,645.5,572.3,2.0,8936,4,4.0,1
4,20.4,53.0,116.7,574.1,430.2,729.9,678.5,603.1,1.0,7395,2,3.0,2
3,21.6,51.6,112.1,594.4,465.9,717.1,680.4,594.3,1.0,5693,2,2.0,1
2,16.0,49.6,69.1,609.0,575.3,775.2,750.1,693.0,0.0,6431,1,5.0,2
2,24.3,53.0,121.5,547.2,471.5,700.6285714285715,649.4,569.3,1.0,8936,5,4.0,1
1,29.09,51.2,120.8,592.8,435.5,746.6,682.6,595.8,1.0,3418,4,2.0,3
4,18.5,51.9,123.5,585.1,478.0,734.0,697.4,620.6,1.0,1374,2,5.0,2
3,24.4,52.8,115.0,552.0,483.9,699.1,661.1,591.4,1.0,8936,5,4.0,3
4,23.3,49.3,118.3,568.5,372.3,678.7,639.5,539.1,3.0,7395,1,4.0,1
3,24.0,54.0,124.6,545.2,474.2,701.2,646.6,584.9,1.0,8936,4,5.0,1
1,19.0,57.4,141.3,563.9,422.7,719.7,675.9,608.9,1.0,8649,2,4.0,1
3,24.3,53.5,122.1,546.3,465.1,708.7,656.3,582.5,2.0,8936,4,5.0,1
3,24.7,52.4,116.9,549.1,460.0,702.1,661.4,597.1,2.0,8936,5,2.0,1
3,25.1,51.3,122.1,540.7,468.1,703.6,650.2,578.2,2.0,8936,3,4.0,1
3,25.1,51.6,125.9,544.5,469.7,700.9999999999999,653.7,575.8,2.0,8936,3,4.0,2
3,24.5,53.0,124.3,543.8,470.5,703.5714285714286,653.1,581.6,2.0,8936,3,5.0,1
3,29.760000000000005,53.2,125.4,545.1,476.1,708.2,654.1,583.9,2.0,8936,3,3.0,1
3,24.7,52.7,121.8,547.8,479.2,707.5,651.4,593.2,2.0,8936,6,4.0,1
3,24.7,52.6,125.1,549.0,469.7,704.9,659.0,588.3,2.0,8936,4,5.0,1
1,18.8,45.9,73.3,576.7,567.2,768.1714285714287,746.7,682.6,1.0,2847,5,3.0,2
3,24.8,52.4,125.2,546.6,476.5,696.9,661.8,582.1,2.0,8936,4,5.0,1
4,18.9,53.1,123.5,587.6,450.6,736.3,707.1,634.1,1.0,6847,1,4.0,2
3,25.0,51.7,124.2,543.7,476.3,702.1142857142856,657.2,577.9,1.0,8936,2,2.0,1
3,25.0,51.8,125.6,546.8,476.1,702.2,657.1,579.5,1.0,8936,2,1.0,1
3,29.730000000000004,48.5,121.4,578.0,413.5,711.6,670.9,594.2,2.0,1826,4,5.0,1
4,19.7,54.6,200.1,601.8,469.5,741.0,696.1,625.7,3.0,5693,5,3.0,1
4,18.7,52.0,113.1,588.8,482.3,756.5,710.2,658.7,1.0,1374,4,1.0,1
3,25.0,52.5,127.0,548.9,460.8,698.1,651.8,564.3,2.0,8936,1,4.0,1
4,20.9,57.5,134.5,560.6,437.4,699.7,652.0,598.8,1.0,4761,4,4.0,1
4,20.1,53.0,118.7,568.7,417.0,715.2,665.4,582.6,2.0,5172,5,4.0,1
3,25.0,52.3,120.5,550.9,452.7,697.7,653.5,582.2,2.0,8936,6,5.0,1
3,23.5,49.8,140.7,578.4,417.2,695.6,633.7,569.4,2.0,9184,1,5.0,1
4,21.6,53.3,184.2,548.0,491.2,718.4571428571428,660.4,594.8,1.0,6817,2,5.0,2
3,29.760000000000005,53.1,117.8,554.9,444.5,697.4,653.0,571.5,2.0,8936,1,5.0,1
3,24.8,48.6,137.1,568.0,445.3,720.1714285714286,673.8,606.4,2.0,1826,2,4.0,1
3,24.4,52.8,124.6,547.2,454.6,694.4,513.4,576.7,2.0,8936,4,4.0,1
3,24.1,53.5,126.0,550.2,460.2,706.6714285714286,526.6,582.5,2.0,8936,6,4.0,1
3,24.4,52.5,119.8,554.3,459.9,706.0285714285714,662.6,587.0,2.0,8936,4,5.0,2
3,24.4,52.5,121.0,554.5,463.9,702.7857142857143,645.3,586.7,2.0,8936,4,4.0,1
3,24.3,52.7,117.1,543.7,463.0,696.0,644.1,578.1,2.0,8936,1,5.0,1
3,24.6,51.9,123.3,544.9,458.1,702.9714285714286,664.6,577.4,2.0,8936,1,4.0,1
3,29.78,52.0,123.9,549.9,462.6,708.8,655.2,569.6,2.0,8936,1,4.0,1
3,24.3,52.8,122.4,546.9,470.2,695.7,643.9,577.8,2.0,8936,1,3.0,1
3,24.1,52.8,122.5,547.0,463.2,700.2,650.3,588.4,2.0,8936,1,3.0,1
3,24.0,53.2,126.2,546.6,451.3,701.0,645.8,581.0,2.0,8936,2,4.0,1
1,19.1,51.9,91.7,553.2,497.5,724.0,642.2,578.3,1.0,4703,3,4.0,1
3,23.7,53.6,125.6,546.2,445.9,685.3,648.8,577.1,2.0,8936,2,5.0,1
3,23.6,54.0,121.4,550.3,431.6,697.0,649.6,568.8,2.0,8936,2,3.0,2
3,23.6,54.2,125.3,547.6,424.8,693.9,643.9,557.3,2.0,8936,3,2.0,1
3,23.4,54.4,127.7,543.6,435.2,691.9,643.7,566.5,2.0,8936,3,5.0,1
3,23.4,54.5,120.4,545.2,431.1,692.5,650.7,579.9,2.0,8936,3,4.0,2
3,22.3,55.1,108.1,544.9,457.3,702.8571428571429,658.1,576.1,2.0,5214,6,4.0,2
2,22.3,47.9,225.9,581.7,388.2,716.8,667.9,601.6,2.0,7963,6,5.0,1
2,18.3,46.5,75.8,622.1,496.2,766.1,727.0,663.7,0.0,2105,3,5.0,2
1,17.9,42.7,60.6,627.1,609.4,800.4,763.6,712.0,0.0,5693,6,5.0,1
4,22.9,55.3,129.5,544.7,441.3,699.9285714285714,664.2,571.3,2.0,8936,6,3.0,1
3,24.1,52.5,126.1,549.5,479.4,709.7,673.6,600.7,1.0,3592,1,5.0,1
4,22.6,55.8,136.8,544.2,437.3,698.9,662.9,589.7,2.0,8936,5,1.0,1
3,23.5,49.1,117.3,575.6,384.3,682.0714285714286,632.1,544.1,3.0,7395,5,5.0,1
4,33.4,56.0,135.5,545.1,447.1,698.8,654.0,582.3,2.0,8936,4,4.0,1
4,22.4,56.2,130.9,547.5,446.5,699.1,662.8,596.7,2.0,8936,1,4.0,1
4,22.3,56.3,132.5,543.3,437.1,701.7,660.6,570.0,2.0,8936,4,3.0,1
3,24.7,47.8,107.3,573.9,437.8,713.0,671.2,599.9,1.0,4507,6,3.0,2
4,22.2,56.2,132.7,548.2,439.3,702.6,656.5,574.8,2.0,8936,2,4.0,1
1,19.2,52.8,106.3,556.9,474.2,722.9,681.7,614.6,1.0,2847,4,4.0,1
4,22.0,56.8,133.7,543.1,447.1,703.8714285714285,655.6,591.5,1.0,8936,6,3.0,1
4,20.4,58.6,129.7,546.3,493.3,712.3,671.5,608.8,1.0,8936,2,5.0,1
4,21.9,57.2,134.6,545.3,458.0,708.0,656.2,602.6,1.0,8936,5,5.0,1
1,18.9,51.8,115.2,597.2,478.5,746.0,700.6,629.8,1.0,8374,2,3.0,2
4,21.8,57.4,127.5,551.6,462.2,701.3,662.6,592.2,1.0,8936,6,5.0,1
1,16.8,49.6,74.9,614.3,569.7,778.0,755.6,687.9,1.0,4129,1,3.0,2
4,21.6,57.6,132.5,555.9,458.0,701.9,665.2,583.5,1.0,8936,6,2.0,1
4,29.47,57.7,128.3,549.8,473.8,706.2428571428571,550.5,570.7,1.0,8936,2,4.0,1
4,21.6,57.5,133.4,544.6,454.0,706.7,661.2,580.8,1.0,8936,6,4.0,1
4,21.6,57.6,128.6,542.7,460.1,702.0,658.7,598.8,1.0,8936,4,5.0,1
2,18.5,46.4,78.6,574.9,536.0,777.4,739.5,674.8,0.0,2847,2,5.0,2
4,21.4,57.9,130.2,541.2,456.0,704.4857142857144,657.3,586.2,1.0,8936,4,4.0,1
3,21.7,43.5,100.7,591.7,499.5,737.6,695.5,618.7,1.0,8052,6,5.0,3
3,25.5,45.5,103.1,597.0,389.3,714.0,539.7,592.5,2.0,3856,4,5.0,1
4,22.2,51.0,121.4,575.2,413.4,708.7,670.2,584.8,2.0,1826,4,2.0,1
4,29.439999999999998,58.0,130.6,549.7,454.6,705.0,665.8,592.3,1.0,8936,1,4.0,1
1,31.4,58.4,33.7,550.2,490.2,727.7,683.4,610.1,1.0,3592,5,4.0,1
4,29.439999999999998,57.7,120.0,549.0,473.0,703.2,666.1,581.0,1.0,8936,6,5.0,1
4,29.430000000000003,57.9,126.4,549.8,456.1,709.2,673.1,592.0,1.0,8936,2,3.0,2
4,21.1,58.0,125.2,546.3,453.3,704.2,666.1,588.7,1.0,8936,3,4.0,1
4,21.1,57.9,120.4,550.2,454.4,711.2,659.6,602.4,1.0,8936,3,5.0,1
4,32.2,58.0,120.9,546.3,465.4,709.8,671.2,590.8,1.0,8936,1,5.0,1
4,21.0,58.1,128.6,548.9,470.3,710.8714285714286,678.4,602.8,1.0,8936,3,1.0,1
4,20.9,58.2,123.5,546.4,461.6,709.6,668.4,594.1,1.0,8936,2,2.0,1
1,16.9,49.2,65.9,618.7,564.6,785.9142857142857,751.5,696.9,1.0,4129,2,4.0,2
2,20.1,50.8,101.4,585.1,405.1,707.2,659.2,573.9,2.0,7395,3,4.0,1
4,20.9,57.6,124.3,550.3,489.6,715.7,666.5,596.7,1.0,8936,2,3.0,1
2,21.2,52.4,103.8,525.9,571.7,762.8,718.1,639.4,2.0,4703,5,4.0,2
4,20.8,58.0,123.2,548.7,479.9,716.3,679.4,594.0,1.0,8936,2,4.0,1
4,20.8,58.0,121.7,549.4,477.4,713.9,686.0,598.0,1.0,8936,6,2.0,1
4,20.7,58.2,126.0,544.8,482.7,718.1,679.5,615.2,1.0,8936,5,4.0,1
3,29.53,53.2,125.5,594.1,427.7,716.8,670.6,596.6,3.0,7241,2,2.0,1
3,22.9,50.4,123.8,549.5,467.6,700.657142857143,636.8,571.6,2.0,7058,4,2.0,1
4,20.5,58.4,117.3,552.2,475.0,719.8,683.9,609.3,1.0,8936,6,4.0,1
1,28.82,44.2,71.3,607.6,594.1,782.7,741.3,689.7,0.0,2679,3,2.0,2
4,20.5,58.4,124.1,545.8,475.2,720.1,675.6,607.2,1.0,8936,4,5.0,1
2,18.5,51.0,123.5,581.9,481.5,734.2,679.7,607.3,2.0,9184,5,3.0,3
1,17.4,40.6,80.6,604.3,535.3,769.6,743.4,675.8,1.0,8052,2,5.0,2
4,20.3,58.6,119.7,546.0,471.0,709.9,678.9,620.2,1.0,8936,6,5.0,1
4,20.4,58.6,123.4,547.3,493.8,719.2,677.8,619.9,1.0,8936,4,3.0,2
2,20.6,48.0,110.9,584.7,443.9,719.5,671.2,603.7,2.0,6431,2,5.0,1
1,20.3,57.6,127.6,562.7,459.4,710.1,852.9,599.5,1.0,4761,1,5.0,1
1,20.3,58.5,126.7,543.1,475.1,725.3,678.4,620.5,1.0,8936,2,4.0,1
1,20.3,58.3,130.1,556.0,461.5,721.1,687.9,612.0,1.0,8936,2,5.0,1
1,20.2,58.4,125.5,547.4,489.3,718.9,680.9,622.3,1.0,8936,4,5.0,1
4,19.9,51.9,202.1,554.4,495.0,746.7,695.2,642.8,1.0,9241,4,4.0,1
1,20.2,58.4,126.6,545.6,478.4,722.2,684.3,621.5,1.0,8936,3,5.0,1
2,18.2,46.2,102.1,587.3,462.6,738.2,695.7,623.7,2.0,2679,3,4.0,1
1,20.1,58.5,128.6,545.1,485.0,716.3,680.4,613.6,1.0,8936,5,5.0,2
2,24.8,43.3,91.5,612.1,461.3,747.8,710.0,639.0,1.0,9127,6,4.0,1
1,20.1,58.4,229.5,549.5,485.2,716.0,689.3,612.1,1.0,3592,2,4.0,2
2,29.17,50.7,73.9,582.9,577.0,773.0,740.0,672.0,0.0,1903,3,3.0,1
1,20.0,58.5,124.9,544.6,481.9,727.3,684.3,619.2,1.0,3592,1,3.0,1
1,20.0,58.6,131.0,545.9,488.7,727.7,692.3,617.1,1.0,3592,4,2.0,3
3,24.7,52.0,121.2,544.2,475.9,697.6,643.3,587.4,1.0,8936,2,3.0,1
1,20.0,58.6,122.1,549.7,490.6,721.2,688.4,614.3,1.0,3592,6,4.0,3
1,20.0,58.5,131.9,548.4,485.3,728.7,674.2,613.3,1.0,3592,3,5.0,2
1,18.7,43.0,63.9,578.6,578.0,785.0,750.8,695.8,0.0,2847,2,1.0,2
1,19.9,58.7,135.0,552.3,495.2,725.3,562.9,628.9,1.0,3592,3,2.0,1
1,19.9,58.7,118.9,551.4,492.4,722.1857142857143,684.5,610.3,1.0,3592,4,1.0,3
1,19.9,58.5,125.6,552.5,490.2,721.8,681.0,616.7,1.0,3592,1,5.0,1
1,19.8,58.6,122.3,549.1,489.1,732.8,685.8,614.7,1.0,3592,2,4.0,2
1,19.6,57.6,119.9,542.4,486.3,729.9,677.2,620.9,1.0,3592,5,5.0,3
1,19.5,55.6,106.1,557.3,516.6,720.6,670.9,615.4,1.0,3592,6,5.0,1
1,18.5,46.4,68.5,620.7,596.1,790.8,751.1,698.4,0.0,1482,4,4.0,2
1,19.1,51.0,120.3,596.9,449.2,734.8,700.1,624.1,1.0,2105,3,5.0,2
4,20.5,55.2,146.6,576.1,469.1,709.7,667.5,586.9,1.0,9184,6,4.0,1
1,19.5,57.8,111.4,550.3,481.9,698.5,642.3,583.1,2.0,3592,1,5.0,2
1,19.5,58.0,109.1,551.6,481.3,703.0,637.2,569.8,2.0,3592,6,5.0,1
1,19.5,58.0,110.9,553.3,474.0,703.0,643.1,586.3,2.0,3592,3,4.0,1
1,18.6,47.5,77.7,562.8,526.7,765.4,724.9,668.2,1.0,4703,3,5.0,2
2,29.680000000000003,47.4,116.8,580.3,457.2,723.5,675.1,603.4,1.0,4507,6,5.0,2
1,19.4,57.5,109.5,551.8,485.8,712.8,646.3,581.9,2.0,3592,2,5.0,1
4,18.1,54.4,135.2,590.2,481.6,729.0714285714286,670.7,603.8,1.0,7963,5,4.0,2
1,20.1,56.3,107.9,550.6,474.5,704.3,643.4,569.9,2.0,3592,4,3.0,1
3,23.3,51.0,196.2,560.7,424.9,679.9571428571428,601.7,531.6,2.0,3074,4,4.0,1
3,29.49,52.0,103.1,574.1,488.2,733.1,696.8,628.3,1.0,6528,3,2.0,2
1,20.0,57.3,107.6,554.8,478.9,703.5,643.2,578.6,2.0,3592,6,5.0,1
1,20.2,56.8,111.5,556.6,475.9,715.7,651.0,579.7,2.0,3592,4,4.0,1
1,20.0,56.8,109.4,552.5,479.6,709.4,650.9,582.2,2.0,3592,3,3.0,1
2,29.49,47.6,126.1,578.0,472.4,715.6,674.3,616.0,2.0,9184,4,4.0,2
3,22.3,48.7,117.1,590.9,492.9,719.7,664.6,591.3,1.0,4129,1,4.0,3
3,21.4,48.6,20.0,610.0,462.5,727.0,687.2,607.2,2.0,8374,6,4.0,3
3,22.9,51.1,103.5,557.3,451.4,733.3,681.8,622.0,1.0,9241,4,4.0,2
1,20.2,57.0,121.7,546.2,472.5,703.4,639.7,584.7,2.0,3592,3,2.0,1
1,20.1,57.5,123.2,550.2,476.3,705.2,654.5,578.8,2.0,3592,3,3.0,1
1,20.1,57.2,121.3,554.2,483.2,711.7,650.6,586.5,2.0,3592,3,1.0,1
1,20.1,57.3,123.4,545.2,487.6,704.2,648.9,587.0,2.0,3592,2,5.0,1
1,29.22,57.0,116.8,600.4,475.7,728.7,680.8,595.0,1.0,3856,4,3.0,2
4,21.0,54.3,121.6,566.0,392.7,686.2,643.0,559.5,3.0,6528,6,4.0,1
1,20.1,57.8,126.4,554.0,477.6,709.0,654.3,596.2,2.0,3592,4,5.0,1
1,20.4,57.0,121.2,548.5,476.3,709.5,660.9,587.7,2.0,3592,4,5.0,1
3,24.2,41.9,109.9,599.0,483.9,742.9,713.7,629.5,1.0,2105,4,1.0,2
2,20.1,57.3,120.3,547.8,483.2,709.0285714285716,658.1,589.3,2.0,3592,5,5.0,1
2,20.0,54.7,109.8,550.0,495.6,736.3714285714286,688.6,625.0,2.0,3592,4,5.0,2
1,18.8,51.9,111.6,598.0,478.7,752.7,700.4,643.4,1.0,8374,6,4.0,2
2,19.5,55.0,82.4,560.7,528.2,743.3,711.3,642.8,1.0,3592,1,1.0,2
2,24.3,47.9,104.1,553.4,420.6,734.1,672.8,608.5,1.0,4703,4,3.0,1
2,19.2,55.5,74.2,562.7,556.3,756.9,716.6,665.1,1.0,3592,3,5.0,2
2,19.3,55.5,73.6,565.2,558.3,754.3,725.1,669.4,1.0,3592,3,5.0,1
2,19.0,56.1,74.6,565.7,557.8,755.1,711.2,647.7,1.0,3592,2,5.0,2
2,19.0,56.0,69.8,565.7,554.1,753.8,714.0,662.5,1.0,3592,6,4.0,1
2,18.9,56.0,71.8,568.5,584.7,757.5,714.5,662.7,0.0,3592,6,4.0,1
2,19.0,56.9,80.9,568.2,537.0,754.4,715.8,643.5,0.0,3592,5,4.0,2
2,20.6,51.9,93.8,580.8,432.8,720.6,662.3,602.1,2.0,7395,1,5.0,2
2,19.0,57.6,81.5,566.3,528.2,742.4,705.8,631.0,0.0,3592,1,4.0,3
2,19.5,56.6,88.0,560.8,537.6,737.0,702.4,635.9,0.0,3592,2,4.0,3
1,19.6,57.8,109.1,543.0,472.0,702.5,648.0,571.2,2.0,3592,6,5.0,2
2,20.1,55.9,90.7,559.1,512.1,736.6,698.3,628.5,0.0,3592,3,5.0,2
1,18.2,52.8,42.8,570.8,595.7,766.6285714285714,734.1,677.4,0.0,3592,6,5.0,3
2,20.3,55.5,100.9,561.6,475.0,731.3,683.1,617.3,1.0,3592,3,5.0,1
2,20.0,56.9,96.1,557.1,440.9,726.1,676.6,617.0,1.0,3592,2,4.0,2
2,29.330000000000002,56.6,102.8,560.1,454.9,727.1,682.1,622.8,1.0,3592,2,5.0,2
2,21.2,54.3,102.3,559.7,464.6,724.6,684.3,623.0,1.0,3592,4,4.0,3
2,20.7,55.7,104.0,559.3,476.3,736.8142857142857,686.3,636.3,1.0,3592,1,5.0,1
1,16.0,44.2,40.8,620.3,622.9,796.3,776.1,707.3,0.0,5820,2,5.0,2
2,21.6,54.2,102.7,559.9,494.6,747.8571428571429,690.4,635.3,1.0,3592,5,4.0,2
2,21.9,54.1,99.2,555.7,482.1,729.1,688.4,618.3,1.0,3592,4,1.0,1
2,22.0,53.8,104.4,553.0,487.1,725.5,559.1,625.6,1.0,3592,1,4.0,2
2,22.0,53.9,102.1,558.4,488.4,731.3,858.8,618.2,1.0,3592,3,1.0,1
1,19.2,56.5,107.0,603.0,483.1,730.6,661.3,587.2,1.0,3856,6,4.0,3
2,22.3,53.7,103.4,557.3,492.9,717.2,677.2,620.7,1.0,3592,5,5.0,1
2,22.4,53.7,104.8,557.5,482.1,724.7,675.6,613.8,1.0,3592,1,5.0,3
3,23.8,52.3,112.8,548.5,491.5,716.6,674.1,605.8,1.0,3592,4,3.0,1
2,19.1,51.4,99.8,564.6,490.0,745.0,712.0,638.8,1.0,2847,1,5.0,2
2,19.0,46.2,99.1,597.0,381.6,748.4,699.5,634.1,2.0,5820,3,5.0,1
1,19.6,54.2,125.3,578.8,489.5,739.6,707.0,629.6,1.0,1826,6,5.0,1
2,23.1,52.6,111.0,555.2,486.6,715.3,680.0,614.4,1.0,3592,3,5.0,1
2,23.2,52.4,104.7,555.6,484.1,723.7285714285715,679.0,617.2,1.0,3592,4,5.0,1
2,23.2,52.6,104.1,551.7,478.5,721.9,686.8,629.7,1.0,3592,5,3.0,1
3,20.5,50.4,112.5,588.2,441.5,698.7,626.0,545.9,2.0,1374,4,4.0,1
1,17.0,53.7,124.8,583.0,497.9,726.6,679.5,611.0,2.0,9184,1,3.0,1
2,23.1,53.2,103.9,551.2,485.2,714.7,669.1,593.7,1.0,3592,5,5.0,1
2,23.1,53.1,106.5,557.8,476.5,718.8,666.5,590.6,1.0,3592,6,5.0,1
2,20.0,45.1,110.2,587.6,500.3,729.4,691.8,621.4,2.0,2679,6,3.0,3
2,23.3,52.8,103.0,557.5,490.4,717.2,674.6,602.6,1.0,3592,3,3.0,1
3,23.2,48.4,92.1,601.1,497.3,737.9,679.3,619.6,1.0,3856,5,1.0,1
4,20.9,49.6,102.3,609.2,455.5,727.6,684.8,612.3,2.0,8374,6,5.0,3
2,23.8,52.1,106.8,551.3,472.8,712.4,668.4,604.3,1.0,3592,6,5.0,1
2,24.0,51.7,111.0,556.1,477.5,712.2,665.9,598.6,1.0,3592,3,4.0,1
2,23.8,52.3,108.0,556.6,487.7,716.2,669.8,600.0,1.0,3592,1,1.0,1
3,23.7,52.6,113.6,555.6,484.8,715.6142857142856,674.4,608.9,1.0,3592,5,4.0,3
3,23.8,52.3,114.4,557.4,478.1,717.4,672.9,616.4,1.0,3592,3,4.0,2
2,17.0,53.2,73.6,613.8,563.6,782.8,754.4,695.6,0.0,4129,1,4.0,1
3,23.6,52.3,104.6,554.9,468.9,718.9,677.8,612.4,1.0,3592,1,4.0,1
3,23.8,52.0,105.3,549.7,498.0,717.6857142857142,672.3,608.7,1.0,3592,1,5.0,1
3,23.8,52.3,112.8,548.5,491.5,716.6,674.1,605.8,1.0,3592,4,3.0,1
1,19.8,55.0,119.2,545.4,513.0,703.9,646.6,589.2,1.0,1458,2,5.0,1
3,24.4,51.2,113.1,553.0,482.2,718.5,676.3,599.7,1.0,3592,1,3.0,1
1,19.2,53.1,107.3,551.7,495.3,751.3,698.6,652.9,1.0,9241,2,4.0,2
3,23.9,52.6,115.8,544.9,471.8,713.4,670.4,606.1,1.0,3592,1,4.0,1
3,24.0,52.0,116.3,550.6,481.8,713.9,680.7,609.4,1.0,3592,6,4.0,1
4,20.1,55.8,108.3,600.2,459.1,712.2,655.6,567.3,2.0,3856,1,2.0,1
3,23.8,52.2,118.8,551.1,500.0,715.5,673.5,603.2,1.0,3592,4,4.0,1
3,23.8,52.4,112.7,554.8,468.7,716.0,670.3,593.9,1.0,3592,5,4.0,1
3,24.5,51.2,115.0,553.0,474.6,713.6,682.2,602.3,1.0,3592,4,3.0,1
4,21.4,52.7,107.4,546.3,471.6,730.4,657.4,590.5,1.0,4703,1,5.0,1
3,25.1,49.6,116.6,550.1,492.1,710.7,673.1,610.5,1.0,3592,1,4.0,1
1,19.5,48.5,37.0,619.4,521.5,762.4,722.3,665.1,0.0,3856,3,2.0,1
4,18.6,50.3,124.5,584.1,482.9,740.5571428571428,697.1,633.9,1.0,6431,1,4.0,2
3,23.9,52.4,114.3,553.7,487.1,714.1,681.2,605.3,1.0,3592,5,3.0,1
3,23.7,52.9,113.9,551.4,482.2,712.2,676.0,615.5,1.0,3592,6,5.0,1
4,19.6,55.0,122.1,549.1,469.7,699.9,648.7,561.3,2.0,7058,1,2.0,1
1,18.9,56.2,120.2,599.8,501.0,731.5,700.3,622.3,1.0,5693,6,4.0,2
4,20.8,49.6,106.0,598.1,462.1,726.4,683.1,604.3,2.0,8374,1,5.0,2
3,27.5,52.6,112.6,553.1,477.6,709.3,670.7,597.0,1.0,3592,3,4.0,1
1,15.8,42.9,73.0,607.4,555.5,781.7,737.8,696.3,1.0,8052,1,1.0,2
3,24.2,51.9,115.6,549.6,477.5,713.9,530.0,598.1,1.0,3592,6,3.0,1
3,24.1,52.5,126.1,549.5,479.4,709.7,854.3,600.7,1.0,3592,1,5.0,1
3,23.6,53.6,122.5,552.7,483.1,716.9,665.3,601.9,2.0,3592,1,4.0,1
1,19.6,58.3,124.7,548.7,466.2,701.3,654.8,583.4,2.0,3592,1,4.0,1
3,24.0,52.8,121.3,543.1,500.0,720.2285714285714,678.6,612.4,2.0,3592,2,1.0,1
4,22.0,54.6,137.2,562.1,418.2,691.9,636.9,556.9,2.0,1903,6,5.0,1
3,29.77,50.7,118.1,549.8,474.5,713.0,676.6,601.3,2.0,3592,2,1.0,2
3,24.6,51.0,120.1,556.0,476.9,714.9,679.6,586.1,1.0,3592,1,4.0,1
3,24.3,51.8,116.0,558.2,482.8,706.2,677.4,597.5,2.0,3592,6,2.0,1
3,29.79,50.7,119.8,547.2,483.9,703.5,672.6,595.0,2.0,3592,2,4.0,1
3,25.0,50.0,119.2,549.9,474.1,707.8,669.6,598.2,2.0,3592,5,2.0,1
3,24.8,50.3,117.6,549.0,469.0,718.7,665.1,600.7,2.0,3592,1,4.0,1
3,25.0,49.9,117.2,550.4,469.7,715.8142857142857,671.7,605.1,2.0,3592,3,5.0,1
4,18.2,52.5,129.4,586.1,475.9,734.8,689.7,617.4,1.0,1374,6,4.0,2
3,24.0,51.7,113.0,551.7,469.7,703.8,661.6,587.9,1.0,3592,2,3.0,1
3,23.8,52.0,114.5,554.2,475.0,708.2,662.3,597.0,1.0,3592,3,4.0,1
1,18.6,50.3,79.1,591.7,514.5,747.2428571428572,714.4,640.8,2.0,5172,2,4.0,1
3,23.3,53.1,115.4,546.6,479.9,711.3,662.4,601.0,1.0,3592,6,5.0,1
1,9.3,44.8,66.5,608.0,409.7,768.7,738.2,674.4,1.0,6431,3,4.0,1
3,23.3,53.0,111.9,553.7,473.1,713.7,659.5,590.7,1.0,3592,1,5.0,1
1,20.3,55.1,111.6,548.8,513.4,721.2,671.9,613.7,1.0,1458,3,4.0,2
3,23.2,52.9,120.4,550.9,477.7,707.1,669.8,592.5,1.0,3592,5,4.0,1
2,22.0,52.5,116.8,545.9,451.4,674.6,623.9,554.7,4.0,6817,3,5.0,1
3,29.64,52.6,180.5,554.6,481.6,707.7,665.5,583.6,2.0,3592,1,5.0,1
4,23.2,52.4,115.6,548.9,464.7,696.8,659.0,593.4,1.0,3592,4,5.0,1
4,23.2,52.5,117.4,549.3,469.4,709.5,662.9,587.6,1.0,3592,3,5.0,1
4,22.7,53.8,116.8,556.4,472.8,702.4,650.6,571.1,1.0,3592,3,2.0,1
4,22.8,53.6,120.6,550.0,466.2,701.1,651.6,583.3,1.0,3592,6,5.0,1
1,15.8,42.9,73.0,607.4,555.5,781.7,737.8,696.3,1.0,8052,1,1.0,2
2,23.0,46.1,91.8,602.5,487.3,753.1,705.5,638.3,1.0,9127,1,5.0,1
4,23.0,52.9,114.9,547.0,455.6,694.7,667.1,579.9,1.0,3592,1,2.0,1
4,23.0,52.9,123.1,550.2,442.1,699.8,655.1,584.6,1.0,3592,2,5.0,1
3,23.6,45.5,202.4,569.6,435.5,713.2857142857143,663.8,584.7,2.0,7963,5,4.0,1
4,33.2,53.6,117.8,546.6,444.2,697.3,654.4,588.8,1.0,3592,1,2.0,1
4,22.4,54.1,118.6,551.4,462.3,706.3,665.6,583.2,1.0,3592,2,3.0,1
4,29.55,54.0,122.8,555.6,459.5,706.2,670.1,592.2,2.0,3592,4,5.0,1
4,22.3,54.3,121.9,548.5,461.6,711.6,671.8,597.9,2.0,3592,4,3.0,1
4,29.55,54.2,127.3,555.4,453.6,702.1,665.7,590.7,2.0,3592,1,5.0,1
4,19.8,57.1,109.5,600.3,454.2,730.4,676.1,611.6,3.0,7241,6,5.0,2
4,17.4,53.4,120.2,592.6,506.2,760.0,726.0,657.3,0.0,5820,2,5.0,3
1,20.1,55.5,137.0,562.3,401.6,704.9,644.5,574.2,2.0,6528,6,5.0,1
1,18.4,46.8,76.2,556.2,527.0,761.7,712.6,657.5,1.0,9241,5,4.0,2
4,22.1,54.3,127.4,549.2,459.5,703.6,664.7,600.5,1.0,3592,3,4.0,1
4,21.8,55.1,123.8,549.6,466.6,703.2,656.6,584.9,1.0,3592,1,4.0,1
4,21.9,54.9,123.7,548.1,473.6,702.857142857143,651.6,580.7,1.0,3592,4,1.0,1
3,22.3,52.8,134.5,563.8,369.3,680.3,635.7,538.7,3.0,8649,5,4.0,1
3,21.9,52.2,125.0,572.3,465.3,705.3,657.7,589.9,2.0,9184,1,5.0,1
2,18.9,53.8,93.0,580.2,504.1,702.8,631.1,567.5,2.0,1903,3,4.0,1
4,21.5,55.4,124.0,551.1,480.7,700.9,660.5,588.8,1.0,3592,3,2.0,1
4,20.1,56.2,110.1,599.5,447.4,711.3,646.0,558.9,2.0,3856,3,3.0,1
2,22.5,50.7,174.3,550.4,472.4,737.8,680.3,623.6,1.0,4703,5,5.0,3
2,21.0,51.7,104.3,570.7,516.8,698.6,642.4,573.7,2.0,1903,4,4.0,1
4,8.1,56.1,120.5,553.0,440.1,703.8000000000001,665.2,584.0,1.0,3592,3,5.0,1
4,21.2,56.1,120.1,548.5,426.1,703.3,664.0,594.7,1.0,3592,5,5.0,1
1,18.4,56.6,110.0,602.9,503.2,740.9,707.3,625.7,1.0,9127,3,3.0,3
4,29.430000000000003,56.1,125.2,548.1,443.6,692.3,676.5,600.1,1.0,3592,1,4.0,1
4,21.1,56.0,128.3,547.0,433.6,711.4,669.2,594.5,1.0,3592,1,4.0,1
2,21.7,46.6,63.7,564.1,506.7,763.4142857142857,709.3,666.6,0.0,4703,5,5.0,2
4,20.9,56.4,117.5,548.4,440.8,708.2,662.7,599.4,1.0,3592,3,5.0,1
4,21.1,56.0,119.2,549.1,441.1,712.2,676.1,598.0,1.0,3592,2,3.0,1
4,20.9,56.3,124.4,551.5,444.3,710.4,664.2,595.6,1.0,3592,1,4.0,1
4,20.9,56.3,120.1,545.8,441.8,708.5,664.7,597.7,1.0,3592,1,4.0,1
4,20.8,56.4,131.3,550.1,446.5,706.8999999999999,664.7,585.6,1.0,3592,5,5.0,1
4,29.400000000000002,56.6,129.6,552.4,456.2,704.9,669.9,594.9,1.0,3592,5,5.0,1
4,20.7,56.8,128.5,543.4,437.4,720.0,681.8,588.7,1.0,3592,5,4.0,1
4,20.7,56.7,128.5,550.7,448.0,709.4428571428572,669.8,599.8,1.0,3592,5,5.0,1
4,18.4,50.5,129.4,582.0,488.3,745.1,707.0,640.8,1.0,6431,6,1.0,3
3,25.6,46.2,113.4,576.2,465.8,731.8,682.6,593.6,1.0,4507,3,3.0,1
4,30.1,57.0,226.5,551.7,450.6,711.7,673.7,597.4,1.0,3592,5,5.0,1
2,23.0,52.4,189.8,543.0,432.3,711.3,672.9,593.9,1.0,9385,3,1.0,1
1,16.0,45.2,69.1,620.6,608.5,797.9,767.7,706.9,0.0,1374,5,5.0,2
4,20.5,57.0,125.0,548.2,439.7,710.1,677.2,598.7,1.0,3592,1,2.0,1
4,20.6,56.9,124.3,550.9,461.2,712.5,678.7,601.4,1.0,3592,3,5.0,1
4,20.6,56.8,130.2,550.1,437.8,709.3857142857142,669.6,595.0,1.0,3592,4,4.0,1
1,19.7,53.1,204.1,583.7,415.5,713.3,461.7,575.8,1.0,6528,4,4.0,1
4,20.5,56.9,125.0,550.7,455.5,720.7,880.5,593.9,1.0,3592,1,5.0,1
4,20.4,57.4,129.6,546.9,465.0,707.9,686.1,600.8,1.0,3592,6,2.0,1
1,29.360000000000003,57.1,132.5,549.4,452.2,711.4,685.2,599.9,1.0,3592,1,4.0,3
1,20.4,57.1,124.5,550.7,462.7,715.6,663.5,595.1,1.0,3592,3,4.0,1
3,21.9,48.0,145.8,577.5,427.5,716.6428571428571,494.7,603.6,2.0,7963,5,5.0,1
1,20.4,57.2,126.1,548.9,458.1,710.6,670.9,591.2,1.0,3592,1,4.0,1
1,20.3,57.3,132.6,549.3,453.9,718.4,824.3,592.3,1.0,3592,1,4.0,1
1,20.3,57.4,132.7,541.7,447.6,717.1428571428571,672.1,612.4,1.0,3592,1,4.0,1
3,23.9,52.0,184.2,552.9,475.0,710.0,669.1,614.9,1.0,3592,2,5.0,1
1,20.3,57.3,130.5,547.9,444.0,726.0,665.0,604.1,1.0,3592,1,4.0,1
1,20.2,57.3,127.9,552.7,456.3,708.0,674.2,595.5,1.0,3592,3,2.0,3
4,20.3,56.6,107.3,607.4,432.6,730.8,678.9,603.9,3.0,7241,5,4.0,1
2,21.6,46.1,107.9,597.2,445.6,734.3,686.6,634.4,1.0,1374,1,4.0,1
3,23.2,51.3,104.8,548.2,424.0,695.3,612.5,537.5,2.0,4703,5,5.0,1
1,29.330000000000002,57.5,130.6,550.0,457.4,714.6,671.7,603.2,1.0,3592,2,5.0,1
4,22.6,51.6,114.5,554.1,424.3,687.4,629.3,569.2,3.0,9385,3,2.0,1
1,20.0,57.8,131.1,541.2,469.2,712.4,679.6,605.2,1.0,3592,4,4.0,1
1,20.1,57.6,130.8,547.2,458.3,711.9,670.7,610.6,1.0,3592,6,3.0,1
1,20.0,57.6,125.3,548.6,463.1,708.3,677.7,599.6,1.0,3592,6,5.0,1
2,23.7,50.7,112.6,562.1,428.1,648.0,564.4,508.4,3.0,1903,6,5.0,1
2,23.2,51.4,112.4,548.4,475.1,720.4,667.2,606.9,1.0,1458,5,5.0,1
1,19.9,57.9,127.0,547.9,465.7,715.3,667.4,608.3,1.0,3592,2,3.0,1
1,19.8,58.0,4.4,541.3,453.5,722.3,670.5,608.8,1.0,3592,4,4.0,1
1,19.8,58.2,127.9,552.2,465.3,710.4857142857143,674.0,600.4,1.0,3592,3,4.0,1
1,19.8,58.1,127.6,552.2,462.0,698.9,661.3,586.3,1.0,3592,6,3.0,1
3,23.7,52.0,122.2,559.4,492.5,703.3,631.7,572.5,2.0,4761,5,1.0,1
2,20.9,53.2,109.4,565.1,436.8,718.0,672.6,619.0,1.0,9385,4,2.0,1
1,19.2,53.6,96.9,563.4,525.7,745.1,702.3,640.2,2.0,3592,4,4.0,2
1,18.9,53.0,89.0,561.4,531.6,746.0,705.8,634.0,1.0,3592,3,4.0,3
3,20.7,49.8,125.2,583.0,435.9,699.3142857142858,618.2,546.8,2.0,1374,1,3.0,2
1,29.189999999999998,52.4,71.1,567.7,553.1,755.0,728.4,662.2,1.0,3592,4,4.0,2
1,18.6,52.5,33.0,570.4,588.1,764.3,725.4,664.1,1.0,3592,4,5.0,3
4,21.4,52.7,107.4,546.3,471.6,714.3571428571429,657.4,590.5,1.0,4703,1,5.0,1
1,18.4,52.6,77.6,575.8,583.3,769.0,732.2,679.7,0.0,3592,1,4.0,2
1,28.99,54.4,121.9,586.9,505.8,764.8,711.5,659.1,0.0,5820,3,5.0,3
1,18.8,53.0,104.4,562.6,475.8,715.1,659.5,590.7,1.0,2847,3,5.0,1
1,29.150000000000002,52.6,71.8,572.4,582.9,769.2,732.7,683.8,0.0,3592,5,3.0,2
1,18.3,52.5,72.4,569.2,593.7,767.3,740.2,692.9,0.0,3592,2,2.0,2
1,19.1,47.1,77.8,622.0,538.9,788.4,744.2,683.1,0.0,5693,5,4.0,2
1,18.2,52.4,65.2,578.3,597.8,778.7,730.5,684.6,0.0,3592,3,1.0,1
1,18.2,52.4,71.4,575.5,601.6,781.1,748.6,697.3,0.0,3592,6,5.0,3
1,18.2,52.6,67.5,569.6,587.7,763.1,736.4,680.1,0.0,3592,3,5.0,1
3,21.8,44.5,97.0,605.2,494.0,764.8,719.5,659.9,1.0,2105,2,4.0,1
1,28.410000000000004,55.7,112.3,557.4,492.1,710.1,660.5,586.6,2.0,7058,1,4.0,1
1,18.1,52.9,65.0,572.7,604.9,768.6714285714286,733.1,685.2,0.0,3592,1,4.0,2
1,18.2,52.5,67.9,574.9,591.5,758.6,731.4,694.0,0.0,3592,5,3.0,2
1,18.2,52.8,74.0,572.2,588.6,763.4,733.6,692.3,0.0,3592,6,4.0,1
1,18.2,52.9,64.8,571.9,589.8,763.4,743.8,679.7,0.0,3592,1,5.0,2
2,19.7,47.7,90.6,606.7,501.7,755.9,716.4,653.7,0.0,3418,6,3.0,2
1,18.4,54.0,63.1,571.0,537.3,754.3,719.8,648.8,0.0,3592,1,4.0,2
1,29.160000000000004,54.1,69.8,575.0,560.9,759.8,718.7,663.9,0.0,3592,5,4.0,2
1,18.6,54.4,79.1,570.5,555.4,753.5,809.9,661.1,0.0,3592,3,4.0,2
2,19.8,54.2,34.5,560.7,515.5,746.3857142857142,705.6,622.7,1.0,3592,2,4.0,1
1,18.7,53.4,67.6,572.0,562.1,757.1714285714286,722.0,659.2,0.0,3592,6,1.0,1
1,19.1,51.1,110.3,600.9,475.8,749.4,830.3,625.1,1.0,8374,2,5.0,1
3,20.5,53.5,137.1,561.6,494.8,726.9428571428572,689.9,617.4,2.0,6528,4,4.0,2
1,18.6,53.1,65.2,567.7,585.6,764.0,738.1,684.5,0.0,3592,1,1.0,1
2,18.9,53.2,66.4,567.3,552.2,756.5857142857143,725.1,666.2,0.0,3592,3,4.0,1
3,23.3,49.2,121.6,550.5,464.4,709.0,661.6,588.2,2.0,7058,2,1.0,1
2,19.0,53.8,80.0,570.1,544.1,754.2,706.3,642.5,0.0,3592,4,4.0,1
3,22.3,47.6,107.7,595.7,409.5,720.7,683.3,611.3,2.0,9658,5,5.0,2
4,19.2,55.9,116.9,591.0,495.1,732.5,689.7,624.8,1.0,5693,6,3.0,2
2,18.0,46.1,74.6,605.2,568.7,776.857142857143,745.8,695.4,0.0,1826,4,3.0,2
1,19.2,45.3,217.9,618.9,445.7,755.7,722.7,653.7,0.0,2105,4,5.0,2
3,22.7,44.6,120.6,575.9,446.4,722.7,677.6,619.9,2.0,6431,4,5.0,3
2,29.29,53.7,83.1,565.0,523.6,737.5,714.0,648.8,0.0,6817,6,1.0,1
2,19.6,54.4,83.3,555.0,524.0,732.5,711.3,630.4,0.0,6817,2,4.0,2
2,19.1,55.4,94.4,560.4,514.5,741.7,691.2,636.5,0.0,6817,2,5.0,1
2,18.9,55.9,86.5,557.4,539.2,741.8,705.8,634.4,0.0,6817,4,5.0,1
3,22.7,51.8,106.6,543.8,450.5,714.4,621.5,564.3,1.0,4703,4,5.0,1
2,19.0,56.0,88.3,556.9,512.0,739.2,711.0,630.2,0.0,6817,1,5.0,2
2,29.210000000000004,56.2,102.5,563.6,523.2,735.5,699.5,628.9,0.0,6817,6,5.0,3
2,18.8,56.8,180.7,558.7,508.9,739.5,700.6,630.3,2.0,6817,2,4.0,2
2,18.9,56.4,91.5,561.2,519.1,740.3,702.6,626.4,0.0,6817,1,4.0,2
2,18.9,56.8,105.7,557.7,498.8,735.6,685.9,617.9,1.0,6817,5,4.0,3
2,18.8,57.4,108.4,550.4,482.4,731.6,699.6,621.8,1.0,6817,4,1.0,3
3,23.1,52.3,119.6,562.9,421.7,646.6,560.1,501.5,3.0,1903,6,5.0,1
3,25.2,45.2,104.0,597.7,406.0,717.5,675.1,580.9,1.0,9127,1,2.0,1
2,18.8,57.6,133.1,553.6,516.5,738.8,699.1,627.6,1.0,6817,6,4.0,1
2,19.0,57.9,136.9,540.1,515.6,732.2,701.1,640.8,2.0,6817,6,4.0,3
3,22.1,55.2,106.2,553.4,441.4,701.1857142857142,657.8,594.1,2.0,5214,4,5.0,1
2,19.8,57.0,136.2,550.4,406.7,650.6,887.8,535.9,2.0,6817,1,4.0,1
2,22.2,52.3,113.2,547.7,448.4,677.1,629.8,562.4,4.0,6817,3,5.0,1
2,21.5,53.4,117.6,544.4,434.6,667.9,621.3,546.3,4.0,6817,2,4.0,1
4,20.2,51.9,97.4,559.6,487.4,743.3,697.0,640.0,1.0,9241,1,1.0,2
1,20.3,55.9,127.6,560.9,465.4,719.0142857142857,659.4,601.5,1.0,1903,2,3.0,1
3,23.9,48.9,113.0,604.6,415.1,680.8,586.1,518.6,2.0,3856,1,5.0,1
3,23.8,45.0,108.2,600.6,415.9,716.2285714285715,673.9,580.3,1.0,8374,6,3.0,1
2,22.5,52.2,112.9,549.5,449.9,686.1,636.2,562.2,4.0,6817,4,4.0,1
1,18.0,54.4,133.2,577.4,500.4,727.0,672.5,592.1,1.0,7963,5,5.0,2
2,32.4,51.1,112.7,537.4,481.1,681.7,629.3,559.4,4.0,6817,4,4.0,1
2,23.2,51.4,115.8,548.1,457.1,702.9142857142857,636.6,566.7,3.0,6817,4,1.0,1
3,23.8,46.7,124.9,582.5,393.0,716.5,671.9,597.7,1.0,9658,1,3.0,1
2,16.8,50.8,87.9,596.3,489.2,732.9,694.9,609.5,1.0,3418,1,4.0,2
2,23.0,52.0,105.7,550.7,456.6,683.9,634.6,574.6,3.0,6817,3,5.0,1
2,23.1,51.9,112.3,543.2,461.7,688.8,514.9,579.3,3.0,6817,1,3.0,1
2,23.7,50.7,112.0,549.0,457.8,687.6,648.4,577.9,3.0,6817,3,4.0,1
2,29.680000000000003,51.0,45.8,546.7,458.6,690.3,652.0,572.7,3.0,6817,6,5.0,1
2,23.5,51.4,106.0,541.7,452.3,702.3,651.1,578.9,3.0,6817,3,4.0,1
4,19.6,55.1,123.4,551.1,482.3,699.2,647.0,573.6,2.0,7058,6,5.0,1
3,22.5,47.8,108.4,593.1,478.0,733.5,679.7,611.8,1.0,9658,3,5.0,2
3,29.689999999999998,51.2,106.3,546.4,449.0,697.7,647.4,586.3,2.0,6817,2,5.0,1
3,24.0,50.9,105.1,554.9,464.6,699.3,654.0,572.8,3.0,6817,3,5.0,1
3,24.1,50.8,202.2,542.6,465.1,690.2,659.3,570.3,3.0,6817,3,4.0,2
2,22.8,52.7,159.2,548.6,445.2,708.7,665.9,591.3,1.0,9385,1,4.0,1
3,29.730000000000004,50.8,103.6,546.4,447.5,695.5,653.8,584.2,2.0,6817,5,5.0,1
3,24.0,50.9,110.1,543.6,472.9,702.4,663.7,591.3,2.0,6817,4,4.0,1
3,29.74,50.8,116.7,542.8,460.6,707.1142857142858,662.3,595.8,2.0,6817,4,4.0,1
4,18.2,52.5,129.5,589.0,495.5,743.7,484.1,624.6,1.0,1374,5,5.0,2
4,19.9,51.1,117.0,583.7,451.4,712.7,631.3,566.4,2.0,1374,2,4.0,1
1,19.4,55.4,112.3,549.1,543.1,724.2285714285714,858.9,595.7,2.0,1458,2,4.0,1
2,19.3,53.7,89.3,579.9,470.3,726.1,679.9,611.7,1.0,6528,5,4.0,1
3,24.6,50.4,118.8,544.0,473.4,704.9,662.8,593.5,2.0,6817,1,4.0,1
3,29.760000000000005,50.7,113.1,547.7,476.0,700.4,650.1,604.4,2.0,6817,2,4.0,1
3,25.0,49.8,111.6,550.0,477.7,645.3,554.8,511.6,2.0,6817,1,1.0,1
3,24.5,50.5,210.4,548.5,455.1,657.6,552.2,510.9,2.0,6817,4,2.0,1
3,24.3,51.0,214.7,544.4,468.0,647.2,553.0,500.7,2.0,6817,1,5.0,1
2,21.1,54.4,133.9,548.5,433.3,690.1285714285715,629.5,553.2,2.0,7058,1,4.0,1
3,24.8,50.2,109.2,550.9,473.3,655.7,559.9,514.6,2.0,6817,5,1.0,1
2,20.9,58.6,151.5,537.2,495.7,709.3,658.1,602.9,2.0,1458,1,4.0,2
1,18.9,55.8,134.8,578.7,484.8,724.5,679.6,617.8,1.0,4507,5,4.0,1
1,15.2,43.6,71.2,606.3,577.0,781.4857142857143,756.3,697.9,0.0,2679,5,4.0,2
3,25.2,49.4,115.4,544.0,471.9,674.0,584.3,529.1,2.0,6817,1,5.0,1
3,24.5,51.3,111.9,547.3,479.3,666.1,576.6,518.4,2.0,6817,4,4.0,1
3,24.5,51.3,110.5,549.7,470.4,671.3,585.5,537.3,2.0,6817,5,1.0,1
2,22.9,52.3,119.5,543.0,466.8,680.2,649.2,573.9,3.0,6817,5,5.0,1
3,24.9,50.3,111.0,543.5,476.6,680.4,517.0,538.0,2.0,6817,1,5.0,1
3,23.2,51.8,144.4,566.6,354.2,675.9,605.8,523.5,2.0,3074,5,4.0,1
3,25.7,48.4,111.5,545.3,475.2,680.7285714285715,598.7,543.0,2.0,6817,3,5.0,1
3,25.8,48.2,117.8,544.0,478.5,682.7,595.3,538.8,2.0,6817,1,2.0,1
3,23.8,44.7,138.5,584.8,454.4,699.6,651.6,554.2,1.0,6847,1,4.0,1
2,23.1,52.6,102.3,557.4,500.1,719.5,681.2,608.0,1.0,3592,1,5.0,1
3,25.7,48.2,121.6,539.6,484.9,675.5,595.0,537.1,2.0,6817,4,3.0,2
2,19.4,53.7,123.9,577.1,418.1,722.1,678.0,610.9,1.0,3074,1,4.0,2
3,25.1,50.0,111.8,547.5,473.4,676.3,888.6,537.9,2.0,6817,1,4.0,1
3,29.660000000000004,45.7,124.0,586.3,446.9,726.6,670.2,602.0,2.0,1374,5,3.0,1
3,29.87,48.8,114.4,545.4,485.5,687.1,610.7,544.0,2.0,6817,4,5.0,1
3,25.6,48.2,114.5,543.8,473.7,690.5,456.7,553.1,2.0,6817,3,4.0,1
3,24.5,50.7,110.8,550.2,479.8,677.1,610.6,564.6,2.0,6817,3,5.0,1
3,24.4,50.7,113.4,548.3,490.1,688.2714285714286,601.8,556.2,2.0,6817,4,2.0,1
3,24.1,51.0,110.0,547.4,487.6,695.1,612.6,550.7,1.0,6817,3,2.0,1
3,24.4,50.2,113.5,547.8,479.6,686.3,611.0,563.0,1.0,6817,3,1.0,1
2,28.910000000000004,43.6,63.8,626.2,625.0,798.0571428571429,778.9,722.5,0.0,5820,5,4.0,2
3,23.6,52.1,115.6,547.3,478.4,691.2,613.3,551.9,1.0,6817,3,5.0,1
3,23.6,51.8,109.3,545.1,471.0,696.3,614.8,545.9,1.0,6817,5,4.0,1
4,23.0,53.2,111.2,545.6,468.2,691.7,609.6,560.2,1.0,6817,4,5.0,1
4,23.2,52.6,115.8,547.3,480.9,687.8,608.4,554.4,1.0,6817,2,5.0,1
4,23.3,52.1,103.7,544.9,467.0,693.9,625.2,563.6,1.0,6817,5,5.0,1
4,33.6,53.0,102.2,550.8,472.2,693.0,630.9,561.4,1.0,6817,6,3.0,1
4,23.3,51.8,108.8,542.1,463.4,691.2,619.2,559.2,1.0,6817,4,4.0,1
4,22.8,53.1,113.9,546.9,470.6,691.3,628.7,564.8,1.0,6817,1,5.0,1
4,19.9,56.4,129.1,566.0,381.7,691.6,630.4,537.3,2.0,6528,3,5.0,1
4,23.1,52.3,110.7,550.4,470.8,698.0,632.9,572.4,1.0,6817,5,4.0,1
4,22.7,53.2,111.4,544.7,470.6,700.9,633.4,569.5,1.0,6817,3,5.0,2
4,22.8,53.2,105.4,545.0,464.0,700.5714285714286,619.9,571.9,1.0,6817,1,3.0,1
2,23.8,48.9,121.3,549.3,412.3,728.4285714285714,690.8,625.1,1.0,4703,2,5.0,1
4,23.0,52.1,116.7,546.4,486.3,703.1857142857143,624.6,581.7,1.0,6817,4,5.0,1
4,22.7,52.6,114.5,540.1,473.0,700.1,633.7,574.4,1.0,6817,6,2.0,1
4,22.8,52.2,117.5,546.8,470.9,707.8,639.0,580.5,1.0,6817,6,5.0,1
4,22.5,52.4,113.5,550.5,485.9,704.6,640.1,575.0,1.0,6817,2,5.0,1
4,22.4,52.6,111.7,546.0,479.7,709.6,637.7,587.7,1.0,6817,3,5.0,1
4,22.6,52.4,15.7,548.3,479.1,707.9,838.1,590.4,1.0,6817,2,1.0,1
4,22.3,53.0,116.3,548.2,469.5,701.4,643.7,577.6,1.0,6817,1,2.0,1
4,22.4,52.9,119.5,546.6,480.9,711.1,641.6,586.7,1.0,6817,1,2.0,1
4,22.5,52.5,122.2,542.7,471.6,705.1,642.1,591.7,1.0,6817,4,5.0,1
4,22.6,52.1,116.0,548.6,481.5,702.6,650.4,592.7,1.0,6817,6,4.0,1
4,22.1,53.1,119.3,549.6,497.8,708.3,644.0,592.0,2.0,6817,6,4.0,2
4,22.0,53.0,114.9,549.7,483.5,716.1,652.6,588.6,1.0,6817,4,3.0,1
2,23.2,51.5,112.0,544.0,481.3,710.9285714285714,671.9,601.2,1.0,7058,1,1.0,3
1,17.6,44.0,95.8,600.8,456.9,766.4,726.7,662.5,0.0,3418,1,1.0,2
4,22.1,53.0,41.0,550.6,502.3,706.8,645.5,585.5,1.0,6817,1,5.0,1
4,17.2,53.7,118.2,589.7,493.3,752.3,710.5,655.2,0.0,5820,5,5.0,1
2,17.5,52.5,87.2,598.7,527.7,765.0,717.4,663.1,1.0,4129,1,5.0,2
4,30.3,53.3,110.8,551.6,487.3,715.0,655.3,594.9,1.0,6817,3,3.0,1
4,21.7,53.4,108.9,552.7,478.2,712.0857142857142,652.5,596.4,1.0,6817,4,3.0,1
4,21.6,53.6,107.7,547.4,503.3,709.1,654.2,593.2,1.0,6817,6,5.0,1
4,20.7,52.8,107.6,546.0,466.7,737.7,875.0,591.3,1.0,4703,2,5.0,2
4,29.49,52.9,113.7,545.4,499.0,719.2,855.2,591.6,1.0,6817,3,3.0,1
4,29.47,53.4,114.8,543.4,493.5,720.5,654.5,597.2,1.0,6817,3,4.0,1
3,22.1,50.0,189.5,564.9,439.8,700.3,648.6,559.0,2.0,7963,4,5.0,1
4,21.4,53.8,111.4,553.2,494.1,720.0,671.2,606.3,1.0,6817,6,4.0,1
3,22.0,45.0,125.6,575.7,485.1,715.0,680.9,604.5,2.0,2679,6,2.0,1
1,18.2,44.2,80.7,601.9,460.6,760.8,726.8,671.2,1.0,6431,1,3.0,2
4,21.0,54.2,109.6,553.2,502.6,715.6,665.2,592.5,1.0,6817,4,3.0,3
1,17.0,45.9,204.8,612.1,557.7,778.7,738.9,705.1,0.0,1374,3,5.0,2
4,21.1,53.7,107.6,550.9,493.0,721.4,658.8,600.2,1.0,6817,3,4.0,2
3,20.6,51.3,121.4,587.1,417.2,698.9,541.4,556.4,2.0,4129,1,4.0,2
1,19.8,54.7,112.1,549.9,500.6,695.2,635.5,578.2,1.0,1458,6,4.0,1
1,18.3,57.2,109.8,600.1,505.5,748.0428571428572,705.1,641.8,1.0,9127,6,5.0,2
4,20.5,54.9,112.5,555.1,492.5,723.2,834.8,608.1,1.0,6817,3,5.0,2
1,19.2,52.3,117.4,578.0,469.0,731.4,692.5,623.4,1.0,7395,4,5.0,3
4,20.4,54.9,105.1,547.5,500.7,722.3000000000001,676.0,612.3,1.0,1458,1,2.0,2
1,20.3,55.1,111.6,546.4,515.7,721.5,672.1,615.3,1.0,1458,1,4.0,1
1,20.4,54.9,112.0,543.1,514.0,726.9857142857143,678.1,605.3,1.0,1458,4,2.0,2
1,20.3,55.0,45.3,547.4,501.8,719.7,674.1,603.2,1.0,1458,1,5.0,1
1,20.3,55.1,111.6,548.8,513.4,721.2,671.9,613.7,1.0,1458,3,4.0,2
1,20.2,55.3,115.6,547.8,506.3,722.1,667.7,611.1,1.0,1458,5,4.0,1
4,20.5,55.0,109.3,607.0,426.2,704.5857142857142,637.6,556.9,2.0,3856,2,4.0,1
1,20.1,55.4,114.0,550.2,507.0,724.6,685.4,615.6,1.0,1458,4,4.0,3
1,20.1,55.2,115.9,545.7,508.3,733.1,677.8,609.5,1.0,1458,6,4.0,2
1,20.1,56.4,118.3,545.2,488.0,708.4,653.4,591.1,2.0,3592,1,4.0,1
1,20.0,55.2,114.4,549.7,517.7,725.4,680.5,615.1,1.0,1458,5,4.0,1
1,20.0,55.3,110.7,553.2,522.8,731.3,676.0,616.9,1.0,1458,1,4.0,2
1,8.7,55.4,114.3,545.5,509.3,725.1,676.4,613.3,1.0,1458,3,5.0,1
1,19.9,55.5,116.2,546.0,520.1,733.6,676.8,626.8,1.0,1458,2,5.0,3
1,19.8,55.6,116.3,550.7,511.1,732.5,678.8,613.1,1.0,1458,2,4.0,2
3,29.730000000000004,49.7,112.4,544.6,465.8,736.7,682.4,621.3,1.0,9241,1,4.0,1
1,19.7,56.0,112.4,557.4,515.9,732.5142857142857,689.0,614.2,1.0,1458,5,2.0,2
3,21.9,49.3,106.0,553.2,451.2,730.6,692.7,631.8,1.0,2847,3,5.0,2
2,18.3,47.4,61.7,627.7,589.7,775.6,754.7,704.3,0.0,1482,5,5.0,1
1,19.8,55.0,180.1,545.4,513.0,710.4,646.6,589.2,1.0,1458,2,5.0,1
4,20.4,53.1,123.4,576.1,478.5,738.7,684.3,627.7,1.0,7395,5,4.0,2
1,19.8,55.0,110.8,552.3,489.9,692.3,623.7,567.4,2.0,1458,6,4.0,1
1,19.7,55.3,111.3,550.2,498.0,699.0,634.4,574.1,1.0,1458,3,2.0,1
1,17.8,46.2,84.8,595.0,437.8,761.0,718.3,659.8,1.0,6431,3,5.0,1
1,29.330000000000002,54.4,105.1,548.1,503.4,698.2428571428571,633.2,563.9,2.0,1458,6,3.0,2
3,24.3,47.7,107.4,575.6,447.5,718.2,678.2,598.9,2.0,7395,5,2.0,1
1,20.3,53.8,98.5,554.3,490.3,697.8,631.0,565.0,2.0,1458,4,4.0,1
2,18.9,55.1,121.2,578.9,422.5,722.5,684.0,622.3,1.0,3074,4,4.0,3
3,23.5,50.2,124.7,573.8,413.5,711.7142857142857,661.6,590.9,2.0,1826,2,4.0,1
1,20.3,53.5,98.2,551.6,499.6,705.0,631.5,580.6,2.0,1458,1,1.0,1
4,20.5,55.7,123.6,564.1,367.0,684.9,638.7,565.2,3.0,6528,1,3.0,1
1,20.1,54.0,99.8,549.1,506.9,705.1,642.0,580.1,2.0,1458,1,4.0,1
1,19.5,54.7,99.4,550.9,508.4,718.3,650.0,587.9,1.0,1458,5,1.0,1
1,19.0,53.5,87.6,556.3,532.8,727.2,675.1,620.7,1.0,1458,5,3.0,2
3,29.62,47.9,160.5,575.4,438.1,711.4,659.5,578.7,2.0,1374,6,4.0,1
1,19.3,54.7,94.3,548.9,522.7,725.7,898.0,601.3,2.0,1458,1,4.0,2
1,19.3,55.0,105.3,547.8,522.3,723.9,672.5,610.1,2.0,1458,6,4.0,2
1,19.7,55.8,118.5,548.8,514.7,722.2714285714285,665.8,604.1,2.0,1458,1,4.0,1
1,19.3,57.5,122.6,545.8,532.2,714.0,663.1,597.6,2.0,1458,6,2.0,1
1,16.8,49.3,73.6,615.2,570.5,770.8,736.2,673.6,1.0,7963,4,4.0,2
4,22.5,51.2,119.1,574.3,438.2,704.6,668.4,592.3,1.0,4507,1,4.0,2
1,19.3,59.1,139.7,541.3,524.1,716.2,665.0,591.5,2.0,1458,5,4.0,1
1,19.9,58.0,142.2,532.2,525.5,714.4,663.7,595.8,2.0,1458,1,5.0,1
1,19.3,59.6,139.4,542.1,510.5,715.6,659.4,596.9,2.0,1458,5,5.0,2
1,19.5,59.4,134.3,537.6,516.1,712.7428571428572,669.0,590.0,2.0,1458,5,4.0,1
1,19.6,59.3,154.6,533.7,524.3,711.4,665.0,584.7,2.0,1458,1,4.0,1
1,19.5,58.9,148.6,535.4,492.0,710.9,651.3,586.9,2.0,1458,3,1.0,1
4,21.4,46.0,114.1,576.5,436.6,728.7,683.9,612.1,2.0,6431,6,4.0,1
3,24.3,46.6,125.0,595.8,448.2,719.7,673.1,579.8,1.0,5693,5,4.0,1
2,19.5,57.6,44.3,543.1,499.0,722.1,671.8,606.2,2.0,1458,2,4.0,1
2,19.6,53.8,112.7,545.1,516.6,738.5,681.2,619.5,2.0,1458,2,3.0,2
2,19.4,55.5,109.1,550.4,504.6,732.1,684.1,626.7,2.0,1458,6,5.0,1
2,20.6,57.3,148.2,538.4,483.7,710.7857142857143,671.5,591.0,2.0,1458,3,3.0,1
2,18.0,46.4,70.5,610.0,465.4,771.5857142857143,732.1,679.1,0.0,5820,6,4.0,1
1,18.0,50.7,108.9,588.8,448.5,740.1,686.6,609.1,1.0,3418,2,1.0,3
1,16.8,49.9,65.2,621.0,562.8,785.1857142857142,747.7,695.1,1.0,4129,2,5.0,2
2,21.7,55.7,129.9,537.7,501.1,722.0,669.0,614.2,2.0,1458,5,5.0,1
3,23.0,46.6,112.2,596.6,472.9,725.3,687.2,618.3,1.0,9658,4,5.0,2
2,22.0,55.5,117.8,546.3,498.5,718.9571428571428,664.5,605.1,2.0,1458,2,5.0,1
2,22.0,54.9,111.0,549.1,493.4,714.4,676.6,591.6,2.0,1458,2,4.0,1
2,22.5,53.5,206.5,542.3,482.7,709.0,664.6,605.1,2.0,1458,4,5.0,1
2,20.4,51.8,88.7,613.4,515.4,764.3,715.2,648.7,1.0,3856,4,5.0,1
1,16.9,54.2,123.2,595.4,503.6,754.0,719.8,666.2,0.0,5820,2,4.0,3
4,20.9,55.9,129.2,555.3,451.8,711.2,654.2,585.4,1.0,1903,3,5.0,1
4,19.6,55.2,116.9,594.7,468.4,733.1,695.3,613.0,1.0,5693,6,2.0,1
2,23.4,50.6,218.0,543.0,501.8,722.2,668.6,613.8,2.0,1458,3,1.0,1
2,23.1,51.4,113.7,542.5,504.1,720.9,672.2,616.9,1.0,1458,6,4.0,1
2,22.6,52.6,42.2,548.7,486.7,716.3,674.0,602.0,2.0,1458,6,4.0,1
2,23.6,50.5,116.4,544.2,490.7,726.5,675.9,604.4,1.0,1458,4,4.0,1
2,23.4,51.1,111.2,535.4,495.1,719.8,674.6,609.0,1.0,1458,1,4.0,1
2,23.2,51.5,112.5,544.9,495.4,717.5,660.9,604.9,2.0,1458,1,4.0,1
4,21.4,56.9,137.5,559.8,426.8,699.8,637.5,572.9,2.0,4761,1,2.0,1
2,23.7,50.1,115.6,553.2,499.2,710.6,676.6,605.7,1.0,1458,6,5.0,1
2,24.0,49.6,108.0,550.6,501.8,715.8,674.6,613.5,1.0,1458,3,1.0,2
1,18.2,57.3,117.7,597.7,490.2,739.8,710.2,624.6,1.0,9127,1,2.0,2
2,22.3,54.1,108.6,546.1,461.1,721.8,648.8,614.6,1.0,1458,5,3.0,1
2,22.6,53.1,111.6,545.3,479.8,701.8,668.9,598.4,1.0,1458,5,3.0,1
2,23.2,51.4,112.4,548.4,475.1,714.5,667.2,606.9,1.0,1458,5,5.0,1
2,23.4,51.6,116.1,545.8,463.5,712.1,669.6,594.1,1.0,1458,1,4.0,1
2,23.3,52.0,110.0,547.5,479.7,710.2,666.9,603.1,1.0,1458,1,4.0,1
2,23.4,51.4,106.4,544.4,461.3,708.3,663.0,600.6,2.0,1458,4,5.0,2
2,23.0,52.3,106.8,542.3,475.6,711.1,671.3,607.2,1.0,1458,3,4.0,1
2,23.0,52.3,109.5,544.7,480.9,707.1,669.7,598.3,1.0,1458,5,4.0,1
2,29.580000000000002,53.0,111.0,547.7,474.8,718.8,666.8,606.1,1.0,1458,2,2.0,1
4,17.8,49.8,119.0,580.3,503.8,729.8,697.6,618.9,1.0,2679,5,4.0,2
2,23.3,52.7,135.1,537.2,506.8,701.6,660.3,590.6,2.0,1458,5,5.0,1
2,23.0,54.3,140.4,541.1,485.6,710.5,652.6,580.0,2.0,1458,5,5.0,1
2,22.9,53.5,138.5,538.3,484.0,707.6,656.5,596.0,2.0,1458,6,4.0,1
2,23.5,51.9,117.4,546.8,481.4,721.5,673.9,604.2,2.0,1458,6,2.0,1
1,16.8,41.3,66.5,610.5,571.5,793.6,770.5,711.5,0.0,3418,5,3.0,1
2,23.7,50.9,114.1,549.0,484.8,710.4,670.5,606.2,2.0,1458,1,3.0,1
2,23.2,52.0,118.4,540.1,475.1,706.5285714285714,667.7,593.9,2.0,1458,6,4.0,1
2,22.9,52.7,112.5,546.3,479.4,713.0,674.5,586.6,2.0,1458,5,4.0,1
2,23.8,51.2,109.6,539.2,479.0,701.5,664.6,594.1,2.0,1458,5,4.0,1
2,30.5,52.0,117.5,539.3,474.1,711.9,669.0,602.7,2.0,1458,1,5.0,1
2,23.4,52.2,112.9,543.2,494.2,707.7,678.9,605.7,2.0,1458,2,5.0,1
3,23.2,52.5,111.0,542.4,485.1,719.6,665.3,604.4,2.0,1458,2,5.0,1
3,23.0,52.9,105.3,542.4,480.7,709.5,673.6,582.7,1.0,1458,3,1.0,1
3,23.4,51.5,104.9,544.9,481.6,710.2571428571429,663.4,600.9,2.0,1458,2,3.0,1
3,23.7,51.5,231.2,541.9,480.5,712.4,670.2,591.5,1.0,1458,6,4.0,1
2,18.9,54.6,104.7,581.5,474.7,742.8,696.0,619.4,1.0,4507,4,5.0,3
1,19.6,57.0,116.6,601.5,461.6,726.7,679.7,610.1,2.0,7241,1,1.0,3
3,23.4,51.8,107.4,541.4,461.2,714.3,663.4,586.8,2.0,1458,4,5.0,1
3,23.0,52.2,110.7,547.9,471.7,711.8142857142857,661.0,590.3,2.0,1458,1,4.0,1
3,22.9,52.1,102.9,547.0,467.1,713.2,661.1,594.1,2.0,1458,2,4.0,1
3,23.7,51.1,107.1,543.1,478.7,713.6,665.5,597.2,2.0,1458,6,4.0,1
2,29.689999999999998,49.6,102.8,543.4,413.5,719.3,493.2,564.6,2.0,4703,1,5.0,1
3,29.700000000000003,50.9,104.8,544.8,464.0,703.2,660.4,580.5,2.0,1458,5,4.0,1
3,24.0,50.6,109.1,545.8,448.9,702.5,654.2,572.5,2.0,1458,1,5.0,1
4,19.9,54.3,100.5,549.3,490.5,737.3,679.1,603.5,1.0,4703,6,3.0,1
3,23.4,52.2,103.2,547.3,467.7,706.5,660.7,592.1,2.0,1458,1,5.0,1
3,23.0,52.7,100.4,542.0,470.6,704.8,661.6,599.2,2.0,1458,5,1.0,1
3,23.7,51.1,106.3,545.1,468.6,701.9,667.9,599.8,2.0,1458,4,5.0,2
3,29.689999999999998,51.5,117.6,541.0,474.2,704.6,656.2,595.2,2.0,1458,4,4.0,1
3,23.3,49.2,125.4,552.4,473.5,706.0285714285714,658.6,593.0,2.0,7058,5,4.0,1
1,17.7,55.1,114.9,408.6,482.0,800.7,759.5,668.1,4.0,4703,2,4.0,1
1,29.130000000000003,54.0,118.5,418.1,506.4,796.6,751.6,690.4,4.0,4703,4,5.0,1
2,23.5,50.1,103.0,546.1,414.9,724.2,643.6,575.3,2.0,4703,6,3.0,1
2,20.4,44.9,98.2,602.8,493.1,762.0,883.9,657.6,1.0,2105,6,4.0,1
2,19.9,55.9,171.6,563.1,420.8,712.6,674.2,597.9,2.0,3074,6,4.0,1
1,19.6,51.0,100.6,500.5,586.5,797.1,757.0,686.3,2.0,4703,1,4.0,2
2,20.2,49.7,100.0,508.5,584.6,797.8,755.1,698.0,2.0,4703,3,4.0,2
2,20.7,49.4,97.2,516.1,568.9,797.5,742.1,697.0,2.0,4703,4,5.0,2
1,20.4,53.3,102.9,557.0,504.7,702.5,649.8,577.3,2.0,1458,6,4.0,2
2,17.2,46.7,64.4,574.0,587.4,785.0,758.1,705.7,0.0,9241,1,4.0,1
2,21.6,52.2,102.6,519.4,459.7,745.0,704.9,615.8,2.0,4703,2,2.0,1
2,22.0,50.1,23.4,538.4,523.3,774.5,707.2,637.0,2.0,4703,1,4.0,3
2,22.1,50.0,192.1,534.8,523.3,764.5,711.4,655.0,2.0,4703,2,5.0,2
2,22.2,49.9,101.4,539.3,519.4,768.8,734.6,664.0,2.0,4703,1,3.0,2
2,22.3,49.7,203.1,540.1,532.6,761.4,710.5,654.0,1.0,4703,2,5.0,2
2,22.5,49.6,96.3,538.3,528.2,757.3,715.6,641.1,1.0,4703,5,5.0,2
3,22.5,48.2,116.3,586.1,492.3,721.8,677.3,596.4,1.0,4129,6,4.0,3
2,22.7,50.2,113.6,540.0,515.2,759.6,719.7,644.0,1.0,4703,4,4.0,2
1,18.2,48.6,72.8,582.7,596.8,768.5,743.3,688.5,0.0,1903,2,4.0,2
2,29.6,51.8,139.6,534.8,514.0,756.7,712.6,636.2,2.0,4703,2,2.0,2
2,23.0,50.8,122.7,536.1,510.5,755.4428571428571,718.0,653.7,2.0,4703,1,4.0,2
4,9.0,55.6,175.1,559.3,367.4,688.4,640.6,556.4,2.0,3074,2,4.0,1
2,22.9,50.4,104.7,534.7,504.4,764.1,717.5,648.7,2.0,4703,2,4.0,3
2,22.7,51.0,105.4,537.6,494.5,691.7,591.0,522.4,4.0,4703,6,5.0,1
2,22.9,52.2,147.0,526.6,470.8,611.2,465.5,412.8,4.0,4703,2,5.0,1
2,23.2,51.5,157.7,517.6,473.1,638.8000000000001,508.2,453.9,4.0,4703,6,3.0,1
2,20.6,44.9,100.8,597.4,424.8,742.7,714.2,646.9,1.0,5820,4,4.0,2
2,23.5,50.7,44.2,525.7,341.7,673.3,569.4,495.3,4.0,4703,5,4.0,1
2,23.5,51.4,153.5,528.7,375.4,687.2,574.9,486.2,4.0,4703,1,5.0,1
2,23.2,51.0,119.7,532.5,403.2,701.0,590.0,524.0,4.0,4703,6,5.0,1
2,23.2,50.4,113.4,535.4,422.6,711.1,609.2,539.9,3.0,4703,3,4.0,2
2,23.3,50.2,117.9,541.6,443.9,700.4,618.0,544.9,3.0,4703,6,4.0,1
2,23.6,49.8,116.9,539.6,443.3,707.2,628.1,550.9,3.0,4703,3,4.0,1
2,23.6,49.7,113.9,533.6,448.7,710.4,625.7,551.0,3.0,4703,4,3.0,1
1,29.130000000000003,43.1,74.8,621.2,488.8,777.3,821.0,659.4,1.0,2105,4,4.0,2
2,23.6,49.8,110.7,537.0,441.1,711.1,621.3,550.2,3.0,4703,2,5.0,1
2,23.3,50.4,113.0,541.0,457.9,710.8,634.6,565.1,3.0,4703,2,5.0,1
3,23.4,49.9,133.9,573.7,429.1,696.4,649.9,582.4,2.0,9184,5,3.0,1
2,23.7,49.2,103.6,537.7,489.2,717.6,648.0,572.0,3.0,4703,1,4.0,1
2,24.2,48.4,105.0,545.1,469.4,724.0,649.6,578.2,2.0,4703,6,4.0,1
1,19.0,53.8,74.5,561.2,524.3,750.9,721.6,647.5,0.0,3592,4,3.0,2
2,24.1,48.3,204.1,536.3,390.2,717.0,837.4,567.6,2.0,4703,6,5.0,1
2,23.9,48.8,105.9,541.5,392.0,720.9714285714286,636.5,578.4,2.0,4703,5,4.0,1
2,24.4,47.9,104.6,534.1,395.4,720.8714285714286,645.6,556.5,2.0,4703,3,5.0,1
2,24.3,48.2,106.1,547.1,410.5,720.5,645.0,571.1,2.0,4703,6,4.0,1
1,16.4,41.6,78.9,602.7,561.0,784.2,741.1,691.9,1.0,8052,3,4.0,1
2,23.6,49.7,103.8,541.5,414.2,723.0,650.3,577.6,2.0,4703,5,4.0,1
2,27.8,46.6,96.0,595.0,480.9,737.4,705.1,620.0,2.0,2679,3,5.0,1
2,19.5,53.4,92.1,579.5,453.7,723.6428571428571,674.8,591.1,1.0,6528,5,1.0,1
2,24.4,48.1,103.0,544.5,402.0,721.6285714285714,651.6,580.0,2.0,4703,2,2.0,1
2,24.5,47.8,110.2,547.2,440.4,720.6,638.3,580.5,2.0,4703,5,2.0,1
2,24.2,48.5,104.0,545.1,423.4,724.9,663.4,584.6,2.0,4703,5,4.0,1
2,23.5,50.4,105.4,546.0,413.3,719.3,648.7,580.6,2.0,4703,6,4.0,1
2,24.0,49.4,110.5,542.2,427.0,722.7,655.9,571.5,2.0,4703,2,5.0,1
1,29.380000000000003,56.4,134.3,566.6,457.8,707.7,651.7,581.2,1.0,4761,5,4.0,1
3,23.6,50.3,104.4,540.4,422.1,724.9,662.9,598.8,2.0,4703,3,5.0,2
3,24.2,49.2,102.1,546.2,430.9,724.6,645.8,577.7,2.0,4703,1,2.0,1
3,24.5,48.4,101.6,550.1,432.7,724.6,649.9,580.8,2.0,4703,4,2.0,1
3,23.8,50.1,104.0,547.3,428.5,726.0,650.6,583.1,2.0,4703,1,3.0,1
2,16.2,48.8,70.9,603.9,555.5,773.3,741.6,679.7,0.0,6431,2,2.0,1
2,18.7,52.2,72.4,627.9,574.5,782.4,748.9,695.3,1.0,3856,3,5.0,2
2,17.0,44.9,59.0,577.6,597.4,797.5,760.0,717.6,0.0,9241,1,5.0,2
3,24.3,48.9,98.7,545.9,436.1,725.4,658.2,578.6,2.0,4703,5,4.0,1
3,23.8,50.0,103.8,551.0,425.9,727.4,661.7,600.9,2.0,4703,2,5.0,1
3,23.8,50.0,106.2,547.1,428.2,716.4142857142857,669.2,593.6,2.0,4703,3,5.0,1
3,23.9,50.0,98.1,541.7,434.3,722.3571428571428,655.6,594.2,2.0,4703,5,5.0,1
3,21.7,48.5,132.8,580.7,436.9,713.6,664.1,589.8,1.0,7963,5,4.0,1
3,23.6,52.4,149.1,558.2,423.9,664.1,578.5,504.1,3.0,1903,3,1.0,1
3,24.1,49.6,102.8,548.7,394.5,723.6,642.6,583.7,2.0,4703,6,5.0,1
3,24.0,49.6,106.5,544.7,395.8,721.6,664.8,582.7,2.0,4703,2,4.0,1
2,19.1,55.6,32.6,594.0,522.0,747.1,708.8,635.6,0.0,6528,1,3.0,3
3,23.7,50.3,109.2,540.7,353.4,723.4,652.8,577.5,2.0,4703,5,4.0,1
4,29.34,54.2,126.4,545.6,463.4,677.1,631.9,554.6,3.0,7058,4,4.0,1
3,23.9,50.2,106.1,543.1,407.9,719.5714285714284,660.2,598.7,2.0,4703,3,5.0,1
3,24.0,50.0,105.3,541.2,393.2,725.7,661.3,582.5,2.0,4703,5,2.0,1
3,24.0,50.6,106.2,543.6,402.1,718.7,644.6,588.4,2.0,4703,3,4.0,1
3,24.1,50.8,121.9,544.7,371.7,709.5,655.5,566.6,2.0,4703,1,5.0,1
3,24.0,50.2,115.4,543.3,394.9,714.4,834.6,581.7,2.0,4703,3,4.0,1
2,18.5,51.0,77.8,594.2,529.7,764.2,727.3,658.6,0.0,7395,2,4.0,1
3,23.8,50.7,111.5,544.7,389.3,719.9,656.4,577.8,2.0,4703,1,5.0,1
4,29.14,54.3,138.7,588.0,475.7,732.5,688.4,616.0,1.0,7963,3,4.0,1
4,19.5,50.4,113.0,592.5,450.6,734.5,695.1,624.4,1.0,2105,6,5.0,3
3,23.6,51.4,112.0,537.7,391.1,715.3,653.4,579.2,2.0,4703,2,4.0,1
3,23.9,50.8,107.6,549.4,378.8,720.7,655.7,584.5,2.0,4703,1,3.0,3
3,24.3,50.0,98.9,541.2,375.8,719.9,646.6,574.6,2.0,4703,3,4.0,1
2,12.4,55.6,80.2,585.6,502.0,736.6,714.4,634.6,0.0,6528,4,5.0,2
3,22.2,51.2,126.4,555.4,453.0,699.6,632.5,562.9,2.0,7058,5,5.0,1
1,19.6,55.7,118.2,554.3,482.9,729.8,697.2,628.2,1.0,2847,2,4.0,3
3,24.2,49.8,105.4,544.4,376.3,721.6,662.3,576.4,2.0,4703,5,3.0,1
3,12.8,49.8,108.7,544.9,399.6,714.8,649.5,579.7,2.0,4703,6,5.0,1
3,24.1,50.0,109.8,543.1,390.2,693.2,604.2,554.0,2.0,4703,6,3.0,1
3,23.9,50.1,106.2,544.0,417.8,698.6,599.6,533.7,2.0,4703,3,4.0,1
3,23.6,50.5,110.7,542.6,424.1,696.8,600.0,529.1,2.0,4703,5,4.0,1
3,23.2,51.3,1.5,548.2,424.0,695.3,612.5,537.5,2.0,4703,5,5.0,1
2,29.010000000000005,46.0,60.8,574.5,607.3,795.1999999999999,758.8,713.1,0.0,9241,4,4.0,2
3,22.2,53.2,125.5,594.1,427.7,716.8,670.6,596.6,3.0,7241,2,4.0,1
3,29.6,52.0,99.6,551.9,435.3,703.8,615.3,554.5,2.0,4703,2,5.0,3
3,23.1,51.6,99.7,547.8,418.1,702.8,610.0,547.5,2.0,4703,1,5.0,1
1,10.6,46.6,75.3,622.9,533.4,770.3857142857142,729.2,672.2,0.0,3856,4,5.0,2
3,22.8,52.0,100.6,545.1,441.9,703.7,625.2,543.5,1.0,4703,3,2.0,1
3,22.9,51.8,103.2,551.6,447.6,704.6,622.5,556.0,1.0,4703,5,3.0,1
3,22.6,52.0,105.5,551.9,441.3,712.5,626.0,554.7,1.0,4703,5,4.0,1
4,20.8,47.9,116.3,593.5,457.7,733.0,696.6,622.8,2.0,2105,1,4.0,1
1,29.0,45.2,78.5,607.5,479.3,776.1,734.3,657.0,0.0,3418,1,3.0,2
4,20.6,54.7,114.6,555.9,505.3,724.5,677.9,612.8,1.0,1458,5,4.0,2
2,23.5,53.9,201.6,549.9,475.7,704.1,644.7,576.9,2.0,8936,6,4.0,1
3,29.55,52.1,107.2,547.3,472.4,712.6,524.5,559.6,1.0,4703,4,5.0,2
2,21.7,51.7,106.5,564.7,495.3,704.0,638.5,579.8,2.0,4761,6,1.0,1
3,29.6,47.2,96.8,561.5,448.0,705.9,648.6,590.0,2.0,2847,6,3.0,1
2,20.1,44.1,93.7,600.9,403.1,753.1,700.6,652.0,2.0,5820,4,3.0,1
4,29.52,52.5,108.8,551.5,480.0,718.0,551.3,583.1,1.0,4703,4,4.0,1
4,22.0,52.6,103.3,539.1,470.2,719.0,632.7,576.4,1.0,4703,1,4.0,1
1,18.8,48.1,76.9,574.1,555.4,763.9,732.6,678.7,1.0,2847,1,3.0,2
4,22.1,52.0,101.6,546.0,467.0,719.7,647.5,571.8,1.0,4703,6,5.0,1
2,21.7,46.7,155.3,578.9,405.1,729.3,685.8,621.6,2.0,5820,6,4.0,1
4,20.0,48.7,118.4,595.5,463.7,757.1,713.8,645.1,1.0,5820,1,4.0,2
4,22.1,51.8,105.5,541.4,467.0,713.5,643.0,572.5,1.0,4703,3,4.0,1
1,28.89,44.0,58.8,618.8,623.3,797.1714285714287,774.0,727.3,0.0,5820,4,5.0,1
4,29.5,52.4,107.5,541.5,471.3,726.0,655.1,583.8,1.0,4703,5,4.0,1
4,21.8,52.5,101.4,548.1,467.7,715.4,656.1,571.9,1.0,4703,1,4.0,1
4,21.7,52.5,108.8,543.3,480.5,715.8,646.3,582.1,2.0,4703,3,3.0,1
4,21.8,52.3,105.7,553.1,464.4,710.1428571428571,647.6,591.4,1.0,4703,3,3.0,2
4,21.6,52.8,104.2,549.0,459.3,724.1,650.9,575.8,1.0,4703,3,1.0,1
4,19.6,52.3,140.3,580.5,462.9,732.1,686.4,613.5,1.0,7963,3,4.0,2
4,21.9,51.5,181.2,544.7,477.8,718.6,659.7,585.9,1.0,4703,6,5.0,1
3,22.2,53.5,138.0,570.0,427.3,688.3,648.1,559.6,2.0,9184,6,5.0,1
1,16.8,49.6,115.2,585.2,489.9,749.6142857142858,709.1,646.1,2.0,8052,2,2.0,2
4,21.4,52.3,106.2,547.7,479.2,733.2,646.9,601.6,1.0,4703,3,5.0,1
4,21.4,53.0,105.3,548.3,467.1,725.5,655.0,583.3,1.0,4703,3,2.0,1
4,21.3,52.8,104.4,554.2,463.8,725.2,664.8,585.1,1.0,4703,5,4.0,1
4,29.439999999999998,53.0,99.7,544.6,488.9,722.5714285714287,657.6,587.4,1.0,4703,5,5.0,1
4,21.8,53.0,116.0,561.9,413.1,703.8,489.1,569.7,3.0,6528,3,5.0,1
2,24.0,49.6,108.0,550.6,501.8,722.7714285714284,674.6,613.5,1.0,1458,3,1.0,2
2,19.1,54.7,185.9,580.4,414.9,717.5,689.4,614.8,1.0,3074,2,3.0,2
4,21.6,51.6,106.5,545.6,483.1,734.9,654.4,609.2,1.0,4703,5,1.0,1
1,16.3,45.1,78.1,612.1,466.6,780.3,740.0,661.2,1.0,3418,6,4.0,1
4,21.1,53.1,100.2,545.7,479.5,727.8,659.5,587.3,1.0,4703,5,4.0,1
4,20.2,52.3,130.4,591.6,442.5,728.5285714285714,690.1,597.4,1.0,6847,3,1.0,3
3,23.9,47.2,109.1,599.0,466.2,718.1,671.3,598.7,1.0,9127,4,4.0,1
4,18.9,48.6,34.1,586.3,466.8,733.1,679.7,604.3,1.0,2679,2,2.0,1
2,17.2,45.3,71.3,618.6,562.7,784.1,755.2,691.4,0.0,8374,6,4.0,1
4,21.3,51.9,103.1,555.3,486.2,738.2,670.9,606.9,1.0,4703,2,3.0,1
4,19.5,51.1,118.8,593.1,453.1,742.0428571428572,704.4,634.3,1.0,9658,3,4.0,3
4,20.6,53.1,95.7,598.8,458.6,725.5,677.3,606.2,1.0,9127,1,5.0,2
1,29.22,55.6,112.8,567.8,441.5,714.5,679.9,609.1,2.0,8649,4,4.0,2
4,19.5,52.9,107.9,560.2,468.5,729.5,678.0,617.0,1.0,2847,1,4.0,1
4,20.7,53.3,106.7,549.7,492.5,715.1,661.7,603.3,1.0,4703,5,4.0,2
4,22.6,52.3,142.7,560.6,336.9,674.5,599.2,530.5,3.0,3074,6,5.0,1
4,20.6,53.6,187.1,552.5,475.2,728.4,668.8,596.0,1.0,4703,3,4.0,1
4,18.8,51.9,112.8,585.0,450.7,758.0,710.8,646.2,1.0,9658,1,4.0,3
4,21.6,51.4,108.7,561.5,483.4,744.1,698.2,635.5,1.0,9241,1,4.0,2
3,23.9,49.4,119.2,548.1,459.4,731.9,684.4,624.2,1.0,9241,2,5.0,1
3,24.9,49.0,146.0,560.7,424.0,675.6,614.1,533.2,2.0,1903,6,5.0,1
4,20.6,53.1,96.7,552.3,460.1,730.6285714285715,685.0,617.1,1.0,4703,5,4.0,3
2,18.7,53.0,94.1,590.0,477.0,715.0,659.2,584.0,2.0,7395,3,4.0,1
4,20.4,53.8,102.4,547.3,471.0,737.9,677.2,603.6,1.0,4703,3,5.0,1
4,20.2,54.2,105.3,543.3,487.3,715.7285714285714,667.1,587.7,1.0,4703,1,4.0,1
4,20.3,53.8,99.6,550.9,474.1,720.7571428571429,682.2,603.5,1.0,4703,4,5.0,2
4,20.4,53.2,108.4,543.9,468.8,730.1,673.8,596.9,1.0,4703,2,5.0,3
4,20.5,52.8,104.6,550.0,488.9,735.8,674.2,606.5,1.0,4703,3,4.0,1
4,20.5,52.6,102.6,550.3,478.2,719.1714285714286,669.2,605.2,1.0,4703,3,4.0,2
4,20.4,53.0,105.2,551.2,477.5,724.2571428571428,670.5,606.2,1.0,4703,1,5.0,3
4,20.2,53.4,101.1,551.5,491.1,725.6,665.1,608.0,1.0,4703,4,4.0,1
4,20.1,53.9,105.5,550.6,479.7,730.3,672.2,609.9,1.0,4703,1,4.0,2
1,18.5,56.8,111.0,600.6,497.9,739.342857142857,704.2,625.9,1.0,9127,5,4.0,2
4,29.3,54.3,228.6,549.3,490.5,737.3,537.9,603.5,1.0,4703,6,3.0,1
4,20.0,53.8,100.8,551.0,503.6,720.1857142857143,542.7,606.2,1.0,4703,3,5.0,3
4,20.0,53.8,103.8,546.2,486.7,733.4,677.6,609.4,1.0,4703,2,5.0,2
3,24.1,44.5,105.6,597.2,286.8,702.6,639.9,524.3,2.0,8374,1,4.0,1
3,24.0,48.4,118.0,577.6,375.8,683.5285714285714,629.1,552.3,3.0,7395,2,5.0,1
1,20.0,54.0,104.9,556.8,476.9,729.0,673.1,602.3,1.0,4703,5,4.0,3
1,19.6,54.9,110.1,547.9,486.6,734.6,680.6,605.5,1.0,4703,3,5.0,1
2,29.35,49.6,104.4,592.0,489.5,741.4,702.3,637.9,1.0,9658,6,5.0,1
4,21.4,53.7,102.1,601.0,415.0,701.9,616.1,542.3,2.0,3856,5,2.0,1
1,19.6,55.0,109.4,551.5,480.0,744.9,673.1,608.4,1.0,4703,4,2.0,3
3,21.2,44.6,111.1,588.0,466.5,724.6,685.0,617.5,1.0,8052,5,5.0,2
4,20.5,55.4,135.8,554.6,366.1,684.6,638.3,545.1,2.0,3074,6,4.0,1
1,19.5,51.9,106.8,588.2,459.8,733.9142857142858,691.6,621.0,1.0,1826,1,5.0,2
2,21.3,51.0,127.3,573.8,472.0,715.4,668.1,594.6,2.0,9184,4,3.0,2
2,18.4,49.1,86.7,604.6,451.7,748.6,713.9,648.0,0.0,3418,3,1.0,1
1,19.5,54.9,110.6,549.8,486.9,737.5,681.7,620.5,1.0,4703,6,2.0,3
1,19.5,54.8,106.2,547.9,482.8,746.0,677.7,614.7,1.0,4703,3,5.0,2
3,24.1,50.4,147.7,562.1,385.7,672.1,628.7,532.3,2.0,5172,3,4.0,1
1,19.5,54.4,110.1,553.1,483.5,744.4,678.8,619.4,1.0,4703,5,4.0,1
1,19.5,54.7,102.4,550.3,493.1,737.5,865.6,609.9,1.0,4703,6,4.0,2
4,19.3,56.5,105.9,598.6,463.7,722.2,661.1,576.6,1.0,3856,4,5.0,2
1,19.2,51.1,94.5,557.9,499.6,748.3,698.2,630.6,1.0,4703,4,2.0,3
1,18.8,48.7,86.2,562.0,512.7,755.1,715.8,661.9,0.0,4703,4,4.0,3
3,24.4,53.0,4.0,545.5,472.6,695.6,659.0,570.8,1.0,8936,4,2.0,1
1,18.9,51.3,87.4,555.1,483.7,724.1,636.9,575.5,1.0,4703,5,4.0,2
1,29.210000000000004,51.7,94.2,561.7,489.9,717.3,628.8,575.3,1.0,4703,5,5.0,2
3,22.2,45.6,118.9,584.0,453.0,726.4,674.6,614.9,2.0,6431,3,4.0,1
1,19.0,51.9,92.5,556.6,484.4,716.3,634.3,570.4,1.0,4703,6,4.0,1
3,25.0,48.3,120.5,574.1,460.0,714.1,664.9,595.2,2.0,4507,2,5.0,2
1,29.230000000000004,52.4,97.5,558.7,483.9,719.9,647.6,570.5,2.0,4703,3,3.0,1
1,28.8,53.2,96.1,548.9,479.9,714.657142857143,643.3,577.2,2.0,4703,1,2.0,1
1,30.8,50.2,100.1,550.2,458.9,725.1,639.3,574.9,2.0,4703,5,5.0,1
1,20.0,51.6,95.9,552.3,467.0,716.0,645.8,578.5,2.0,4703,2,5.0,1
1,19.2,53.6,102.3,558.2,476.6,712.7285714285715,653.9,582.8,2.0,4703,1,4.0,1
1,19.1,54.0,104.0,549.4,494.7,720.0,654.4,585.4,2.0,4703,6,5.0,1
3,24.4,50.5,141.6,555.3,400.9,673.4,596.4,530.4,3.0,1903,5,4.0,1
1,18.9,53.0,97.7,550.3,509.6,739.9,672.0,606.3,2.0,4703,1,5.0,1
4,20.7,58.2,119.1,546.6,472.5,715.4,675.0,601.0,1.0,8936,5,4.0,1
1,16.0,45.2,65.4,620.1,605.8,793.4,762.1,723.0,0.0,1374,1,4.0,2
1,19.0,53.5,101.6,553.6,507.5,730.1,668.3,603.6,1.0,4703,5,4.0,2
1,19.1,53.2,95.1,555.4,494.4,738.8,672.6,612.6,1.0,4703,4,4.0,3
1,18.9,53.4,88.4,557.9,502.8,738.3,665.6,614.4,1.0,4703,3,5.0,3
1,19.0,53.1,24.7,556.5,486.2,720.5428571428571,672.5,609.1,1.0,4703,1,3.0,2
1,19.0,53.0,91.3,554.9,503.6,736.5,669.3,604.7,1.0,4703,2,4.0,2
1,17.3,46.6,75.1,612.1,538.8,777.4,742.6,685.0,0.0,1374,2,4.0,2
3,22.9,51.1,103.2,600.8,460.0,742.6,686.4,605.5,1.0,7241,2,4.0,2
1,18.5,44.3,62.9,572.3,578.1,782.8,757.9,691.2,1.0,4703,1,5.0,2
2,23.1,44.8,89.2,610.3,423.2,732.3,693.5,624.5,1.0,1482,1,3.0,2
1,29.150000000000002,43.2,60.0,567.4,585.3,796.3,471.0,714.1,0.0,4703,3,3.0,2
1,18.0,43.8,59.6,572.3,584.3,799.0,769.4,715.9,0.0,4703,1,5.0,2
3,23.9,46.8,120.7,599.1,466.2,718.7,684.5,593.7,1.0,9127,5,4.0,3
1,29.34,57.8,151.5,535.7,505.2,711.2571428571429,663.1,593.5,2.0,1458,6,5.0,1
1,17.8,46.8,56.8,570.5,603.4,786.8,755.6,704.9,0.0,4703,2,4.0,1
4,20.8,52.9,123.4,572.8,485.9,723.7,685.4,621.9,1.0,4507,2,1.0,1
3,24.5,52.9,122.8,552.0,459.9,699.8,648.7,581.1,2.0,8936,3,3.0,1
2,18.2,49.1,65.8,560.0,486.2,774.3,721.5,680.8,0.0,4703,5,3.0,2
3,23.2,45.8,122.2,586.3,468.8,724.9142857142858,678.4,613.8,1.0,1374,6,4.0,3
2,17.9,46.8,58.9,578.6,564.7,786.3,748.5,692.9,0.0,4703,1,4.0,2
2,19.0,46.2,59.4,574.8,530.0,789.4,743.1,698.9,0.0,4703,3,5.0,2
2,20.5,44.2,68.7,571.1,518.6,773.2,717.6,671.2,0.0,4703,5,4.0,2
2,20.3,45.4,68.2,569.1,521.0,766.5,729.9,689.8,0.0,4703,1,4.0,1
1,17.8,51.1,117.5,588.7,425.2,738.0,687.2,589.2,1.0,3418,6,2.0,3
2,20.3,46.6,66.1,566.9,515.0,763.9,714.2,667.7,0.0,4703,5,4.0,1
2,20.7,46.2,210.5,572.1,501.8,765.8,716.7,665.2,0.0,4703,6,5.0,2
2,21.2,45.7,64.6,562.7,509.5,764.4,717.7,660.9,0.0,4703,1,5.0,1
1,29.130000000000003,47.4,196.2,623.7,572.2,784.4,754.5,702.8,0.0,5693,1,5.0,1
2,21.8,45.8,67.1,560.4,532.1,760.3142857142857,715.8,665.3,0.0,4703,4,4.0,1
4,21.2,47.5,112.7,604.4,454.3,736.5,688.9,627.1,2.0,2105,3,4.0,1
2,28.04,46.8,68.9,566.1,502.6,762.1,719.5,655.9,0.0,4703,6,4.0,2
2,21.9,46.9,77.7,564.4,520.1,760.4,708.8,661.7,0.0,4703,4,3.0,2
2,22.0,47.2,78.7,565.7,520.5,761.7,713.6,661.2,0.0,4703,3,3.0,2
1,17.2,45.4,59.0,627.0,618.3,803.2,772.0,725.8,0.0,5693,2,1.0,1
4,18.5,52.2,123.3,589.4,483.0,736.2571428571428,674.8,622.2,1.0,1374,5,5.0,1
2,29.6,46.0,85.4,565.4,480.9,747.6000000000001,699.7,651.1,1.0,4703,5,3.0,2
2,22.8,46.4,84.7,560.3,486.3,758.2,697.2,654.7,1.0,4703,5,5.0,2
2,24.0,45.4,100.1,605.0,455.6,747.2,692.6,627.1,1.0,9127,6,4.0,2
2,22.6,49.3,110.5,553.4,462.4,746.2,680.0,630.2,1.0,4703,6,5.0,1
1,20.0,48.8,76.4,619.1,527.5,759.7,723.8,676.7,0.0,1482,3,4.0,1
2,23.2,48.0,114.8,549.1,417.0,735.2,677.6,607.2,1.0,4703,1,1.0,1
2,23.5,48.4,104.8,559.5,377.5,721.3,670.5,601.7,1.0,4703,6,5.0,1
2,23.8,48.4,107.6,554.3,386.7,724.1,664.1,610.4,1.0,4703,5,5.0,1
3,21.6,51.7,111.8,599.7,461.2,724.6,683.1,573.8,1.0,5693,3,5.0,1
2,23.4,49.6,109.5,559.3,409.6,728.7,678.5,609.2,1.0,4703,1,4.0,1
2,23.2,49.7,102.7,555.1,410.6,736.7,679.1,611.2,1.0,4703,1,5.0,1
4,20.8,55.2,112.3,601.7,422.1,698.3,626.3,541.4,2.0,3856,3,4.0,1
2,23.5,50.6,2.8,550.9,405.5,726.9,673.9,602.9,1.0,4703,5,4.0,1
4,18.1,52.2,3.1,587.7,494.6,744.6714285714286,704.5,637.2,1.0,5820,3,5.0,3
2,24.0,49.2,117.0,547.1,402.7,727.5,686.6,605.1,1.0,4703,5,1.0,1
2,24.2,48.3,115.7,543.1,407.4,730.8,669.9,608.8,1.0,4703,5,4.0,2
2,24.4,47.7,112.2,549.8,402.5,731.5,672.2,619.5,1.0,4703,3,4.0,1
3,23.0,46.1,143.4,580.4,443.1,707.6,655.6,571.9,1.0,7963,2,4.0,1
1,19.0,53.4,99.0,551.4,500.4,713.8571428571429,655.2,598.3,2.0,4703,4,5.0,2
2,29.4,53.0,103.2,602.6,485.4,741.7571428571428,696.4,630.2,1.0,9658,1,5.0,2
3,23.7,46.5,99.2,604.3,456.5,726.2,685.3,601.9,1.0,9127,6,4.0,2
2,23.8,48.9,110.3,548.8,410.2,717.7571428571429,795.5,621.9,1.0,4703,2,4.0,1
2,23.6,49.3,113.4,553.2,417.2,730.6,681.9,620.8,1.0,4703,3,3.0,1
2,23.4,49.7,111.1,547.2,431.6,728.5,682.2,613.9,1.0,4703,2,2.0,1
2,24.4,47.7,111.6,546.7,438.8,729.8142857142857,685.3,617.3,1.0,4703,5,1.0,1
2,24.6,47.3,115.2,554.4,432.9,732.6,685.5,617.5,1.0,4703,3,5.0,1
1,17.4,53.8,120.5,589.0,489.3,734.4,672.8,615.0,1.0,7963,2,5.0,2
2,24.2,48.2,117.1,550.8,435.8,728.3,683.3,622.0,1.0,4703,1,5.0,1
2,23.7,49.5,119.4,550.4,435.2,726.2,671.9,614.3,1.0,4703,6,2.0,1
2,23.3,50.6,110.0,552.1,432.8,725.6,679.3,612.6,1.0,4703,2,4.0,3
3,24.0,48.9,114.5,547.5,437.0,727.5,685.5,628.1,1.0,4703,5,4.0,1
3,24.4,47.9,107.4,548.2,448.7,733.7,695.4,631.2,1.0,4703,6,1.0,1
3,24.9,46.9,112.1,552.5,429.0,732.5,680.2,625.6,1.0,4703,3,5.0,1
3,29.810000000000002,47.0,107.7,546.7,441.1,738.9,687.2,604.2,1.0,4703,2,5.0,1
3,31.7,48.8,103.3,551.1,443.8,732.2,688.5,617.8,1.0,4703,6,4.0,2
1,20.3,58.6,127.8,550.2,473.3,725.2,679.0,611.1,1.0,8936,2,3.0,1
3,30.6,50.8,112.3,551.3,440.4,741.6,687.2,607.7,1.0,4703,5,4.0,1
3,23.9,51.4,124.9,554.4,411.9,687.6571428571427,625.6,552.0,2.0,4761,5,3.0,1
3,23.2,43.9,116.4,591.2,436.3,734.1,704.9,643.5,1.0,5820,5,5.0,1
3,25.1,48.0,118.5,551.3,438.3,728.6,678.7,592.6,1.0,4703,4,3.0,1
3,7.0,50.2,2.5,545.5,434.3,727.6,686.4,602.7,1.0,4703,3,4.0,1
2,24.9,43.9,93.7,605.3,437.9,734.1999999999999,691.8,613.8,1.0,9127,1,4.0,3
1,17.7,53.3,119.9,589.8,485.8,753.2,697.4,629.8,1.0,1374,6,4.0,2
2,20.4,55.6,134.6,552.2,449.9,715.1,504.7,596.2,2.0,9385,2,5.0,1
3,24.1,49.7,111.1,547.0,448.3,734.4,684.1,619.7,1.0,9241,1,4.0,1
3,24.5,48.6,112.3,552.9,424.8,728.5714285714287,677.4,626.0,1.0,9241,4,5.0,1
3,23.8,50.2,115.9,543.6,453.0,734.0,675.1,611.3,1.0,9241,6,4.0,1
3,23.9,50.0,115.1,543.8,438.2,729.4,493.8,620.1,1.0,9241,6,2.0,1
2,18.9,52.0,115.7,591.1,469.4,752.7,699.4,628.8,1.0,4129,2,2.0,1
2,24.7,47.1,107.9,542.0,370.7,710.5,643.0,577.5,2.0,4703,2,3.0,1
3,23.8,50.2,111.9,544.9,461.0,734.1,685.4,618.4,1.0,9241,2,1.0,1
3,24.0,49.8,106.5,549.9,464.1,735.0,678.3,613.8,1.0,9241,6,3.0,2
4,19.4,51.4,127.7,583.4,476.7,714.6,653.8,589.1,1.0,1374,3,5.0,1
3,23.3,50.6,107.3,556.4,446.3,724.7,687.8,611.9,1.0,9241,2,3.0,1
3,23.9,49.3,109.3,546.5,456.0,727.5,679.7,629.3,1.0,9241,4,4.0,1
3,23.6,50.4,111.6,540.1,428.3,715.2142857142857,653.8,584.7,2.0,4703,6,4.0,1
3,24.1,49.0,107.5,549.5,468.7,734.8,682.3,610.6,1.0,9241,5,4.0,1
2,23.4,49.6,109.5,559.3,409.6,728.7,858.6,609.2,1.0,4703,1,4.0,1
3,23.8,49.5,110.0,551.9,452.0,740.8,681.4,622.0,1.0,9241,4,5.0,1
2,19.8,46.2,96.3,593.6,414.3,743.5,703.0,637.6,1.0,5820,3,4.0,3
2,23.1,52.6,113.2,546.9,477.9,714.1,661.9,595.4,1.0,1458,3,3.0,1
3,23.9,49.8,110.7,547.5,460.4,728.8,683.2,628.9,1.0,9241,4,3.0,1
4,10.1,56.4,106.1,592.8,444.3,727.9,665.1,605.6,3.0,7241,2,4.0,1
3,24.1,49.2,102.2,547.8,458.7,735.5,681.9,624.0,1.0,9241,1,4.0,1
1,17.5,50.3,117.7,577.0,494.9,737.0,707.0,638.3,1.0,2679,5,4.0,3
3,24.8,47.8,116.2,581.7,452.8,723.4,666.9,600.3,1.0,4507,2,4.0,1
3,23.2,50.9,107.2,549.8,460.3,730.4,681.5,629.0,1.0,9241,6,5.0,1
1,19.1,54.7,119.0,577.0,495.1,735.4,701.6,626.8,1.0,1826,5,5.0,3
1,20.1,58.0,132.7,547.3,485.7,694.5857142857143,634.8,558.0,2.0,8936,6,5.0,1
3,23.5,45.4,105.2,602.2,356.2,720.3,660.5,561.0,4.0,8374,5,5.0,1
4,29.55,55.2,133.5,553.6,414.2,698.4,642.7,558.8,2.0,4761,5,4.0,1
3,23.3,50.5,106.5,545.4,465.1,735.9,688.0,607.4,1.0,9241,3,3.0,1
3,23.1,50.6,108.2,550.1,460.4,731.1,680.5,621.2,1.0,9241,2,5.0,1
3,23.0,50.7,103.4,548.4,468.6,738.3571428571429,692.2,633.4,1.0,9241,1,4.0,1
3,23.0,50.9,100.9,552.7,462.5,731.8,682.7,621.6,1.0,9241,6,5.0,1
3,6.9,50.4,104.8,550.7,450.8,728.5,683.6,619.4,1.0,9241,5,5.0,1
3,23.4,49.7,105.5,551.1,428.3,731.6,682.6,623.4,1.0,9241,4,4.0,1
3,23.1,50.0,102.0,555.5,438.3,728.8,682.1,625.2,1.0,9241,1,5.0,1
3,9.1,45.4,96.3,595.7,524.5,740.4,697.8,631.0,1.0,8052,5,4.0,1
4,18.3,53.9,41.9,592.3,497.3,730.8,693.6,626.7,1.0,9658,5,5.0,3
3,23.1,49.8,109.1,558.0,457.0,739.2,686.2,629.5,1.0,9241,1,5.0,2
3,22.8,50.0,213.7,548.3,458.3,729.9,682.9,633.7,1.0,9241,2,3.0,1
3,22.6,50.3,98.8,560.3,433.6,729.9,689.3,631.1,1.0,9241,6,4.0,2
4,22.5,50.6,99.0,550.4,429.1,741.4,686.3,614.6,1.0,9241,1,4.0,1
4,22.3,50.8,101.2,549.6,445.3,732.2,696.0,630.0,1.0,9241,4,5.0,2
2,19.2,53.8,108.3,581.4,431.5,731.0,682.7,615.8,1.0,3074,3,5.0,1
4,20.6,52.9,20.0,607.0,442.5,722.7,678.9,604.2,1.0,9127,1,5.0,1
1,19.7,47.0,84.6,614.4,549.6,764.0,725.2,661.2,0.0,3856,6,5.0,1
4,21.9,51.0,112.4,552.4,473.1,739.4,831.6,627.4,1.0,9241,6,2.0,1
3,23.1,45.9,156.8,573.5,420.8,707.1,676.7,598.5,2.0,7963,4,5.0,1
4,22.0,50.9,107.7,555.6,463.9,743.2,696.7,634.4,1.0,9241,4,2.0,3
1,17.6,51.8,125.0,585.4,488.4,745.3,704.1,655.0,1.0,9184,2,4.0,2
3,24.5,46.0,126.2,589.4,450.2,716.3,680.3,597.5,2.0,1482,6,1.0,1
4,21.8,51.1,107.7,551.8,477.8,742.3,701.8,629.9,1.0,9241,3,4.0,1
4,21.7,51.2,107.7,555.1,463.9,741.8,692.9,657.2,1.0,9241,5,3.0,2
4,21.8,51.1,107.4,553.6,466.8,745.5,696.1,635.7,1.0,9241,6,3.0,1
1,19.2,57.4,136.2,564.1,412.8,692.4142857142857,641.0,563.9,2.0,6528,3,1.0,1
2,18.0,47.4,197.6,616.3,504.8,752.4,704.5,631.8,1.0,5693,6,5.0,1
4,21.2,53.2,123.7,572.2,471.0,712.2,672.3,596.3,1.0,4507,4,4.0,3
4,21.4,51.7,107.8,554.3,477.7,744.4,704.1,643.3,1.0,9241,3,5.0,1
4,20.4,48.2,119.7,590.0,370.5,705.5,620.2,535.0,2.0,3418,6,5.0,1
4,21.2,51.7,106.1,558.8,473.0,741.7,704.3,632.1,1.0,9241,6,4.0,1
4,21.0,51.8,104.9,552.2,490.0,752.0,694.3,639.0,1.0,9241,6,3.0,3
4,29.410000000000004,51.8,105.6,557.0,470.4,740.8,694.4,636.5,1.0,9241,2,5.0,2
3,23.5,51.6,165.5,547.2,438.6,705.4,665.5,592.8,1.0,9385,3,4.0,1
4,29.260000000000005,50.4,109.8,597.3,479.7,749.5,709.8,631.2,1.0,8374,4,2.0,2
3,21.2,44.4,112.6,590.5,442.1,714.8,675.1,585.4,2.0,8052,5,4.0,2
4,20.9,52.0,104.4,549.0,487.0,740.8,696.5,637.7,1.0,9241,3,3.0,2
4,21.0,51.8,105.5,557.4,469.8,744.5,698.3,633.0,1.0,9241,4,5.0,2
4,20.9,51.8,105.0,548.4,481.3,741.4,699.0,631.7,1.0,9241,4,3.0,1
4,20.7,52.2,101.2,550.1,484.5,735.4,689.7,625.7,1.0,9241,2,4.0,1
4,29.380000000000003,52.3,104.7,555.1,485.0,735.4,688.8,645.3,1.0,9241,5,4.0,1
4,20.6,52.0,98.1,562.1,472.6,741.9142857142858,699.1,641.1,1.0,9241,3,4.0,3
2,19.4,53.1,91.6,584.2,468.1,720.1,677.0,616.7,1.0,6528,6,3.0,1
4,20.0,50.9,113.2,596.1,431.7,739.6142857142859,693.4,618.7,2.0,9658,4,4.0,2
4,20.7,51.8,97.7,551.4,482.0,746.7,697.2,639.5,1.0,9241,3,3.0,3
1,29.210000000000004,48.4,84.7,576.6,577.2,773.8,732.2,696.5,1.0,1903,2,4.0,2
4,20.6,51.9,4.3,550.7,476.0,737.8,702.6,627.7,1.0,9241,1,4.0,1
4,20.5,51.9,98.4,555.3,469.1,750.2,703.4,643.9,1.0,9241,1,4.0,1
4,20.5,51.8,97.9,556.6,485.7,746.5142857142856,709.0,647.5,1.0,9241,2,4.0,2
1,16.6,50.0,112.7,584.9,508.1,747.5285714285716,717.4,646.3,1.0,8052,1,4.0,2
4,20.4,51.8,106.5,552.0,491.7,742.3,699.2,644.9,1.0,9241,4,4.0,2
1,19.0,55.5,108.2,570.7,451.6,719.2,684.1,613.6,2.0,3074,3,3.0,2
4,27.7,51.9,97.8,555.2,483.0,739.5,697.3,626.8,1.0,9241,3,4.0,3
4,20.7,52.4,124.4,579.2,415.9,724.1,672.4,602.1,1.0,7395,4,5.0,3
4,20.2,51.9,99.5,552.6,489.9,747.1,693.9,614.3,1.0,9241,3,3.0,3
4,20.2,51.7,105.4,557.0,495.1,735.4,806.2,632.7,1.0,9241,5,4.0,3
4,20.0,52.2,101.8,559.4,493.0,740.3,695.8,626.0,1.0,9241,3,2.0,2
1,29.14,52.4,65.2,578.3,597.8,778.7,730.5,684.6,0.0,3592,3,1.0,1
1,18.8,51.2,87.7,589.1,530.7,765.6,722.5,658.3,1.0,3074,6,4.0,2
3,22.6,46.1,21.4,583.8,463.9,735.6,681.8,628.6,1.0,1374,3,4.0,2
4,20.0,51.9,104.2,544.5,504.7,742.8,702.1,636.7,1.0,9241,3,5.0,2
2,22.2,48.3,88.5,606.8,496.0,742.5,705.7,623.7,1.0,3856,3,4.0,3
1,12.7,50.1,62.8,615.0,586.4,781.0,751.9,693.9,1.0,4129,2,3.0,2
4,19.9,51.9,100.8,552.7,499.7,747.1,706.6,633.2,1.0,9241,3,3.0,3
1,19.6,59.2,136.5,548.0,478.9,694.9285714285714,624.6,570.6,1.0,8936,6,2.0,1
4,19.7,52.2,99.0,552.0,492.3,752.4,699.1,634.3,1.0,9241,5,5.0,1
1,20.1,57.5,135.3,547.3,473.6,714.8,674.4,598.5,1.0,3592,2,5.0,1
1,19.6,52.4,108.0,547.6,494.2,753.5,715.0,649.7,1.0,9241,2,4.0,2
1,19.5,52.6,104.6,544.9,496.9,751.8,706.0,630.0,1.0,9241,2,3.0,3
1,19.6,52.4,103.8,554.0,502.4,751.1,702.8,649.9,1.0,9241,2,4.0,2
4,18.2,54.1,130.4,586.6,481.7,731.0857142857142,690.3,602.3,1.0,7963,3,1.0,1
2,18.4,52.4,108.0,602.4,459.3,740.6,685.2,622.7,1.0,9658,4,2.0,2
1,19.5,52.3,106.5,551.9,500.6,751.7,833.0,662.1,1.0,9241,5,5.0,1
4,17.3,49.0,116.7,582.3,494.6,750.9,699.5,631.2,2.0,8052,3,4.0,1
1,19.3,52.9,104.0,553.5,497.4,751.1,710.3,650.2,1.0,9241,1,5.0,2
1,19.2,53.1,107.3,551.7,495.3,751.3,698.6,652.9,1.0,9241,2,5.0,2
1,19.3,55.3,109.2,564.3,483.9,716.7,668.0,598.6,2.0,2847,4,4.0,1
4,19.6,54.5,104.6,597.6,460.7,736.9,689.5,620.5,1.0,9127,4,5.0,2
1,20.1,53.6,94.7,553.2,505.5,710.5,641.1,591.6,2.0,1458,2,4.0,1
1,19.2,53.0,108.5,555.7,493.7,754.3,702.2,641.0,1.0,9241,4,4.0,2
1,19.2,52.8,108.4,558.3,496.1,759.8,694.8,632.8,1.0,9241,5,4.0,3
1,19.2,53.0,102.7,553.7,506.1,753.9,700.1,657.6,1.0,9241,5,5.0,2
3,10.2,47.1,113.7,586.6,425.9,743.9,699.1,636.9,1.0,5820,5,1.0,2
1,19.1,53.2,99.8,552.9,500.0,747.3,708.3,644.9,1.0,9241,4,5.0,3
1,19.0,53.4,235.2,557.5,505.6,745.0,703.8,637.9,1.0,9241,2,5.0,3
3,25.9,46.5,15.4,569.2,458.0,719.1,672.1,607.3,2.0,1826,2,3.0,1
1,29.210000000000004,53.4,104.0,560.0,502.8,751.1,702.8,647.4,1.0,9241,3,4.0,3
1,19.0,53.3,105.7,553.3,494.9,754.0,699.1,644.7,1.0,9241,6,5.0,3
1,18.9,53.4,108.0,550.1,493.2,750.7142857142857,704.4,648.0,1.0,9241,3,4.0,3
4,20.7,52.4,124.4,579.2,415.9,720.6714285714286,672.4,602.1,1.0,7395,4,5.0,3
4,21.0,57.7,127.9,545.9,465.6,711.9,681.6,601.7,1.0,8936,2,5.0,1
1,29.14,45.3,78.6,560.8,557.1,778.6,725.3,688.7,1.0,9241,1,5.0,2
1,18.2,45.8,76.1,565.5,546.1,777.8,884.3,682.5,1.0,9241,1,4.0,2
2,18.3,49.1,68.5,622.7,573.5,777.3,737.6,679.4,0.0,1482,2,4.0,1
2,19.8,55.0,107.4,568.7,361.6,716.1,666.9,599.5,1.0,9385,3,5.0,1
1,18.4,48.2,80.6,563.1,541.0,754.5,717.2,647.4,1.0,9241,6,4.0,3
4,18.9,48.8,119.1,588.9,462.5,726.1,679.0,610.4,1.0,2679,5,4.0,1
4,19.1,53.3,205.8,577.2,445.8,731.9,687.2,610.4,1.0,6847,6,4.0,2
1,18.4,49.7,81.8,568.9,530.7,750.6,698.6,631.5,2.0,9241,4,5.0,2
1,18.3,50.0,81.4,563.5,529.7,751.9,696.4,649.5,2.0,9241,6,2.0,3
4,20.8,55.2,112.3,601.7,422.1,698.3,626.3,541.4,2.0,3856,3,4.0,1
3,20.0,51.0,118.1,586.1,447.0,703.9714285714284,632.4,554.4,2.0,1374,1,4.0,2
4,20.0,52.0,138.8,584.2,453.4,713.2,684.8,600.4,1.0,7963,3,5.0,2
1,19.5,49.0,91.2,559.5,486.7,744.4,683.4,627.5,2.0,9241,5,5.0,1
3,20.4,51.4,117.2,591.9,430.2,699.6,660.7,576.1,2.0,4129,1,5.0,1
1,19.5,49.3,188.3,552.3,505.1,754.4,696.7,629.5,2.0,9241,2,5.0,2
1,19.2,50.0,91.9,554.9,508.2,744.2571428571429,692.0,625.5,2.0,9241,2,4.0,3
1,19.0,49.4,87.6,555.1,517.1,748.9,714.3,638.2,2.0,9241,6,1.0,2
2,21.2,50.6,93.1,613.1,469.7,742.0,695.1,620.5,1.0,7241,3,4.0,1
4,21.8,54.9,131.2,557.6,428.6,689.8,637.4,565.9,2.0,1903,3,5.0,1
1,19.0,50.3,98.2,555.3,503.1,736.5,692.1,615.6,2.0,9241,2,2.0,1
1,18.0,48.5,83.9,555.8,548.4,756.0,727.8,658.0,1.0,9241,6,4.0,2
1,17.6,45.0,59.3,569.1,560.1,787.9,748.3,697.8,1.0,9241,3,5.0,1
1,17.5,45.0,60.8,569.6,590.7,795.2428571428571,758.9,715.8,1.0,9241,1,4.0,1
1,17.4,44.9,64.5,573.1,580.1,795.6,758.1,706.7,1.0,9241,1,3.0,3
4,19.7,54.3,104.4,600.4,479.6,735.4,691.3,624.6,1.0,9127,4,2.0,3
1,18.3,49.0,71.7,627.1,571.5,790.3,755.6,703.9,1.0,3856,5,5.0,1
4,20.7,54.5,121.2,558.8,455.2,704.9,665.9,591.7,2.0,9385,2,3.0,1
1,17.0,45.9,62.9,571.2,589.6,791.3,752.0,702.6,0.0,9241,2,5.0,2
2,24.4,47.7,112.2,549.8,402.5,731.5,672.2,619.5,1.0,4703,3,4.0,1
3,24.6,45.9,102.1,596.5,468.2,715.1,681.9,587.9,1.0,9127,2,5.0,3
2,17.3,46.6,61.7,574.6,585.5,786.0571428571428,752.4,710.3,0.0,9241,4,4.0,1
1,29.1,44.5,67.0,626.4,575.5,781.9857142857143,747.6,694.6,0.0,8374,2,5.0,2
2,17.4,45.8,56.8,575.6,572.4,793.1,762.7,715.6,0.0,9241,3,4.0,2
2,17.3,45.8,60.7,568.4,588.3,802.2,763.7,724.7,0.0,9241,5,5.0,1
2,17.2,45.9,63.6,566.2,602.1,789.1,766.1,722.9,0.0,9241,1,3.0,2
4,20.9,57.5,134.5,560.6,437.4,699.7,652.0,598.8,1.0,4761,4,4.0,1
2,17.1,45.9,61.4,574.0,588.6,793.0,761.1,722.7,0.0,9241,3,2.0,2
2,17.0,46.0,60.8,574.5,607.3,796.4,758.8,713.1,0.0,9241,4,4.0,2
4,20.2,56.0,29.0,559.4,425.6,711.4,663.3,591.6,2.0,8649,6,5.0,1
2,17.1,45.6,57.8,573.3,603.4,792.1,811.1,720.2,0.0,9241,6,5.0,1
2,19.4,51.9,195.7,583.3,420.1,716.3,666.6,594.3,2.0,7395,2,5.0,1
2,29.010000000000005,45.6,58.0,574.2,586.1,801.7,764.6,718.6,0.0,9241,5,4.0,2
4,18.1,51.8,128.8,588.8,489.1,748.3,703.6,649.2,0.0,5820,1,3.0,1
2,17.1,44.9,212.3,571.9,601.7,795.2,761.6,706.6,0.0,9241,6,5.0,1
4,20.2,56.0,143.8,559.0,405.5,709.9,665.2,582.7,2.0,8649,5,5.0,1
3,22.8,44.9,87.5,560.0,526.2,756.1,716.2,658.1,1.0,2586,1,2.0,2
2,16.8,43.5,55.7,571.1,607.3,797.8857142857142,777.9,731.5,0.0,9241,1,5.0,2
4,20.5,58.6,123.8,549.1,491.8,718.6,667.9,607.8,1.0,8936,3,4.0,1
1,19.3,56.9,142.5,560.4,422.6,721.8,681.5,612.6,2.0,8649,4,1.0,1
2,16.9,43.3,54.2,576.1,610.0,800.6,768.8,722.5,0.0,9241,6,5.0,1
2,16.9,43.2,54.4,570.0,609.0,802.5,767.6,726.1,0.0,9241,2,5.0,2
3,22.0,49.4,113.4,591.1,477.9,719.3,656.2,581.4,1.0,4129,2,4.0,1
2,16.6,43.8,60.3,580.2,609.8,794.4,765.2,715.3,0.0,9241,2,4.0,1
2,16.6,44.1,57.5,573.6,616.0,798.5,769.3,714.2,0.0,9241,2,3.0,2
2,21.8,49.9,106.2,576.3,466.6,731.7,478.6,606.5,2.0,7395,5,4.0,2
3,24.4,43.8,9.6,593.2,442.0,735.9,683.6,603.7,3.0,8374,2,5.0,1
4,20.6,54.0,128.4,544.0,441.4,679.9,607.9,529.8,3.0,7058,2,4.0,1
2,17.7,44.0,69.5,567.6,604.3,794.0,750.3,706.9,0.0,9241,3,3.0,2
3,22.4,51.1,127.6,553.7,448.9,708.9,645.0,563.4,2.0,7058,4,5.0,1
2,29.160000000000004,44.2,66.7,567.0,562.8,783.8,736.7,687.7,0.0,2586,3,2.0,2
2,10.0,44.7,64.9,572.2,547.0,781.9,563.4,698.5,0.0,2586,3,5.0,2
2,18.9,44.4,70.3,575.0,569.6,789.3,743.1,705.4,0.0,2586,1,5.0,1
2,20.5,43.8,85.6,571.0,448.0,748.0,697.4,653.5,1.0,2586,6,4.0,1
2,20.4,43.8,83.0,568.4,476.8,754.9,706.3,647.7,1.0,2586,6,2.0,2
2,18.0,49.1,67.6,567.5,493.7,765.0714285714286,719.8,675.8,0.0,4703,5,3.0,1
2,29.380000000000003,44.6,74.6,565.9,518.0,762.7,716.0,668.9,1.0,2586,4,3.0,2
2,29.39,44.6,75.6,567.0,511.0,753.7,718.5,664.6,1.0,2586,2,5.0,2
1,20.1,50.2,107.5,575.0,465.1,732.0,702.2,613.6,1.0,1826,6,1.0,3
2,21.3,44.0,71.7,568.6,516.7,757.7,732.8,680.6,1.0,2586,1,2.0,1
2,22.6,50.5,107.9,568.0,502.1,705.2,645.9,579.9,2.0,4761,2,4.0,1
2,21.8,43.6,77.4,569.7,529.9,763.3,713.3,665.8,1.0,2586,1,2.0,2
2,21.8,43.8,79.8,563.2,525.1,756.0,715.5,663.5,1.0,2586,1,2.0,2
2,13.5,42.1,82.5,611.5,517.3,761.2,717.1,650.1,1.0,5693,5,4.0,1
2,21.7,44.7,81.4,562.0,527.3,752.3,718.4,659.2,1.0,2586,3,1.0,1
2,29.53,44.0,80.9,569.3,537.6,756.7,703.0,661.2,1.0,2586,1,5.0,2
2,21.8,44.9,77.1,564.3,525.2,758.4,708.8,650.5,1.0,2586,2,4.0,2
2,29.480000000000004,45.6,85.8,562.5,518.6,766.3,706.1,660.7,1.0,2586,6,5.0,2
2,22.4,44.4,82.0,564.4,519.1,757.6,709.2,658.0,1.0,2586,5,4.0,1
2,22.6,44.2,88.2,559.3,533.7,753.3,714.1,663.8,1.0,2586,1,4.0,3
3,23.7,50.5,123.0,548.3,457.2,718.5,663.6,596.3,1.0,9385,1,5.0,1
3,22.2,45.4,83.0,552.5,513.5,751.8,707.3,652.4,1.0,2586,6,1.0,2
3,21.8,46.2,87.8,556.7,529.2,753.7,705.6,657.1,1.0,2586,3,4.0,2
3,22.8,46.8,119.4,586.6,422.8,725.1857142857142,673.2,625.4,2.0,9658,4,5.0,3
3,28.0,45.6,80.3,562.6,531.0,750.6,717.7,653.8,1.0,2586,6,4.0,1
4,29.200000000000003,52.1,118.5,587.9,464.2,748.9,713.0,642.8,1.0,9658,5,5.0,2
3,29.560000000000002,45.8,85.7,559.4,511.6,750.0,704.3,647.8,1.0,2586,2,3.0,2
3,29.57,45.9,91.8,553.0,515.9,751.4,713.1,653.5,1.0,2586,4,1.0,3
3,23.5,44.1,200.5,562.5,527.4,747.1,709.2,647.7,1.0,2586,2,3.0,1
3,23.5,44.2,93.3,559.7,519.6,746.4,691.3,646.1,1.0,2586,2,2.0,1
3,22.6,46.1,90.8,558.5,523.6,740.0,687.8,628.8,0.0,2586,2,3.0,1
4,19.5,52.4,138.0,581.3,463.2,735.5,686.5,611.4,1.0,7963,2,5.0,2
4,29.62,49.4,119.9,571.9,413.8,712.0,673.0,589.5,2.0,1826,6,4.0,1
3,22.0,47.5,235.0,557.8,497.4,749.8,686.7,622.8,1.0,2586,5,5.0,2
3,22.3,47.5,97.1,552.8,496.5,746.4,684.1,630.4,1.0,2586,5,5.0,1
3,22.9,46.6,119.3,550.5,495.3,726.9142857142858,685.7,619.3,1.0,2586,3,4.0,3
3,20.2,45.6,97.2,598.4,516.6,741.1,701.8,635.2,1.0,8052,4,4.0,3
3,29.72,47.0,131.9,541.8,517.7,738.9,689.4,625.1,2.0,2586,6,1.0,1
3,23.7,49.2,136.4,542.1,512.6,732.5,683.2,622.0,2.0,2586,2,5.0,1
2,19.3,53.2,85.3,561.6,546.1,746.2,708.7,643.0,0.0,3592,3,4.0,2
